doctor_id,doctor_name,bmdc,source,source_ref,claim_order,is_primary,claim_text,claim_text_bn,fragments,tag_slugs,removed_tag_slugs,flags,auto_status,decision_reason
0014c27b-d33e-430a-9da5-faea7427a5be,Md. Abdur Rouf,,brochure,images/new2_converted/Medinova medical cards/IMG_6012.jpg,0,True,Pulmonology,,Pulmonology,chest-specialist,"cardiologist, laparoscopic-surgeon",TAG_NOT_IN_TEXT,approved,Fragments resolved exactly
0014c27b-d33e-430a-9da5-faea7427a5be,Md. Abdur Rouf,,brochure,images/new2_converted/Medinova medical cards/IMG_6012.jpg,1,False,Medicine,,Medicine,medicine-specialist,,,approved,Fragments resolved exactly
001afdeb-49d9-46af-8adf-8e93009d2e34,Muhammad Nazrul Islam,,legacy,legacy_db,0,True,"General Medicine, Cardiology",,General Medicine; Cardiology,"cardiologist, medicine-specialist",,,approved,Fragments resolved exactly
006e9208-3577-420c-b901-2a30f77b748f,Md. Ruhul Mokadir (Ronju),,legacy,legacy_db,0,True,"Neurosurgery, Spine Surgery, Neurology",,Neurosurgery; Spine Surgery; Neurology,"neurologist, neurosurgeon, spine-surgeon",,,approved,Fragments resolved exactly
00a4dfa0-b4ca-4963-8b0b-dddb2b8d8a06,Ujjal Ghosh,,brochure,images/new2_converted/pdf_pages/Ibn Sina Dhanmondi/page_02.pdf,0,True,Medicine,,Medicine,medicine-specialist,,,approved,Fragments resolved exactly
00a4dfa0-b4ca-4963-8b0b-dddb2b8d8a06,Ujjal Ghosh,,brochure,images/new2_converted/pdf_pages/Ibn Sina Dhanmondi/page_02.pdf,1,False,Diabetology,,Diabetology,diabetologist,,,approved,Fragments resolved exactly
00a4dfa0-b4ca-4963-8b0b-dddb2b8d8a06,Ujjal Ghosh,,brochure,images/new2_converted/pdf_pages/Ibn Sina Dhanmondi/page_02.pdf,2,False,Rheumatology,,Rheumatology,rheumatologist,,,approved,Fragments resolved exactly
01f55d6e-3f79-4ebf-a414-10f017193226,Sadiya Mahfuza Khanam,,brochure,images/new2_converted/pdf_pages/radical hospitals/page_02.pdf,0,True,Obstetrics & Gynaecology,,Obstetrics; Gynaecology,gynecologist-obstetrician,medicine-specialist,TAG_NOT_IN_TEXT,approved,Fragments resolved exactly
01f55d6e-3f79-4ebf-a414-10f017193226,Sadiya Mahfuza Khanam,,brochure,images/new2_converted/pdf_pages/radical hospitals/page_02.pdf,1,False,Laparoscopic Surgery,,Laparoscopic Surgery,laparoscopic-surgeon,,CREDENTIAL_MISMATCH,flagged,Qualification lacks required specialist credentials
024adde2-593f-4447-ae77-8f7832bd4328,Salah Uddin Ahmed,,legacy,legacy_db,0,True,Neurosurgery,,Neurosurgery,neurosurgeon,,CREDENTIAL_MISMATCH,flagged,Qualification lacks required specialist credentials
026d95ba-1d6b-4472-a119-7902292487eb,Md. Dayem Uddin,,brochure,images/new2_converted/pdf_pages/popular dhanmondi 2/page_05.pdf,0,True,Oncology,,Oncology,cancer-specialist,,,approved,Fragments resolved exactly
026d95ba-1d6b-4472-a119-7902292487eb,Md. Dayem Uddin,,brochure,images/new2_converted/pdf_pages/popular dhanmondi 2/page_05.pdf,1,False,Radiotherapy,,Radiotherapy,cancer-specialist,,,approved,Fragments resolved exactly
0305c3e3-1df1-4bae-bd49-214f440a0111,Tarek Mahmood,,brochure,images/new2_converted/pdf_pages/popular dhanmondi 2/page_04.pdf,0,True,Medicine,,Medicine,medicine-specialist,,,approved,Fragments resolved exactly
0305c3e3-1df1-4bae-bd49-214f440a0111,Tarek Mahmood,,brochure,images/new2_converted/pdf_pages/popular dhanmondi 2/page_04.pdf,1,False,Rheumatology,,Rheumatology,rheumatologist,,,approved,Fragments resolved exactly
03091104-02ec-4b8a-89fb-b9b60fef6c51,Md. Ahsan Ullah,,brochure,images/new2_converted/pdf_pages/popular dhanmondi 2/page_04.pdf,0,True,Physical Medicine,,Physical Medicine,physical-medicine-specialist,rheumatologist,TAG_NOT_IN_TEXT,approved,Fragments resolved exactly
03091104-02ec-4b8a-89fb-b9b60fef6c51,Md. Ahsan Ullah,,brochure,images/new2_converted/pdf_pages/popular dhanmondi 2/page_04.pdf,1,False,Rehabilitation,,Rehabilitation,physical-medicine-specialist,,,approved,Fragments resolved exactly
032b850a-5d1b-466d-b7d2-6a6d26c02981,Syeda Farhana Nazneen,,legacy,legacy_db,0,True,Gynecology & Obstetrics,,Gynecology; Obstetrics,gynecologist-obstetrician,medicine-specialist,"CREDENTIAL_MISMATCH, TAG_NOT_IN_TEXT",flagged,Qualification lacks required specialist credentials
034d20de-d7f2-4c69-807f-278f862bb7c8,Md. Zillur Rahman Bhuiyan,,legacy,legacy_db,0,True,Oncology,,Oncology,cancer-specialist,,CREDENTIAL_MISMATCH,flagged,Qualification lacks required specialist credentials
037914ce-3715-45ec-ac4e-8a96519bd1ec,S.M. Ahsan Habib,,brochure,images/new2_converted/pdf_pages/Ibn Sina Dhanmondi/page_02.pdf,0,True,Cardiology,,Cardiology,cardiologist,,,approved,Fragments resolved exactly
037914ce-3715-45ec-ac4e-8a96519bd1ec,S.M. Ahsan Habib,,brochure,images/new2_converted/pdf_pages/Ibn Sina Dhanmondi/page_02.pdf,1,False,Interventional Cardiology,,Interventional Cardiology,interventional-cardiologist,,,approved,Fragments resolved exactly
038e6d7c-75b5-4a98-9efc-972ea210e5b5,Golam Mahmud (Suhas),,legacy,legacy_db,0,True,Orthopedics,,Orthopedics,orthopedic-surgeon,,"CREDENTIAL_MISMATCH, DROPPED_KEYWORD",flagged,Qualification lacks required specialist credentials; Claim text keyword missing from tag umbrellas
0423dd23-3e2c-4dc1-98fa-12122a0c7cc9,Mst.. Roksana Begum,০৫৬০৯,legacy,legacy_db,0,True,"Hepatology, General Medicine",,Hepatology; General Medicine,"hepatologist, medicine-specialist",,,approved,Fragments resolved exactly
049fb06a-67cc-4714-b103-802af215c759,Farida Khatun Chhabi,,legacy,legacy_db,0,True,"Physical Medicine & Rehabilitation, Neurology",,Physical Medicine; Rehabilitation; Neurology,"neurologist, physical-medicine-specialist",,,approved,Fragments resolved exactly
04a8d055-c469-4b7a-9a35-3f61454bffeb,Hasan Mehbub,,legacy,legacy_db,0,True,Neurosurgery,,Neurosurgery,neurosurgeon,,CREDENTIAL_MISMATCH,flagged,Qualification lacks required specialist credentials
04b9727a-74c1-4211-b73c-15675d6c8cbf,Zinat Nasreen,,legacy,legacy_db,0,True,Radiology & Imaging,,Radiology; Imaging,radiologist,,,approved,Fragments resolved exactly
04f82d70-9c00-46a4-b750-2d61c97a529d,A N M Ehsanul Karim,,legacy,legacy_db,0,True,"General Medicine, Nephrology",,General Medicine; Nephrology,"medicine-specialist, nephrologist",,,approved,Fragments resolved exactly
0528d5ed-6b27-42cc-af9d-d7fae5bec7a1,Hasan Zahidur Rahman,,brochure,images/new2_converted/pdf_pages/popular dhanmondi 2/page_05.pdf,0,True,Neurology,,Neurology,neurologist,,,approved,Fragments resolved exactly
0534dc03-57bc-4d76-8656-c1bc8601f437,Mahmudun Nabi (Tanmay),,brochure,images/new2_converted/pdf_pages/radical hospitals/page_02.pdf,0,True,Medicine,,Medicine,medicine-specialist,,,approved,Fragments resolved exactly
057253fb-a37a-448b-be22-7cd99a978b60,Nowshin Tabassum,,legacy,legacy_db,0,True,Cardiology,,Cardiology,cardiologist,,CREDENTIAL_MISMATCH,flagged,Qualification lacks required specialist credentials
05ab1723-add0-41e0-8072-e7b1b37d982f,Md. Nazrul Islam,,legacy,legacy_db,0,True,"General Medicine, Nephrology",,General Medicine; Nephrology,"medicine-specialist, nephrologist",,,approved,Fragments resolved exactly
05ff5b71-e153-4529-bd9f-f9a88bf02288,Shireen Ahmed,,brochure,images/new2_converted/pdf_pages/Ibn Sina Dhanmondi/page_07.pdf,0,True,Gastroenterology,,Gastroenterology,gastroenterologist,,,approved,Fragments resolved exactly
05ff5b71-e153-4529-bd9f-f9a88bf02288,Shireen Ahmed,,brochure,images/new2_converted/pdf_pages/Ibn Sina Dhanmondi/page_07.pdf,1,False,Hepatology,,Hepatology,hepatologist,,,approved,Fragments resolved exactly
05ff5b71-e153-4529-bd9f-f9a88bf02288,Shireen Ahmed,,brochure,images/new2_converted/pdf_pages/Ibn Sina Dhanmondi/page_07.pdf,2,False,General Medicine,,General Medicine,medicine-specialist,,,approved,Fragments resolved exactly
066960dd-0b6a-429a-9c64-2b3e999994a8,Ahammad Ali,,brochure,images/new2_converted/Medinova medical cards/IMG_6016.jpg,0,True,Dermatology,,Dermatology,dermatologist,,,approved,Fragments resolved exactly
066960dd-0b6a-429a-9c64-2b3e999994a8,Ahammad Ali,,brochure,images/new2_converted/Medinova medical cards/IMG_6016.jpg,1,False,Venereology,,Venereology,sexologist,,,approved,Fragments resolved exactly
066c7a31-062d-488a-91fc-cbd181745bf3,Menoka Ferdous,,legacy,legacy_db,0,True,"Gynecology & Obstetrics, General Surgery",,Gynecology; Obstetrics; General Surgery,"general-surgeon, gynecologist-obstetrician",medicine-specialist,"CREDENTIAL_MISMATCH, TAG_NOT_IN_TEXT",flagged,Qualification lacks required specialist credentials
068aef4b-9a48-4bf1-b004-1f5b91d7de48,Sayma Ahmed Remi,,legacy,legacy_db,0,True,Dermatology & Venereology,,Dermatology; Venereology,"dermatologist, sexologist",,,approved,Fragments resolved exactly
06c8f0dd-90c6-4422-900e-1d724f0d69dc,Asma-Ul-Hosna Lucky,,legacy,legacy_db,0,True,"Gynecology, Obstetrics, Infertility",,Gynecology; Obstetrics; Infertility,"gynecologist-obstetrician, infertility-specialist",,,approved,Fragments resolved exactly
0777dc0e-8fe8-49e2-aa98-8cf8dd77a66e,Kazi Manzur Kader,,brochure,images/new2_converted/pdf_pages/popular dhanmondi 2/page_05.pdf,0,True,Oncology,,Oncology,cancer-specialist,,,approved,Fragments resolved exactly
07a169ae-0053-43e0-9cbc-5a7d04a9e584,Fahim Chowdhury (Sony),,legacy,legacy_db,0,True,General Physician,,General Physician,family-physician-gp,,,approved,Fragments resolved exactly
07c71b43-3d4a-4fe9-897d-08f0af51d2d2,Shafiqul Islam,,brochure,images/new2_converted/pdf_pages/Ibn Sina Dhanmondi/page_05.pdf,0,True,ENT,,ENT,ent,,,approved,Fragments resolved exactly
07c71b43-3d4a-4fe9-897d-08f0af51d2d2,Shafiqul Islam,,brochure,images/new2_converted/pdf_pages/Ibn Sina Dhanmondi/page_05.pdf,1,False,Head Neck Surgery,,Head Neck Surgery,head-neck-surgeon,,CREDENTIAL_MISMATCH,flagged,Qualification lacks required specialist credentials
07cf6877-0ec0-46eb-865f-cab9ac145fcb,Masuda Begum,,legacy,legacy_db,0,True,Hematology,,Hematology,hematologist,,,approved,Fragments resolved exactly
07d727cb-ba35-44d4-8376-8c63c177fd7e,Farzana Islam (Shampa),,brochure,images/new2_converted/pdf_pages/Ibn Sina Dhanmondi/page_04.pdf,0,True,Obstetrics & Gynaecology,,Obstetrics; Gynaecology,gynecologist-obstetrician,medicine-specialist,TAG_NOT_IN_TEXT,approved,Fragments resolved exactly
0818b3b0-5ec6-41a7-9736-10675a518db7,Saida Sharmina Rahman,,legacy,legacy_db,0,True,Dermatology & Venereology,,Dermatology; Venereology,"dermatologist, sexologist",,,approved,Fragments resolved exactly
0829ff2b-dc6f-4dec-9b6b-8daccec09b36,Syed Golam Mogni Mawla,,legacy,legacy_db,0,True,"General Medicine, Diabetes & Endocrinology",,General Medicine; Diabetes; Endocrinology,"diabetologist, endocrinologist, medicine-specialist",,,approved,Fragments resolved exactly
08409a62-e15c-4003-8706-f5eb4023785e,Farzana Rahman Chowdhury,,legacy,legacy_db,0,True,Pediatrics,,Pediatrics,child-specialist,,CREDENTIAL_MISMATCH,flagged,Qualification lacks required specialist credentials
0850f40a-af3a-4f4c-93ac-720dbf719305,Md. Moazzem Hossain Talukder,,legacy,legacy_db,0,True,"Neurosurgery, Spine Surgery",,Neurosurgery; Spine Surgery,"neurosurgeon, spine-surgeon",,CREDENTIAL_MISMATCH,flagged,Qualification lacks required specialist credentials
086b42eb-04e4-4f46-8de0-2ca24da32b32,Nur-A-Al-Amin,,brochure,images/new2_converted/Ibn Sina Cards/IMG_5992.jpg,0,True,Vascular Surgery,,Vascular Surgery,vascular-surgeon,,,approved,Fragments resolved exactly
08b3c05c-b2e3-40a6-9544-7b6a27649e43,Md. Tahsin Salam,,legacy,legacy_db,0,True,"General Medicine, Diabetes & Endocrinology, Critical Care & ICU",,General Medicine; Diabetes; Endocrinology; Critical Care; ICU,"critical-care-specialist, diabetologist, endocrinologist, medicine-specialist",,,approved,Fragments resolved exactly
08ec2a75-5a2b-4d00-82f2-6fdaea1e8377,Syeda Farhana Naznin,,legacy,legacy_db,0,True,Obs & Gynae,,Obs; Gynae,gynecologist-obstetrician,,,approved,Fragments resolved exactly
0929e4cb-a808-4a89-98d6-da40b5b7f89d,Kohinoor Begum,,brochure,images/new2_converted/pdf_pages/popular dhanmondi 2/page_10.pdf,0,True,Obstetrics & Gynaecology,,Obstetrics; Gynaecology,gynecologist-obstetrician,medicine-specialist,"CREDENTIAL_MISMATCH, TAG_NOT_IN_TEXT",flagged,Qualification lacks required specialist credentials
095eece9-fe36-48a9-b063-44b05f246036,Binoy Krishna Tarafder,,legacy,legacy_db,0,True,General Medicine,,General Medicine,medicine-specialist,,,approved,Fragments resolved exactly
09627217-b799-4abb-ad5d-b51a9a5e8b00,Kazi Irfan Sobhan,,legacy,legacy_db,0,True,"Neurosurgery, Spine Surgery",,Neurosurgery; Spine Surgery,"neurosurgeon, spine-surgeon",,,approved,Fragments resolved exactly
097ae5f3-0705-43eb-b590-9e155252b76c,Jesmin Ara,,legacy,legacy_db,0,True,Gynecology & Obstetrics,,Gynecology; Obstetrics,gynecologist-obstetrician,medicine-specialist,"CREDENTIAL_MISMATCH, TAG_NOT_IN_TEXT",flagged,Qualification lacks required specialist credentials
0991786c-5774-4c99-9dad-c8abab6e1a0f,Md. Zahid Hossain,,legacy,legacy_db,0,True,"Pediatric Cardiology, Pediatrics",,Pediatric Cardiology; Pediatrics,"child-specialist, pediatric-cardiologist",,CREDENTIAL_MISMATCH,flagged,Qualification lacks required specialist credentials
09950ff1-aff0-42c5-ab3c-43b3d1555af3,Syed Farhan Ali Rajib,,legacy,legacy_db,0,True,General Physician,,General Physician,family-physician-gp,,,approved,Fragments resolved exactly
0a479eaa-7cc4-4711-82ca-4afe9616c7ce,Rumana Nusrat,৩১৩৪০,legacy,legacy_db,0,True,General Physician,,General Physician,family-physician-gp,,,approved,Fragments resolved exactly
0aa717b6-aed6-4222-bb71-d8e258de06b2,S. F. Nargis,,brochure,images/new2_converted/pdf_pages/popular dhanmondi 2/page_10.pdf,0,True,Obstetrics & Gynaecology,,Obstetrics; Gynaecology,gynecologist-obstetrician,medicine-specialist,"CREDENTIAL_MISMATCH, TAG_NOT_IN_TEXT",flagged,Qualification lacks required specialist credentials
0ab36c06-c912-49d2-8832-fe46f03da1e5,Syed Azizul Haque,,brochure,images/new2_converted/Medinova medical cards/IMG_6005.jpg,0,True,Cardiology,,Cardiology,cardiologist,,,approved,Fragments resolved exactly
0af765ba-40f7-493a-a4ff-9a954ddcf3f9,Sheuli Chowdhury,,legacy,legacy_db,0,True,Gynecology & Obstetrics,,Gynecology; Obstetrics,gynecologist-obstetrician,medicine-specialist,"CREDENTIAL_MISMATCH, TAG_NOT_IN_TEXT",flagged,Qualification lacks required specialist credentials
0b0d9218-c486-4367-9753-63033a20f953,Manjurul Haque,,brochure,images/new2_converted/pdf_pages/radical hospitals/page_05.pdf,0,True,Psychiatry,,Psychiatry,psychiatrist,neurologist,TAG_NOT_IN_TEXT,approved,Fragments resolved exactly
0b0d9218-c486-4367-9753-63033a20f953,Manjurul Haque,,brochure,images/new2_converted/pdf_pages/radical hospitals/page_05.pdf,1,False,Neuropsychiatry,,Neuropsychiatry,psychiatrist,,,approved,Fragments resolved exactly
0b1fc7fe-d8ad-417e-a362-e9b8c6eca3ab,Sabrina Akter Quraishi,,legacy,legacy_db,0,True,General Surgery,,General Surgery,general-surgeon,,CREDENTIAL_MISMATCH,flagged,Qualification lacks required specialist credentials
0b275d56-3843-4323-9d70-55d05fdb5cab,Md. Sirajul Islam Khan,,legacy,legacy_db,0,True,General Surgery,,General Surgery,general-surgeon,,CREDENTIAL_MISMATCH,flagged,Qualification lacks required specialist credentials
0b72360b-a3d1-4da4-aaf2-91e1a3ac7cca,M. Nazrul Islam,,brochure,images/new2_converted/pdf_pages/popular dhanmondi 2/page_02.pdf,0,True,Cardiology,,Cardiology,cardiologist,,,approved,Fragments resolved exactly
0bcce2f4-5aab-4471-96f9-6105f3121b44,Alpana Adhikari,,brochure,images/new2_converted/pdf_pages/Alliance hospital/page_02.pdf,0,True,Obstetrics & Gynaecology,,Obstetrics; Gynaecology,gynecologist-obstetrician,medicine-specialist,TAG_NOT_IN_TEXT,approved,Fragments resolved exactly
0bdcfbff-14b6-4cda-ac95-ff4ec4c83ef7,Tanvir Ahmed,,brochure,images/new2_converted/pdf_pages/Japan bangladesh Friendship Hospital/page_03.pdf,0,True,Cardiology,,Cardiology,cardiologist,,,approved,Fragments resolved exactly
0bdcfbff-14b6-4cda-ac95-ff4ec4c83ef7,Tanvir Ahmed,,brochure,images/new2_converted/pdf_pages/Japan bangladesh Friendship Hospital/page_03.pdf,1,False,Medicine,,Medicine,medicine-specialist,,,approved,Fragments resolved exactly
0bdcfbff-14b6-4cda-ac95-ff4ec4c83ef7,Tanvir Ahmed,,brochure,images/new2_converted/pdf_pages/Japan bangladesh Friendship Hospital/page_03.pdf,2,False,Diabetes,,Diabetes,diabetologist,,,approved,Fragments resolved exactly
0c568aa5-b541-47c5-9b72-5f1582b7cca1,Indrajit Prasad,,legacy,legacy_db,0,True,"Diabetes & Endocrinology, Endocrinology, Diabetes, Thyroid",,Diabetes; Endocrinology; Endocrinology; Diabetes; Thyroid,"diabetologist, endocrinologist",,,approved,Fragments resolved exactly
0c5ffd21-818e-43e3-8f7e-5174105b5731,Mohammad Shoaib Momen Mazumder,,brochure,images/new2_converted/Ibn Sina Cards/IMG_5994.jpg,0,True,Rheumatology,,Rheumatology,rheumatologist,,,approved,Fragments resolved exactly
0c5ffd21-818e-43e3-8f7e-5174105b5731,Mohammad Shoaib Momen Mazumder,,brochure,images/new2_converted/Ibn Sina Cards/IMG_5994.jpg,1,False,Medicine,,Medicine,medicine-specialist,,,approved,Fragments resolved exactly
0c986d09-3a65-45d7-9c69-a7b2349862a8,Jonaid Shafiq,,brochure,images/new2_converted/pdf_pages/Japan bangladesh Friendship Hospital/page_07.pdf,0,True,Pain Medicine,,Pain Medicine,pain-specialist,,,approved,Fragments resolved exactly
0c9aee6e-4224-46d6-91d0-368195b5bdf4,H A M Nazmul Ahsan,,legacy,legacy_db,0,True,General Medicine,,General Medicine,medicine-specialist,,,approved,Fragments resolved exactly
0cd2a8d2-d953-4789-a0b3-56e3589495bf,Mizanul Hasan,,brochure,images/new2_converted/pdf_pages/popular dhanmondi 2/page_13.pdf,0,True,Thyroid,,Thyroid,endocrinologist,,,approved,Fragments resolved exactly
0cd2a8d2-d953-4789-a0b3-56e3589495bf,Mizanul Hasan,,brochure,images/new2_converted/pdf_pages/popular dhanmondi 2/page_13.pdf,1,False,Nuclear Medicine,,Nuclear Medicine,nuclear-medicine-specialist,,,approved,Fragments resolved exactly
0cd7244e-dd43-4a02-8aa4-4c3e8c2f7a7a,Md. Ayub Ali,,legacy,legacy_db,0,True,"Orthopedics, Trauma Surgery",,Orthopedics; Trauma Surgery,orthopedic-surgeon,,DROPPED_KEYWORD,flagged,Claim text keyword missing from tag umbrellas
0d13b8a7-b295-48bf-94d4-e72a8a2f065c,Faisal Ahmed,,legacy,legacy_db,0,True,Diabetes & Endocrinology,,Diabetes; Endocrinology,"diabetologist, endocrinologist",,,approved,Fragments resolved exactly
0d242cda-afa6-43bc-8475-e9bb7a8d03b3,Maksuda Farida Akter Milla,,legacy,legacy_db,0,True,Gynecology & Obstetrics,,Gynecology; Obstetrics,gynecologist-obstetrician,medicine-specialist,"CREDENTIAL_MISMATCH, TAG_NOT_IN_TEXT",flagged,Qualification lacks required specialist credentials
0d3448ab-6627-4cad-800d-0b0f5dd85542,Md. Sajjad Khondoker,,brochure,images/new2_converted/pdf_pages/Alliance hospital/page_06.pdf,0,True,Plastic Surgery,,Plastic Surgery,plastic-surgeon,,,approved,Fragments resolved exactly
0d3448ab-6627-4cad-800d-0b0f5dd85542,Md. Sajjad Khondoker,,brochure,images/new2_converted/pdf_pages/Alliance hospital/page_06.pdf,1,False,General Surgery,,General Surgery,general-surgeon,,,approved,Fragments resolved exactly
0d3448ab-6627-4cad-800d-0b0f5dd85542,Md. Sajjad Khondoker,,brochure,images/new2_converted/pdf_pages/Alliance hospital/page_06.pdf,2,False,Burn Surgery,,Burn Surgery,plastic-surgeon,,,approved,Fragments resolved exactly
0d3448ab-6627-4cad-800d-0b0f5dd85542,Md. Sajjad Khondoker,,brochure,images/new2_converted/pdf_pages/Alliance hospital/page_06.pdf,3,False,Aesthetic Surgery,,Aesthetic Surgery,plastic-surgeon,,,approved,Fragments resolved exactly
0d4aa32e-b874-4c4e-8e91-f1e200e458fd,Md. Hasib-Al-Mamun,,brochure,images/new2_converted/pdf_pages/Alliance hospital/page_04.pdf,0,True,Urology,,Urology,urologist,,,approved,Fragments resolved exactly
0d4aa32e-b874-4c4e-8e91-f1e200e458fd,Md. Hasib-Al-Mamun,,brochure,images/new2_converted/pdf_pages/Alliance hospital/page_04.pdf,1,False,General & Laparoscopic Surgery,,General; Laparoscopic Surgery,"general-surgeon, laparoscopic-surgeon",,,approved,Fragments resolved exactly
0d51834d-1c9d-41d9-856d-ac1cb7976bc0,Sumaiya Akter,,legacy,legacy_db,0,True,"Gynecology & Obstetrics, General Surgery",,Gynecology; Obstetrics; General Surgery,"general-surgeon, gynecologist-obstetrician",medicine-specialist,"CREDENTIAL_MISMATCH, TAG_NOT_IN_TEXT",flagged,Qualification lacks required specialist credentials
0d57043a-a352-47b5-9d26-443436afbf1e,Rushaida Haque,,legacy,legacy_db,0,True,Radiology & Imaging,,Radiology; Imaging,radiologist,,,approved,Fragments resolved exactly
0d9cf200-7433-4479-8614-581510580854,Tamanna Mustari,,legacy,legacy_db,0,True,Dermatology & Venereology,,Dermatology; Venereology,"dermatologist, sexologist",,,approved,Fragments resolved exactly
0dfdda1a-6f74-45e1-a647-99929e290fad,Dilruba Iyahmin Dina,,brochure,images/new2_converted/pdf_pages/Alliance hospital/page_02.pdf,0,True,Obstetrics & Gynaecology,,Obstetrics; Gynaecology,gynecologist-obstetrician,medicine-specialist,TAG_NOT_IN_TEXT,approved,Fragments resolved exactly
0dfdda1a-6f74-45e1-a647-99929e290fad,Dilruba Iyahmin Dina,,brochure,images/new2_converted/pdf_pages/Alliance hospital/page_02.pdf,1,False,Gynae Oncology,,Gynae Oncology,gynecological-oncologist,,,approved,Fragments resolved exactly
0e53c385-a665-4080-8155-4b565f4de86a,Md. Parvez Amin,,legacy,legacy_db,0,True,Neurology,,Neurology,neurologist,,,approved,Fragments resolved exactly
0f38e62d-daa4-4ba8-8941-543cc8d62bd7,Kazi A. Karim,,brochure,images/new2_converted/pdf_pages/popular dhanmondi 2/page_12.pdf,0,True,Dermatology & Venereology,,Dermatology; Venereology,"dermatologist, sexologist",,,approved,Fragments resolved exactly
0f45a3de-86eb-404f-82d6-d05b83dffa1d,Sarwar Iqbal,,brochure,images/new2_converted/pdf_pages/popular dhanmondi 2/page_07.pdf,0,True,Nephrology,,Nephrology,nephrologist,,,approved,Fragments resolved exactly
0f4e2231-4b72-4d78-84e8-8e53066da627,Khandaker Shehnila Tasmin (Sumi),,legacy,legacy_db,0,True,Gynecology & Obstetrics,,Gynecology; Obstetrics,gynecologist-obstetrician,medicine-specialist,"CREDENTIAL_MISMATCH, TAG_NOT_IN_TEXT",flagged,Qualification lacks required specialist credentials
0f87ca7d-54cc-41c3-a642-11e846a68202,Md. Zakirul Islam (Jewel),,legacy,legacy_db,0,True,"Neurology, General Medicine",,Neurology; General Medicine,"medicine-specialist, neurologist",,,approved,Fragments resolved exactly
0fd79372-57a8-45ee-8ed1-6c4f5cc9c92d,A..K..M.. Monowarul Islam,,legacy,legacy_db,0,True,"General Medicine, Cardiology",,General Medicine; Cardiology,"cardiologist, medicine-specialist",,CREDENTIAL_MISMATCH,flagged,Qualification lacks required specialist credentials
0fdb6923-9967-499e-985d-257ca43269c0,M.A. Azad,,brochure,images/new2_converted/Ibn Sina Cards/IMG_5993.jpg,0,True,Diabetology,,Diabetology,diabetologist,,,approved,Fragments resolved exactly
0fdb6923-9967-499e-985d-257ca43269c0,M.A. Azad,,brochure,images/new2_converted/Ibn Sina Cards/IMG_5993.jpg,1,False,Diabetes,,Diabetes,diabetologist,,,approved,Fragments resolved exactly
101b32b3-8daf-4e79-a288-e01447dce52c,Sayeed Hossain Khan Mark,,brochure,images/new2_converted/pdf_pages/popular dhanmondi 2/page_04.pdf,0,True,Medicine,,Medicine,medicine-specialist,,,approved,Fragments resolved exactly
101b32b3-8daf-4e79-a288-e01447dce52c,Sayeed Hossain Khan Mark,,brochure,images/new2_converted/pdf_pages/popular dhanmondi 2/page_04.pdf,1,False,Rheumatology,,Rheumatology,rheumatologist,,,approved,Fragments resolved exactly
10242dcc-898e-4a47-9dd6-7cee0c2f1502,Mizanur Rahman,,legacy,legacy_db,0,True,"Pediatric Neurology, Neurology",,Pediatric Neurology; Neurology,"neurologist, pediatric-neurologist",,CREDENTIAL_MISMATCH,flagged,Qualification lacks required specialist credentials
10244afb-fdc5-4f7c-b3d5-3468ae9a6824,Masud Rana Bhuiyan,,brochure,images/new2_converted/pdf_pages/Alliance hospital/page_03.pdf,0,True,Hepatobiliary Surgery,,Hepatobiliary Surgery,hepatobiliary-surgeon,,,approved,Fragments resolved exactly
10244afb-fdc5-4f7c-b3d5-3468ae9a6824,Masud Rana Bhuiyan,,brochure,images/new2_converted/pdf_pages/Alliance hospital/page_03.pdf,1,False,Pancreatic Surgery,,Pancreatic Surgery,hepatobiliary-surgeon,,,approved,Fragments resolved exactly
10bf571c-19af-43a9-bcde-8d97839566a6,Belayet Hossain,,legacy,legacy_db,0,True,Hematology,,Hematology,hematologist,,,approved,Fragments resolved exactly
111b63b9-44ff-4ec1-99cd-68caa9bb3dbd,Shamima Alam,,brochure,images/new2_converted/pdf_pages/Japan bangladesh Friendship Hospital/page_07.pdf,0,True,Dental & Maxillofacial Surgery,,Dental; Maxillofacial Surgery,"dentist, maxillofacial-surgeon",,,approved,Fragments resolved exactly
112a7a7a-b1f5-47e4-9424-6f7a644755b1,Mohammed Mostafizur Rahman,,legacy,legacy_db,0,True,"General Surgery, Laparoscopic Surgery, Breast Surgery, Colorectal Surgery",,General Surgery; Laparoscopic Surgery; Breast Surgery; Colorectal Surgery,"breast-surgeon, colorectal-surgeon, general-surgeon, laparoscopic-surgeon",,,approved,Fragments resolved exactly
113bc326-9283-41d8-8ba3-139e80298dc5,Ismat Jahan Lima,,brochure,images/new2_converted/pdf_pages/Alliance hospital/page_03.pdf,0,True,Colorectal Surgery,,Colorectal Surgery,colorectal-surgeon,,,approved,Fragments resolved exactly
113bc326-9283-41d8-8ba3-139e80298dc5,Ismat Jahan Lima,,brochure,images/new2_converted/pdf_pages/Alliance hospital/page_03.pdf,1,False,Laparoscopic Surgery,,Laparoscopic Surgery,laparoscopic-surgeon,,,approved,Fragments resolved exactly
113bc326-9283-41d8-8ba3-139e80298dc5,Ismat Jahan Lima,,brochure,images/new2_converted/pdf_pages/Alliance hospital/page_03.pdf,2,False,Pelvic Floor Surgery,,Pelvic Floor Surgery,gynecologist-obstetrician,,CREDENTIAL_MISMATCH,flagged,Qualification lacks required specialist credentials
115e5295-a749-4e9b-9b97-0290c01ed164,Arifur Rahman Sumon,,legacy,legacy_db,0,True,"General Medicine, Diabetes & Endocrinology, Cardiology, Rheumatology",,General Medicine; Diabetes; Endocrinology; Cardiology; Rheumatology,"cardiologist, diabetologist, endocrinologist, medicine-specialist, rheumatologist",,CREDENTIAL_MISMATCH,flagged,Qualification lacks required specialist credentials
11f4f14a-0b16-4085-82b4-39b3aff38622,Sohel Mahmud Arafat,,brochure,images/new2_converted/Ibn Sina Cards/IMG_5990.jpg,0,True,Medicine,,Medicine,medicine-specialist,,,approved,Fragments resolved exactly
11fa8cbb-6590-4754-9beb-123db929e99b,Kazi Taufiq Al-Hasan,,legacy,legacy_db,0,True,Pediatrics,,Pediatrics,child-specialist,,CREDENTIAL_MISMATCH,flagged,Qualification lacks required specialist credentials
11fc72a5-04e4-4dac-8547-8d7e9341fbb9,Jayashree Saha,,legacy,legacy_db,0,True,Gynecology & Obstetrics,,Gynecology; Obstetrics,gynecologist-obstetrician,medicine-specialist,"CREDENTIAL_MISMATCH, TAG_NOT_IN_TEXT",flagged,Qualification lacks required specialist credentials
1206f4fe-8bc9-4a79-871a-a2564659cc45,Shamiul Islam Sadi,,legacy,legacy_db,0,True,Pathology,,Pathology,pathologist,,,approved,Fragments resolved exactly
1225e579-eb4f-4992-8482-291222ea46e0,A. H. M. Tohidur Reza,,brochure,images/new2_converted/Medinova medical cards/IMG_6014.jpg,0,True,Neurosurgery,,Neurosurgery,neurosurgeon,,,approved,Fragments resolved exactly
1225e579-eb4f-4992-8482-291222ea46e0,A. H. M. Tohidur Reza,,brochure,images/new2_converted/Medinova medical cards/IMG_6014.jpg,1,False,Spine Surgery,,Spine Surgery,spine-surgeon,,,approved,Fragments resolved exactly
12268679-cf3e-4529-96d1-8cb6f2d9dcb1,Choudhury Mohammad Fazle Fahim Montakim,A-43642,legacy,legacy_db,0,True,"Medicine, Hepatology",,Medicine; Hepatology,"hepatologist, medicine-specialist",,,approved,Fragments resolved exactly
1298a8f3-9bf7-46ca-9a68-d5c83891246b,Muhammad Abdur Razzak,,legacy,legacy_db,0,True,Nephrology,,Nephrology,nephrologist,,,approved,Fragments resolved exactly
12e80a59-b873-4b3d-b9f6-58098181e4f3,Nupur Kar,,legacy,legacy_db,0,True,Cardiology,,Cardiology,cardiologist,,CREDENTIAL_MISMATCH,flagged,Qualification lacks required specialist credentials
12eca1a0-9949-4d82-8c77-8596a59ca97a,Huda Majumder,,legacy,legacy_db,0,True,Gynecology & Obstetrics,,Gynecology; Obstetrics,gynecologist-obstetrician,medicine-specialist,"CREDENTIAL_MISMATCH, TAG_NOT_IN_TEXT",flagged,Qualification lacks required specialist credentials
1347318d-a2cc-4505-87bd-77ef18edab85,Wasim Md. Mohsinul Hoque,,legacy,legacy_db,0,True,"General Medicine, Nephrology",,General Medicine; Nephrology,"medicine-specialist, nephrologist",,,approved,Fragments resolved exactly
1377440a-3b12-4a92-965b-157818eda01e,Syed Azizul Hoque,,brochure,images/new2_converted/Medinova medical cards/IMG_6017.jpg,0,True,Cardiology,,Cardiology,cardiologist,,,approved,Fragments resolved exactly
1377440a-3b12-4a92-965b-157818eda01e,Syed Azizul Hoque,,brochure,images/new2_converted/Medinova medical cards/IMG_6017.jpg,1,False,Medicine,,Medicine,medicine-specialist,,,approved,Fragments resolved exactly
13d00741-71c5-42b6-a233-ecd7747abc4d,Tapas Sarker,,legacy,legacy_db,0,True,Neurosurgery,,Neurosurgery,neurosurgeon,,CREDENTIAL_MISMATCH,flagged,Qualification lacks required specialist credentials
14178b7b-f999-4c50-8852-03ad017f7dda,Nahida Islam,,legacy,legacy_db,0,True,"Gynecology & Obstetrics, General Surgery, Infertility & Reproductive Medicine",,Gynecology; Obstetrics; General Surgery; Infertility; Reproductive Medicine,"general-surgeon, gynecologist-obstetrician, infertility-specialist",medicine-specialist,"CREDENTIAL_MISMATCH, TAG_NOT_IN_TEXT",flagged,Qualification lacks required specialist credentials
141ae852-52e7-48c5-990c-a570848d5943,Nasreen Akter Kakoli,,brochure,images/new2_converted/pdf_pages/radical hospitals/page_04.pdf,0,True,Hematology,,Hematology,hematologist,,,approved,Fragments resolved exactly
141ae852-52e7-48c5-990c-a570848d5943,Nasreen Akter Kakoli,,brochure,images/new2_converted/pdf_pages/radical hospitals/page_04.pdf,1,False,Blood Cancer,,Blood Cancer,hematologist,,DROPPED_KEYWORD,flagged,Claim text keyword missing from tag umbrellas
141ddf83-4692-4309-8bbd-ca71a931bdcf,A. B. M. Shakil Gani,,legacy,legacy_db,0,True,Hepatology,,Hepatology,hepatologist,,,approved,Fragments resolved exactly
1467a4b4-e14b-4934-a5d3-3b09469bf5d7,Md. Shahinur Islam Shahin,,brochure,images/new2_converted/pdf_pages/Ibn Sina Dhanmondi/page_06.pdf,0,True,Urology,,Urology,urologist,,,approved,Fragments resolved exactly
148598ac-5976-4cde-9b55-4f5aa6fe6032,Shayla Nabi,,legacy,legacy_db,0,True,Cardiology,,Cardiology,cardiologist,,CREDENTIAL_MISMATCH,flagged,Qualification lacks required specialist credentials
14c446bb-68e3-4451-811d-91b50d23f999,Tohidul Karim Majumder,,legacy,legacy_db,0,True,"General Medicine, Gastroenterology",,General Medicine; Gastroenterology,"gastroenterologist, medicine-specialist",,,approved,Fragments resolved exactly
14c72c6d-95eb-49bc-85ba-6182f5956961,Ferdousi Begum (Flora),,legacy,legacy_db,0,True,Gynecology & Obstetrics,,Gynecology; Obstetrics,gynecologist-obstetrician,medicine-specialist,"CREDENTIAL_MISMATCH, TAG_NOT_IN_TEXT",flagged,Qualification lacks required specialist credentials
152bdf86-04f7-48b6-ad82-a89be0e771fd,D.M.M. Faruque Osmani,,legacy,legacy_db,0,True,"General Medicine, Cardiology",,General Medicine; Cardiology,"cardiologist, medicine-specialist",,,approved,Fragments resolved exactly
156b1c9e-79fb-4eb7-a491-806917b2c283,Rakibul Hasan (Opu),,legacy,legacy_db,0,True,Vascular Surgery,,Vascular Surgery,vascular-surgeon,,CREDENTIAL_MISMATCH,flagged,Qualification lacks required specialist credentials
157e1631-bf0a-476a-bc25-e9d05e6cfe2c,Utpala Majumder,,legacy,legacy_db,0,True,Gynecology & Obstetrics,,Gynecology; Obstetrics,gynecologist-obstetrician,medicine-specialist,"CREDENTIAL_MISMATCH, TAG_NOT_IN_TEXT",flagged,Qualification lacks required specialist credentials
15ab2a37-21e3-466e-b97f-f6f842dc750f,Salahuddin Mahmud,,legacy,legacy_db,0,True,General Physician,,General Physician,family-physician-gp,,,approved,Fragments resolved exactly
15bdcf07-b2e6-46ad-93f6-550f2f13980c,Saif Hossain Khan Mark,,legacy,legacy_db,0,True,"General Medicine, Rheumatology",,General Medicine; Rheumatology,"medicine-specialist, rheumatologist",,,approved,Fragments resolved exactly
15c79919-25ae-4f3a-ad0e-fbe8f4eb54ef,Md.. Ekramul Haque Joarder,,legacy,legacy_db,0,True,Surgical Oncology,,Surgical Oncology,cancer-surgeon,,CREDENTIAL_MISMATCH,flagged,Qualification lacks required specialist credentials
15e4d0c3-fecc-4fe8-848e-ff74fc4c7d14,Hafizur Rahman,,brochure,images/new2_converted/Medinova medical cards/IMG_6018.jpg,0,True,Obstetrics & Gynaecology,,Obstetrics; Gynaecology,gynecologist-obstetrician,medicine-specialist,"CREDENTIAL_MISMATCH, TAG_NOT_IN_TEXT",flagged,Qualification lacks required specialist credentials
16175a6d-0128-453c-adfa-c0706a11b04c,Ashraful Hoque Sium,A-41778,legacy,legacy_db,0,True,Cardiac Surgery,,Cardiac Surgery,cardiac-surgeon,,,approved,Fragments resolved exactly
16464829-1664-450d-b778-c9cd61aa0b1c,Minhajur Rahman Tushar,A-88893,brochure,images/new2_converted/pdf_pages/radical hospitals/page_03.pdf,0,True,Pediatrics,,Pediatrics,child-specialist,,,approved,Fragments resolved exactly
16464829-1664-450d-b778-c9cd61aa0b1c,Minhajur Rahman Tushar,A-88893,brochure,images/new2_converted/pdf_pages/radical hospitals/page_03.pdf,1,False,Neonatology,,Neonatology,neonatologist,,,approved,Fragments resolved exactly
168c58ea-df84-48f7-bd46-981832325e2b,Md. Shoeb Sarwar Murad,A-45799,legacy,legacy_db,0,True,"Orthopedics, Trauma, Arthroplasty, Arthroscopy",,Orthopedics; Trauma; Arthroplasty; Arthroscopy,orthopedic-surgeon,,DROPPED_KEYWORD,flagged,Claim text keyword missing from tag umbrellas
168db610-effe-4fbc-b857-d5bbc9c1a5c8,Tarafder Runa Laila,,legacy,legacy_db,0,True,Gynecology & Obstetrics,,Gynecology; Obstetrics,gynecologist-obstetrician,medicine-specialist,"CREDENTIAL_MISMATCH, TAG_NOT_IN_TEXT",flagged,Qualification lacks required specialist credentials
1690ab0d-4b61-421e-a022-32d0a0b8c1f8,Somen Sarkar,,legacy,legacy_db,0,True,Neurosurgery,,Neurosurgery,neurosurgeon,,,approved,Fragments resolved exactly
16a3ed6b-3027-48b3-b25a-219af0d01b0e,Sufia Jannat,,brochure,images/new2_converted/Ibn Sina Cards/IMG_5999.jpg,0,True,Cardiology,,Cardiology,cardiologist,,,approved,Fragments resolved exactly
16a3ed6b-3027-48b3-b25a-219af0d01b0e,Sufia Jannat,,brochure,images/new2_converted/Ibn Sina Cards/IMG_5999.jpg,1,False,Medicine,,Medicine,medicine-specialist,,,approved,Fragments resolved exactly
16a3ed6b-3027-48b3-b25a-219af0d01b0e,Sufia Jannat,,brochure,images/new2_converted/Ibn Sina Cards/IMG_5999.jpg,2,False,Diabetes,,Diabetes,diabetologist,,,approved,Fragments resolved exactly
16c5f260-490d-4814-84c8-02194e226a88,Mahmudul Hasan Banna,,legacy,legacy_db,0,True,"Diabetes & Endocrinology, Respiratory Medicine",,Diabetes; Endocrinology; Respiratory Medicine,"chest-specialist, diabetologist, endocrinologist",,,approved,Fragments resolved exactly
16ce5ff7-beef-419d-a791-f2d96a0bdef7,Taiyeb Ibne Zahangir,,brochure,images/new2_converted/pdf_pages/popular dhanmondi 2/page_05.pdf,0,True,Psychiatry,,Psychiatry,psychiatrist,,,approved,Fragments resolved exactly
17463fb1-d5d0-4168-bdf1-cf781e548be0,Md. Hafizur Rahman,,brochure,images/new2_converted/pdf_pages/radical hospitals/page_05.pdf,0,True,General Surgery,,General Surgery,general-surgeon,,,approved,Fragments resolved exactly
17463fb1-d5d0-4168-bdf1-cf781e548be0,Md. Hafizur Rahman,,brochure,images/new2_converted/pdf_pages/radical hospitals/page_05.pdf,1,False,Laparoscopic Surgery,,Laparoscopic Surgery,laparoscopic-surgeon,,,approved,Fragments resolved exactly
179bf144-007d-4c31-bbeb-dfc601edf617,Kaniz Sultana,,legacy,legacy_db,0,True,Pediatrics,,Pediatrics,child-specialist,,,approved,Fragments resolved exactly
17b534c1-86fa-4201-aeb8-eec62248d717,Md. Asaduzzaman,,brochure,images/new2_converted/pdf_pages/Japan bangladesh Friendship Hospital/page_07.pdf,0,True,Psychiatry,,Psychiatry,psychiatrist,,,approved,Fragments resolved exactly
17d57b51-7e6d-49ce-b126-9dc4f60b70c6,Md. Shafiqur Rahman Patwary,,legacy,legacy_db,0,True,"General Medicine, Cardiology",,General Medicine; Cardiology,"cardiologist, medicine-specialist",,,approved,Fragments resolved exactly
18204495-4f64-4096-b428-4014066b9540,Marufa Yasmin,,brochure,images/new2_converted/pdf_pages/popular dhanmondi 2/page_13.pdf,0,True,Radiology,,Radiology,radiologist,,,approved,Fragments resolved exactly
18204495-4f64-4096-b428-4014066b9540,Marufa Yasmin,,brochure,images/new2_converted/pdf_pages/popular dhanmondi 2/page_13.pdf,1,False,Imaging,,Imaging,radiologist,,,approved,Fragments resolved exactly
187cc5f1-9da6-451c-89a0-d171304ab906,A. T. M. Asaduzzaman,,legacy,legacy_db,0,True,"Colorectal Surgery, General Surgery",,Colorectal Surgery; General Surgery,"colorectal-surgeon, general-surgeon",,CREDENTIAL_MISMATCH,flagged,Qualification lacks required specialist credentials
18ab9f24-1ac7-4afc-82d7-acce8d5696bd,Safiul Azam Qadri,,brochure,images/new2_converted/pdf_pages/Japan bangladesh Friendship Hospital/page_04.pdf,0,True,Pulmonology,,Pulmonology,chest-specialist,,,approved,Fragments resolved exactly
18ab9f24-1ac7-4afc-82d7-acce8d5696bd,Safiul Azam Qadri,,brochure,images/new2_converted/pdf_pages/Japan bangladesh Friendship Hospital/page_04.pdf,1,False,Medicine,,Medicine,medicine-specialist,,,approved,Fragments resolved exactly
18c42f3b-c803-466a-9168-a60d87f8324a,Mir Md. Rayhan,,brochure,images/new2_converted/pdf_pages/radical hospitals/page_02.pdf,0,True,Forensic Medicine,,Forensic Medicine,family-physician-gp,,,approved,Fragments resolved exactly
18c42f3b-c803-466a-9168-a60d87f8324a,Mir Md. Rayhan,,brochure,images/new2_converted/pdf_pages/radical hospitals/page_02.pdf,1,False,Medicine,,Medicine,medicine-specialist,,,approved,Fragments resolved exactly
18c42f3b-c803-466a-9168-a60d87f8324a,Mir Md. Rayhan,,brochure,images/new2_converted/pdf_pages/radical hospitals/page_02.pdf,2,False,Diabetes,,Diabetes,diabetologist,,,approved,Fragments resolved exactly
18cb9581-3cd9-4fc1-9e13-426614917a9b,Habibur Rahman,,legacy,legacy_db,0,True,General Physician,,General Physician,family-physician-gp,,,approved,Fragments resolved exactly
18cd0a47-72c7-4fb0-9353-b28a4ca41e92,Syed Farhan Ali Rajib,,legacy,legacy_db,0,True,General Physician,,General Physician,family-physician-gp,,,approved,Fragments resolved exactly
18cf232d-b647-4b9d-919c-69b8df6ba317,Shamina Akhter,,brochure,images/new2_converted/pdf_pages/Japan bangladesh Friendship Hospital/page_06.pdf,0,True,Obstetrics & Gynaecology,,Obstetrics; Gynaecology,gynecologist-obstetrician,medicine-specialist,TAG_NOT_IN_TEXT,approved,Fragments resolved exactly
190760f6-5391-4f36-9776-3588426047a0,DMM Faruque Osmany,,brochure,images/new2_converted/pdf_pages/popular dhanmondi 2/page_03.pdf,0,True,Cardiology,,Cardiology,cardiologist,,,approved,Fragments resolved exactly
190760f6-5391-4f36-9776-3588426047a0,DMM Faruque Osmany,,brochure,images/new2_converted/pdf_pages/popular dhanmondi 2/page_03.pdf,1,False,Interventional Cardiology,,Interventional Cardiology,interventional-cardiologist,,,approved,Fragments resolved exactly
190a27dd-c0f2-439b-9d1d-00d76d3697d7,Zohirun Aktar,,brochure,images/new2_converted/pdf_pages/radical hospitals/page_02.pdf,0,True,Obstetrics & Gynaecology,,Obstetrics; Gynaecology,gynecologist-obstetrician,medicine-specialist,TAG_NOT_IN_TEXT,approved,Fragments resolved exactly
190a27dd-c0f2-439b-9d1d-00d76d3697d7,Zohirun Aktar,,brochure,images/new2_converted/pdf_pages/radical hospitals/page_02.pdf,1,False,Laparoscopic Surgery,,Laparoscopic Surgery,laparoscopic-surgeon,,CREDENTIAL_MISMATCH,flagged,Qualification lacks required specialist credentials
190d826b-29ed-4d25-a6b9-4a7e6faa08af,Shakeel Akhtar,,legacy,legacy_db,0,True,Orthopedics,,Orthopedics,orthopedic-surgeon,,DROPPED_KEYWORD,flagged,Claim text keyword missing from tag umbrellas
191a1c2b-484a-4cba-9983-165a1afd6987,Md. Nazim Uddin,,legacy,legacy_db,0,True,Orthopedics,,Orthopedics,orthopedic-surgeon,,"CREDENTIAL_MISMATCH, DROPPED_KEYWORD",flagged,Qualification lacks required specialist credentials; Claim text keyword missing from tag umbrellas
191bfbc0-00bc-4832-b849-72202ec4ffc1,Md. Nur Hossain,,brochure,images/new2_converted/Medinova medical cards/IMG_6016.jpg,0,True,Cardiology,,Cardiology,cardiologist,,,approved,Fragments resolved exactly
191bfbc0-00bc-4832-b849-72202ec4ffc1,Md. Nur Hossain,,brochure,images/new2_converted/Medinova medical cards/IMG_6016.jpg,1,False,Interventional Cardiology,,Interventional Cardiology,interventional-cardiologist,,,approved,Fragments resolved exactly
193510fe-c38a-4478-a3ea-1c21a626a53d,Shahida Akter,,legacy,legacy_db,0,True,Gynecology & Obstetrics,,Gynecology; Obstetrics,gynecologist-obstetrician,medicine-specialist,"CREDENTIAL_MISMATCH, TAG_NOT_IN_TEXT",flagged,Qualification lacks required specialist credentials
193547a2-5a87-4f1b-9801-03f8d1610a88,Kazi Saifuddin Bennoor,,brochure,images/new2_converted/Medinova medical cards/IMG_6012.jpg,0,True,Pulmonology,,Pulmonology,chest-specialist,,,approved,Fragments resolved exactly
193547a2-5a87-4f1b-9801-03f8d1610a88,Kazi Saifuddin Bennoor,,brochure,images/new2_converted/Medinova medical cards/IMG_6012.jpg,1,False,Respiratory Medicine,,Respiratory Medicine,chest-specialist,,,approved,Fragments resolved exactly
196439c3-8dee-4d47-984d-dd7fa4ea8583,Sayma Ahmed Remi,,legacy,legacy_db,0,True,"Allergy & Immunology, Dermatology & Venereology",,Allergy; Immunology; Dermatology; Venereology,"allergy-immunologist, dermatologist, sexologist",,,approved,Fragments resolved exactly
19726198-dd00-49e3-a022-4d1c9a267046,Mizbaul Bahar,,legacy,legacy_db,0,True,"Colorectal Surgery, General Surgery",,Colorectal Surgery; General Surgery,"colorectal-surgeon, general-surgeon",,CREDENTIAL_MISMATCH,flagged,Qualification lacks required specialist credentials
19a59fba-6fbd-4b67-a7c6-b862029dab9d,Md. Armanul Islam,এ৪১৮৯১,legacy,legacy_db,0,True,"General Surgery, Colorectal Surgery",,General Surgery; Colorectal Surgery,"colorectal-surgeon, general-surgeon",,CREDENTIAL_MISMATCH,flagged,Qualification lacks required specialist credentials
19e54e87-d4d4-4459-bc14-dae7da39ed8e,Runa Layla,,brochure,images/new2_converted/pdf_pages/radical hospitals/page_02.pdf,0,True,Obstetrics & Gynaecology,,Obstetrics; Gynaecology,gynecologist-obstetrician,medicine-specialist,TAG_NOT_IN_TEXT,approved,Fragments resolved exactly
19e54e87-d4d4-4459-bc14-dae7da39ed8e,Runa Layla,,brochure,images/new2_converted/pdf_pages/radical hospitals/page_02.pdf,1,False,Infertility,,Infertility,infertility-specialist,,,approved,Fragments resolved exactly
19e54e87-d4d4-4459-bc14-dae7da39ed8e,Runa Layla,,brochure,images/new2_converted/pdf_pages/radical hospitals/page_02.pdf,2,False,Laparoscopic Surgery,,Laparoscopic Surgery,laparoscopic-surgeon,,,approved,Fragments resolved exactly
19f3f50a-2a7f-4cd3-b9c3-e2b9197f5328,Anup Mostofa,A-35889,legacy,legacy_db,0,True,"Orthopedics, Trauma Surgery, Spine Surgery",,Orthopedics; Trauma Surgery; Spine Surgery,"orthopedic-surgeon, spine-surgeon",,DROPPED_KEYWORD,flagged,Claim text keyword missing from tag umbrellas
1a159c5f-70b6-4e8e-b2e4-0b4e431476c9,Md. Ziaul Haque,,brochure,images/new2_converted/pdf_pages/Ibn Sina Dhanmondi/page_02.pdf,0,True,Medicine,,Medicine,medicine-specialist,,,approved,Fragments resolved exactly
1a1e8381-12ab-4c74-a03d-af294a151176,Kaniz Sultana,,legacy,legacy_db,0,True,General Physician,,General Physician,family-physician-gp,,,approved,Fragments resolved exactly
1a28a3d5-70ce-4a04-9f52-3c40ded51427,M. Nuruzzaman Khan,,legacy,legacy_db,0,True,"Neurosurgery, Spine Surgery",,Neurosurgery; Spine Surgery,"neurosurgeon, spine-surgeon",,,approved,Fragments resolved exactly
1a32a312-6e80-4dd3-a938-4759c3626e89,Pravas Chandra Saha,,legacy,legacy_db,0,True,"Orthopedics, Spine Surgery",,Orthopedics; Spine Surgery,"orthopedic-surgeon, spine-surgeon",,"CREDENTIAL_MISMATCH, DROPPED_KEYWORD",flagged,Qualification lacks required specialist credentials; Claim text keyword missing from tag umbrellas
1a481d90-061f-4739-a992-19debbf5dea9,Afroza Parveen Rumpa,,legacy,legacy_db,0,True,"Radiology & Imaging, Neurology",,Radiology; Imaging; Neurology,"neurologist, radiologist",,,approved,Fragments resolved exactly
1a5689af-00c6-4070-bae4-eb9acb38720c,Romal Chowdhury,,brochure,images/new2_converted/Medinova medical cards/IMG_6017.jpg,0,True,Pulmonology,,Pulmonology,chest-specialist,,,approved,Fragments resolved exactly
1a5689af-00c6-4070-bae4-eb9acb38720c,Romal Chowdhury,,brochure,images/new2_converted/Medinova medical cards/IMG_6017.jpg,1,False,Respiratory Medicine,,Respiratory Medicine,chest-specialist,,,approved,Fragments resolved exactly
1a6a0a8e-d46a-4231-8945-47f5de9d8504,Md. Manzurul Alam,,legacy,legacy_db,0,True,ENT (Otolaryngology),,ENT (Otolaryngology,,ent-specialist,"TAG_NOT_IN_TEXT, UNMAPPED_FRAGMENT",flagged,Unmapped fragments: ENT (Otolaryngology
1a9feed1-e098-4ba6-85b4-ff3673084720,Md. Waysek Faisal (Rajib),,brochure,images/new2_converted/pdf_pages/Alliance hospital/page_03.pdf,0,True,Cardiology,,Cardiology,cardiologist,,,approved,Fragments resolved exactly
1a9feed1-e098-4ba6-85b4-ff3673084720,Md. Waysek Faisal (Rajib),,brochure,images/new2_converted/pdf_pages/Alliance hospital/page_03.pdf,1,False,Interventional Cardiology,,Interventional Cardiology,interventional-cardiologist,,,approved,Fragments resolved exactly
1ac6feb4-92f2-440a-8285-eb3f9a7179e5,S. M. Farid Ahmed,,brochure,images/new2_converted/pdf_pages/Japan bangladesh Friendship Hospital/page_03.pdf,0,True,Oncoplastic Breast Surgery,,Oncoplastic Breast Surgery,breast-surgeon,plastic-surgeon,TAG_NOT_IN_TEXT,approved,Fragments resolved exactly
1ac6feb4-92f2-440a-8285-eb3f9a7179e5,S. M. Farid Ahmed,,brochure,images/new2_converted/pdf_pages/Japan bangladesh Friendship Hospital/page_03.pdf,1,False,Breast Surgery,,Breast Surgery,breast-surgeon,,,approved,Fragments resolved exactly
1ae1f6f1-db21-4993-9a21-7085bb9e1ffa,Md. Taslim Uddin,,legacy,legacy_db,0,True,"Physical Medicine & Rehabilitation, Rheumatology",,Physical Medicine; Rehabilitation; Rheumatology,"physical-medicine-specialist, rheumatologist",,,approved,Fragments resolved exactly
1af10eb2-bbd6-400f-a1cf-05e982d9ecb0,C. H. Robin,A-39521,legacy,legacy_db,0,True,"Sports Medicine, Arthroscopy, Arthroplasty, Orthopedics, Trauma Surgery",,Sports Medicine; Arthroscopy; Arthroplasty; Orthopedics; Trauma Surgery,"orthopedic-surgeon, sports-medicine-specialist",,DROPPED_KEYWORD,flagged,Claim text keyword missing from tag umbrellas
1af9ac90-e441-4c3e-b72e-386f840bcee2,Md. Ruhul Quddus,,legacy,legacy_db,0,True,"General Medicine, Neurology",,General Medicine; Neurology,"medicine-specialist, neurologist",,,approved,Fragments resolved exactly
1b037e56-c03b-4e8c-bbc5-9113f173f2fd,Md. Anowarul Islam,,brochure,images/new2_converted/pdf_pages/popular dhanmondi 2/page_09.pdf,0,True,Orthopedic Surgery,,Orthopedic Surgery,orthopedic-surgeon,,DROPPED_KEYWORD,flagged,Claim text keyword missing from tag umbrellas
1b037e56-c03b-4e8c-bbc5-9113f173f2fd,Md. Anowarul Islam,,brochure,images/new2_converted/pdf_pages/popular dhanmondi 2/page_09.pdf,1,False,Spine Surgery,,Spine Surgery,spine-surgeon,,,approved,Fragments resolved exactly
1b5627c2-0b1b-42eb-8e11-3e470ed7f528,Ashfi Laila Elora,,legacy,legacy_db,0,True,Gynecology & Obstetrics,,Gynecology; Obstetrics,gynecologist-obstetrician,medicine-specialist,"CREDENTIAL_MISMATCH, TAG_NOT_IN_TEXT",flagged,Qualification lacks required specialist credentials
1b56f9d2-92b5-41b5-9083-a48aae6e5a9e,Syed Rana Kabir,,legacy,legacy_db,0,True,Nephrology,,Nephrology,nephrologist,,,approved,Fragments resolved exactly
1b6ba722-0501-437b-9070-5516b864a362,Iftekhar Alam,,brochure,images/new2_converted/pdf_pages/radical hospitals/page_03.pdf,0,True,Cardiology,,Cardiology,cardiologist,,,approved,Fragments resolved exactly
1be193be-3a18-43f3-897c-8d2058f3545b,Sheikh Muhammad Ekramullah,,legacy,legacy_db,0,True,"Neurosurgery, Spine Surgery",,Neurosurgery; Spine Surgery,"neurosurgeon, spine-surgeon",,CREDENTIAL_MISMATCH,flagged,Qualification lacks required specialist credentials
1be8cb04-9337-45dc-8a54-de0ac557bd16,A. N. M. Mansur Patwary,,brochure,images/new2_converted/pdf_pages/radical hospitals/page_04.pdf,0,True,Dermatology,,Dermatology,dermatologist,,,approved,Fragments resolved exactly
1be8cb04-9337-45dc-8a54-de0ac557bd16,A. N. M. Mansur Patwary,,brochure,images/new2_converted/pdf_pages/radical hospitals/page_04.pdf,1,False,Venereology,,Venereology,sexologist,,,approved,Fragments resolved exactly
1c2142e7-43fa-465a-905c-164ce801bfd1,Rumana Islam,,brochure,images/new2_converted/pdf_pages/radical hospitals/page_03.pdf,0,True,Pediatric Neurology,,Pediatric Neurology,pediatric-neurologist,,,approved,Fragments resolved exactly
1c7cb426-9f66-4e37-9f90-975aa332ab37,Mohammad Nazrul Islam,,brochure,images/new2_converted/pdf_pages/popular dhanmondi 2/page_13.pdf,0,True,Radiology,,Radiology,radiologist,"medicine-specialist, nephrologist",TAG_NOT_IN_TEXT,approved,Fragments resolved exactly
1c7cb426-9f66-4e37-9f90-975aa332ab37,Mohammad Nazrul Islam,,brochure,images/new2_converted/pdf_pages/popular dhanmondi 2/page_13.pdf,1,False,Imaging,,Imaging,radiologist,,,approved,Fragments resolved exactly
1cb04d31-53fc-406b-b690-02d02dfc1e4c,Md. Waziul Alam Chowdhury,,legacy,legacy_db,0,True,Psychiatry,,Psychiatry,psychiatrist,,,approved,Fragments resolved exactly
1cda5006-9fc0-4d4c-a4bb-a84bb6a7d6cf,Prashanta Barikdar,,legacy,legacy_db,0,True,Radiology & Imaging,,Radiology; Imaging,radiologist,,,approved,Fragments resolved exactly
1ce4b51b-de55-4c58-8e32-5851c72fbac6,Abul Hasnat Joyardar,,legacy,legacy_db,0,True,Ent,,Ent,ent,,,approved,Fragments resolved exactly
1d0e1aac-cc6b-4557-ae80-63b623d38951,Tarek Mahmud,,legacy,legacy_db,0,True,General Physician,,General Physician,family-physician-gp,,,approved,Fragments resolved exactly
1d1e5648-15ad-421a-b316-2bab3795fad2,Mohammad Jakir Hossain,A-40831,legacy,legacy_db,0,True,"Cardiology, Interventional Cardiology",,Cardiology; Interventional Cardiology,"cardiologist, interventional-cardiologist",,,approved,Fragments resolved exactly
1d39c00e-f7bc-4ce5-aa95-40de24fc65c6,Nayeema Ferdousi,,legacy,legacy_db,0,True,Orthopedics,,Orthopedics,orthopedic-surgeon,,"CREDENTIAL_MISMATCH, DROPPED_KEYWORD",flagged,Qualification lacks required specialist credentials; Claim text keyword missing from tag umbrellas
1d3dc7e0-969a-470d-b648-1197304a6370,Rushalda Haque,,brochure,images/new2_converted/pdf_pages/popular dhanmondi 2/page_14.pdf,0,True,Radiology & Imaging,,Radiology; Imaging,radiologist,,,approved,Fragments resolved exactly
1d910534-45d0-41a7-91f9-4c0729d79e24,Shamim Ahmed,,legacy,legacy_db,0,True,"Nephrology, General Medicine, Respiratory Medicine",,Nephrology; General Medicine; Respiratory Medicine,"chest-specialist, medicine-specialist, nephrologist",,,approved,Fragments resolved exactly
1d9ad6e1-e40c-48bf-95aa-6179f092b08a,M. Bahadur Ali Miah,,legacy,legacy_db,0,True,Neurology,,Neurology,neurologist,,,approved,Fragments resolved exactly
1e6239cb-efb4-41d2-8185-a10df3154b01,Md. Rafiqul Alam,,brochure,images/new2_converted/pdf_pages/popular dhanmondi 2/page_04.pdf,0,True,Chest,,Chest,chest-specialist,medicine-specialist,TAG_NOT_IN_TEXT,approved,Fragments resolved exactly
1e6239cb-efb4-41d2-8185-a10df3154b01,Md. Rafiqul Alam,,brochure,images/new2_converted/pdf_pages/popular dhanmondi 2/page_04.pdf,1,False,Asthma,,Asthma,chest-specialist,,,approved,Fragments resolved exactly
1e6239cb-efb4-41d2-8185-a10df3154b01,Md. Rafiqul Alam,,brochure,images/new2_converted/pdf_pages/popular dhanmondi 2/page_04.pdf,2,False,Pulmonology,,Pulmonology,chest-specialist,,,approved,Fragments resolved exactly
1e719414-8302-4125-b887-86b49066fbac,Sirajum Munira,,brochure,images/new2_converted/pdf_pages/Alliance hospital/page_05.pdf,0,True,Endocrinology,,Endocrinology,endocrinologist,,,approved,Fragments resolved exactly
1e719414-8302-4125-b887-86b49066fbac,Sirajum Munira,,brochure,images/new2_converted/pdf_pages/Alliance hospital/page_05.pdf,1,False,Diabetology,,Diabetology,diabetologist,,,approved,Fragments resolved exactly
1f12f9ca-cf9f-4b1c-aafa-b8c38b770b09,Saif Hossain Khan Mark,,legacy,legacy_db,0,True,"General Medicine, Diabetes & Endocrinology, Rheumatology",,General Medicine; Diabetes; Endocrinology; Rheumatology,"diabetologist, endocrinologist, medicine-specialist, rheumatologist",,,approved,Fragments resolved exactly
1f1725be-5cf0-409f-a927-8a842bc7bc2f,Md. Ruhul Amin,,legacy,legacy_db,0,True,Pediatrics,,Pediatrics,child-specialist,,CREDENTIAL_MISMATCH,flagged,Qualification lacks required specialist credentials
1f27828b-ed38-4ce7-9a33-6b3f8ccf8596,Ataul Haque,,brochure,images/new2_converted/pdf_pages/radical hospitals/page_04.pdf,0,True,Pediatric Cardiology,,Pediatric Cardiology,pediatric-cardiologist,,CREDENTIAL_MISMATCH,flagged,Qualification lacks required specialist credentials
1f27828b-ed38-4ce7-9a33-6b3f8ccf8596,Ataul Haque,,brochure,images/new2_converted/pdf_pages/radical hospitals/page_04.pdf,1,False,Paediatrics,,Paediatrics,child-specialist,,,approved,Fragments resolved exactly
1f32bd5e-c6f3-423e-84c6-61840adf2b1b,Shakil Ghafur,,brochure,images/new2_converted/pdf_pages/popular dhanmondi 2/page_02.pdf,0,True,Cardiology,,Cardiology,cardiologist,,,approved,Fragments resolved exactly
1f32bd5e-c6f3-423e-84c6-61840adf2b1b,Shakil Ghafur,,brochure,images/new2_converted/pdf_pages/popular dhanmondi 2/page_02.pdf,1,False,Interventional Cardiology,,Interventional Cardiology,interventional-cardiologist,,,approved,Fragments resolved exactly
1f46b3f0-98e8-531f-a7a6-12b024436aa4,M. G. Azam,,legacy,legacy_db,0,True,Cardiology,,Cardiology,cardiologist,,,approved,Fragments resolved exactly
1f5432f8-bb89-4317-93db-fbc798addd2e,Md. Rashedul Islam,,legacy,legacy_db,0,True,"Neurology, General Medicine, Diabetes & Endocrinology",,Neurology; General Medicine; Diabetes; Endocrinology,"diabetologist, endocrinologist, medicine-specialist, neurologist",,,approved,Fragments resolved exactly
1fa21d38-3de9-43f9-8e62-312d22120cc8,Bithi Debnath,,brochure,images/new2_converted/pdf_pages/popular dhanmondi 2/page_06.pdf,0,True,Pediatric Neurology,,Pediatric Neurology,pediatric-neurologist,child-specialist,TAG_NOT_IN_TEXT,approved,Fragments resolved exactly
1fa21d38-3de9-43f9-8e62-312d22120cc8,Bithi Debnath,,brochure,images/new2_converted/pdf_pages/popular dhanmondi 2/page_06.pdf,1,False,Autism,,Autism,pediatric-neurologist,,,approved,Fragments resolved exactly
1fd1f806-4958-4fd5-b6b7-9af5e33acdc3,M S Zaman Shaheen,,brochure,images/new2_converted/pdf_pages/popular dhanmondi 2/page_16.pdf,0,True,Orthopaedics,,Orthopaedics,orthopedic-surgeon,,DROPPED_KEYWORD,flagged,Claim text keyword missing from tag umbrellas
1fd1f806-4958-4fd5-b6b7-9af5e33acdc3,M S Zaman Shaheen,,brochure,images/new2_converted/pdf_pages/popular dhanmondi 2/page_16.pdf,1,False,Plastic Surgery,,Plastic Surgery,plastic-surgeon,,,approved,Fragments resolved exactly
1fe4e0e1-4bf9-41b6-b3cd-9bd34357d354,Sheikh Nurul Alam,,legacy,legacy_db,0,True,Orthopedics,,Orthopedics,orthopedic-surgeon,,"CREDENTIAL_MISMATCH, DROPPED_KEYWORD",flagged,Qualification lacks required specialist credentials; Claim text keyword missing from tag umbrellas
2006110f-b50d-4500-9632-1b2a1c7caeb3,Khaleda Nasreen,,brochure,images/new2_converted/Medinova medical cards/IMG_6004.jpg,0,True,Ophthalmology,,Ophthalmology,eye-specialist,,,approved,Fragments resolved exactly
2094720c-5e0e-4d98-86a3-9f0fcedc5c5b,Mohammad Sajjad Hossain,,brochure,images/new2_converted/pdf_pages/Ibn Sina Dhanmondi/page_03.pdf,0,True,Orthopedics,,Orthopedics,orthopedic-surgeon,,DROPPED_KEYWORD,flagged,Claim text keyword missing from tag umbrellas
2094720c-5e0e-4d98-86a3-9f0fcedc5c5b,Mohammad Sajjad Hossain,,brochure,images/new2_converted/pdf_pages/Ibn Sina Dhanmondi/page_03.pdf,1,False,Trauma Surgery,,Trauma Surgery,orthopedic-surgeon,,,approved,Fragments resolved exactly
2094720c-5e0e-4d98-86a3-9f0fcedc5c5b,Mohammad Sajjad Hossain,,brochure,images/new2_converted/pdf_pages/Ibn Sina Dhanmondi/page_03.pdf,2,False,Spine Surgery,,Spine Surgery,spine-surgeon,,,approved,Fragments resolved exactly
20d2dee7-f7c4-438f-bb7c-7e15fa909c29,Sajal Majumder,,legacy,legacy_db,0,True,Pediatric Surgery,,Pediatric Surgery,pediatric-surgeon,,CREDENTIAL_MISMATCH,flagged,Qualification lacks required specialist credentials
21003738-f3dd-4f15-bf71-fac68a77bf68,Sabina Islam,,brochure,images/new2_converted/pdf_pages/radical hospitals/page_04.pdf,0,True,Breast Surgery,,Breast Surgery,breast-surgeon,,,approved,Fragments resolved exactly
21003738-f3dd-4f15-bf71-fac68a77bf68,Sabina Islam,,brochure,images/new2_converted/pdf_pages/radical hospitals/page_04.pdf,1,False,Cosmetic Surgery,,Cosmetic Surgery,plastic-surgeon,,,approved,Fragments resolved exactly
21355faa-7ace-4040-8bd3-e55dc9e61457,A M Abdullah Al Yusuf,,brochure,images/new2_converted/pdf_pages/Alliance hospital/page_05.pdf,0,True,Hepatology,,Hepatology,hepatologist,,,approved,Fragments resolved exactly
21355faa-7ace-4040-8bd3-e55dc9e61457,A M Abdullah Al Yusuf,,brochure,images/new2_converted/pdf_pages/Alliance hospital/page_05.pdf,1,False,Gastroenterology,,Gastroenterology,gastroenterologist,,,approved,Fragments resolved exactly
21355faa-7ace-4040-8bd3-e55dc9e61457,A M Abdullah Al Yusuf,,brochure,images/new2_converted/pdf_pages/Alliance hospital/page_05.pdf,2,False,Internal Medicine,,Internal Medicine,medicine-specialist,,,approved,Fragments resolved exactly
21a43c87-55f5-41f4-82e3-5973dcbd145a,Kazi Abdullah Al Mamun,,brochure,images/new2_converted/pdf_pages/Ibn Sina Dhanmondi/page_04.pdf,0,True,Physical Medicine & Rehabilitation,,Physical Medicine; Rehabilitation,physical-medicine-specialist,,,approved,Fragments resolved exactly
21a43c87-55f5-41f4-82e3-5973dcbd145a,Kazi Abdullah Al Mamun,,brochure,images/new2_converted/pdf_pages/Ibn Sina Dhanmondi/page_04.pdf,1,False,Rheumatology,,Rheumatology,rheumatologist,,,approved,Fragments resolved exactly
21cc8b09-3ddd-4b46-87e1-325f09ff055b,Abdur Rahim,,legacy,legacy_db,0,True,General Medicine,,General Medicine,medicine-specialist,,,approved,Fragments resolved exactly
21dda074-002f-4c3d-b206-e1bd7ac5130a,Md. Rehan Habib,,legacy,legacy_db,0,True,"General Medicine, Gastroenterology, Hepatology",,General Medicine; Gastroenterology; Hepatology,"gastroenterologist, hepatologist, medicine-specialist",,,approved,Fragments resolved exactly
21f853d6-0eae-4094-98eb-2ce238677626,Sheikh Sader Hossain,,legacy,legacy_db,0,True,"Neurosurgery, Spine Surgery",,Neurosurgery; Spine Surgery,"neurosurgeon, spine-surgeon",,,approved,Fragments resolved exactly
22211e5f-4dfd-462d-b5db-86d196bb3b30,Md. Anwarul Islam,,legacy,legacy_db,0,True,"Spine Surgery, Orthopedics",,Spine Surgery; Orthopedics,"orthopedic-surgeon, spine-surgeon",,DROPPED_KEYWORD,flagged,Claim text keyword missing from tag umbrellas
227f2131-6fe1-484f-9c8c-536525c74004,Md. Ahsan Ullah,,legacy,legacy_db,0,True,Physical Medicine & Rehabilitation,,Physical Medicine; Rehabilitation,physical-medicine-specialist,,,approved,Fragments resolved exactly
22823c05-6191-4382-b0ed-f2e9df4d7ffe,Ehsan Mahmud,,brochure,images/new2_converted/Medinova medical cards/IMG_6011.jpg,0,True,Neurosurgery,,Neurosurgery,neurosurgeon,,CREDENTIAL_MISMATCH,flagged,Qualification lacks required specialist credentials
22823c05-6191-4382-b0ed-f2e9df4d7ffe,Ehsan Mahmud,,brochure,images/new2_converted/Medinova medical cards/IMG_6011.jpg,1,False,Spine Surgery,,Spine Surgery,spine-surgeon,,CREDENTIAL_MISMATCH,flagged,Qualification lacks required specialist credentials
22adcae4-535d-4798-b618-5e61adea9f03,Muhammad Shibli Sadik,,legacy,legacy_db,0,True,Psychiatry & Mental Health,,Psychiatry; Mental Health,"mental-health, psychiatrist",medicine-specialist,TAG_NOT_IN_TEXT,approved,Fragments resolved exactly
22efe16a-ee30-4d7d-bb5f-9fdc3e291eab,Abdus Shakur Khan,,legacy,legacy_db,0,True,"Chest Diseases, Medicine, Respiratory Medicine",,Chest Diseases; Medicine; Respiratory Medicine,"chest-specialist, medicine-specialist",,,approved,Fragments resolved exactly
22f86099-fefa-47eb-8463-1513d9520208,Tahmina Ferdousi,,legacy,legacy_db,0,True,"General Medicine, Diabetes & Endocrinology",,General Medicine; Diabetes; Endocrinology,"diabetologist, endocrinologist, medicine-specialist",,,approved,Fragments resolved exactly
2311977f-6052-4237-9623-c940c96ca164,Md. Abdullah Alamgir,,legacy,legacy_db,0,True,Neurosurgery,,Neurosurgery,neurosurgeon,,CREDENTIAL_MISMATCH,flagged,Qualification lacks required specialist credentials
2326ed40-7b31-4684-ad02-c4bc9c85b6fe,Abdullah Al Mamun Khan,,legacy,legacy_db,0,True,Oncology,,Oncology,cancer-specialist,,CREDENTIAL_MISMATCH,flagged,Qualification lacks required specialist credentials
235388d9-2eeb-4806-8958-78b81bb5c514,Farjana Khan,,brochure,images/new2_converted/pdf_pages/popular dhanmondi 2/page_13.pdf,0,True,Radiology,,Radiology,radiologist,,,approved,Fragments resolved exactly
235388d9-2eeb-4806-8958-78b81bb5c514,Farjana Khan,,brochure,images/new2_converted/pdf_pages/popular dhanmondi 2/page_13.pdf,1,False,Imaging,,Imaging,radiologist,,,approved,Fragments resolved exactly
235388d9-2eeb-4806-8958-78b81bb5c514,Farjana Khan,,brochure,images/new2_converted/pdf_pages/popular dhanmondi 2/page_13.pdf,2,False,Sonology,,Sonology,sonologist,,,approved,Fragments resolved exactly
23b8f99a-d28b-45b2-8a00-da0480f78ade,AHM Shahidul Islam,,brochure,images/new2_converted/pdf_pages/popular dhanmondi 2/page_13.pdf,0,True,Nuclear Medicine,,Nuclear Medicine,nuclear-medicine-specialist,,,approved,Fragments resolved exactly
24571b90-ff84-494f-8dd1-26be568ebb6e,Sumon Kumar Roy,,legacy,legacy_db,0,True,Orthopedics,,Orthopedics,orthopedic-surgeon,,"CREDENTIAL_MISMATCH, DROPPED_KEYWORD",flagged,Qualification lacks required specialist credentials; Claim text keyword missing from tag umbrellas
24870430-8413-40be-9b17-dedf900dbeca,Benazir Haque (Panna),,legacy,legacy_db,0,True,"Gynecology & Obstetrics, General Surgery",,Gynecology; Obstetrics; General Surgery,"general-surgeon, gynecologist-obstetrician",medicine-specialist,"CREDENTIAL_MISMATCH, TAG_NOT_IN_TEXT",flagged,Qualification lacks required specialist credentials
248a2851-aa23-4cdb-ad36-682a57f575ff,Nusrat Mahmud,A-22465,legacy,legacy_db,0,True,"Infertility, Gynecology",,Infertility; Gynecology,"gynecologist-obstetrician, infertility-specialist",,CREDENTIAL_MISMATCH,flagged,Qualification lacks required specialist credentials
252bcc45-861b-4531-b295-a1f621e07634,Md. Jakir Hosen Patwary,,brochure,images/new2_converted/Medinova medical cards/IMG_6017.jpg,0,True,Diabetology,,Diabetology,diabetologist,,,approved,Fragments resolved exactly
25873ef3-35dd-416f-ae48-d01456e54c74,Md. Mahmudul Hasan,,legacy,legacy_db,0,True,"Neurosurgery, Spine Surgery",,Neurosurgery; Spine Surgery,"neurosurgeon, spine-surgeon",,CREDENTIAL_MISMATCH,flagged,Qualification lacks required specialist credentials
258b5e03-427c-4227-92d3-9bb24277590c,Waliza R. Hoque,,legacy,legacy_db,0,True,Gynecology & Obstetrics,,Gynecology; Obstetrics,gynecologist-obstetrician,medicine-specialist,TAG_NOT_IN_TEXT,approved,Fragments resolved exactly
25f73931-7243-4505-b04c-cccbeecba472,M.. Nizamul Haque,,legacy,legacy_db,0,True,Oncology,,Oncology,cancer-specialist,,CREDENTIAL_MISMATCH,flagged,Qualification lacks required specialist credentials
262d4e39-3e8f-49d8-b4e3-659fcfdd902f,Md. Mahbub Alam,,brochure,images/new2_converted/pdf_pages/popular dhanmondi 2/page_12.pdf,0,True,ENT & Head & Neck Surgery,,ENT; Head; Neck Surgery,"ent, head-neck-surgeon",,CREDENTIAL_MISMATCH,flagged,Qualification lacks required specialist credentials
26487d76-7cba-4842-96f2-1560ed92131a,Md. Sakib Imtisar,,legacy,legacy_db,0,True,Neurosurgery,,Neurosurgery,neurosurgeon,,CREDENTIAL_MISMATCH,flagged,Qualification lacks required specialist credentials
266be024-3105-49a6-95b4-0ba864453436,Lailun Nahar (Kakuli),A-56016,legacy,legacy_db,0,True,"Plastic Surgery, Reconstructive Surgery",,Plastic Surgery; Reconstructive Surgery,plastic-surgeon,,,approved,Fragments resolved exactly
266e89eb-1046-43b4-aaa2-e29149932125,M. S. Alam,,brochure,images/new2_converted/pdf_pages/popular dhanmondi 2/page_14.pdf,0,True,Medicine,,Medicine,medicine-specialist,"endocrinologist, hepatologist",TAG_NOT_IN_TEXT,approved,Fragments resolved exactly
266e89eb-1046-43b4-aaa2-e29149932125,M. S. Alam,,brochure,images/new2_converted/pdf_pages/popular dhanmondi 2/page_14.pdf,1,False,Gastroenterology,,Gastroenterology,gastroenterologist,,,approved,Fragments resolved exactly
266e89eb-1046-43b4-aaa2-e29149932125,M. S. Alam,,brochure,images/new2_converted/pdf_pages/popular dhanmondi 2/page_14.pdf,2,False,Diabetology,,Diabetology,diabetologist,,,approved,Fragments resolved exactly
267a988f-85ab-484d-a2bf-435768b66327,Yamin Shahriar Chowdhury,,legacy,legacy_db,0,True,Pediatric Neurology,,Pediatric Neurology,pediatric-neurologist,,CREDENTIAL_MISMATCH,flagged,Qualification lacks required specialist credentials
26a48186-0750-4dec-a1cf-1c304cc91fa8,Md. Oliul Islam (Maruf),,legacy,legacy_db,0,True,Urology,,Urology,urologist,,,approved,Fragments resolved exactly
27060187-d1d6-45a7-8260-ea733001c0a5,Farzana Afroz (Rimu),,legacy,legacy_db,0,True,Gynecology & Obstetrics,,Gynecology; Obstetrics,gynecologist-obstetrician,medicine-specialist,"CREDENTIAL_MISMATCH, TAG_NOT_IN_TEXT",flagged,Qualification lacks required specialist credentials
273818f4-ab34-41d7-a623-fffa935d474f,Rowshon Jahan Rozy,,legacy,legacy_db,0,True,"Gynecology & Obstetrics, Infertility & Reproductive Medicine",,Gynecology; Obstetrics; Infertility; Reproductive Medicine,"gynecologist-obstetrician, infertility-specialist",medicine-specialist,"CREDENTIAL_MISMATCH, TAG_NOT_IN_TEXT",flagged,Qualification lacks required specialist credentials
276e9bde-f985-4296-bdc5-49fadde4ec9b,Md. Zahid Raihan,,legacy,legacy_db,0,True,"Neurosurgery, Spine Surgery",,Neurosurgery; Spine Surgery,"neurosurgeon, spine-surgeon",,CREDENTIAL_MISMATCH,flagged,Qualification lacks required specialist credentials
27909e21-4051-455b-be4c-d138c2136fba,Dewan Shamsul Asif,,legacy,legacy_db,0,True,"Neurosurgery, Spine Surgery",,Neurosurgery; Spine Surgery,"neurosurgeon, spine-surgeon",,CREDENTIAL_MISMATCH,flagged,Qualification lacks required specialist credentials
27a41518-74f9-4fe3-828a-03204ab4d001,Mohammad Abul Kalam Azad,,legacy,legacy_db,0,True,Plastic & Cosmetic Surgery,,Plastic; Cosmetic Surgery,plastic-surgeon,medicine-specialist,"CREDENTIAL_MISMATCH, TAG_NOT_IN_TEXT",flagged,Qualification lacks required specialist credentials
27ae0350-0199-4951-b60b-499b1bf84d7b,Ishrat Binte Reza,,legacy,legacy_db,0,True,"Medicine, General Medicine, Internal Medicine",,Medicine; General Medicine; Internal Medicine,medicine-specialist,,,approved,Fragments resolved exactly
27d85e57-bf0d-4a16-8837-acfa51a17f1f,A.K.M. Mohiuddin Bhuiyan (Masum),,legacy,legacy_db,0,True,"General Medicine, Diabetes & Endocrinology, Cardiology",,General Medicine; Diabetes; Endocrinology; Cardiology,"cardiologist, diabetologist, endocrinologist, medicine-specialist",,,approved,Fragments resolved exactly
280c0a6d-b522-4232-941e-e258316b5fd7,Ali Imam Ahsan,,legacy,legacy_db,0,True,"ENT (Otolaryngology), Ent, Head And Neck Surgery",,ENT (Otolaryngology; Ent; Head; Neck Surgery,"ent, head-neck-surgeon",ent-specialist,"CREDENTIAL_MISMATCH, TAG_NOT_IN_TEXT, UNMAPPED_FRAGMENT",flagged,Qualification lacks required specialist credentials; Unmapped fragments: ENT (Otolaryngology
282c4661-4aa6-4523-aa4c-6504a2d675a4,Md. Anisul Gani Khan,,legacy,legacy_db,0,True,Cardiology,,Cardiology,cardiologist,,CREDENTIAL_MISMATCH,flagged,Qualification lacks required specialist credentials
28507bd1-c117-47bb-b187-9902a40f4b44,H. M. Mezbah Uddin,,legacy,legacy_db,0,True,Pediatric Surgery,,Pediatric Surgery,pediatric-surgeon,,CREDENTIAL_MISMATCH,flagged,Qualification lacks required specialist credentials
285811fe-7fdc-41e9-9936-6ec024e45faf,Sheikh Zahid Bakhsh,,legacy,legacy_db,0,True,Pediatric Surgery,,Pediatric Surgery,pediatric-surgeon,,CREDENTIAL_MISMATCH,flagged,Qualification lacks required specialist credentials
28672bf8-9df8-4447-a564-1895fb02bf05,Musarrat Sultana (Sumi),A-23819,brochure,images/new2_converted/Ibn Sina Cards/IMG_5998.jpg,0,True,Obstetrics & Gynaecology,,Obstetrics; Gynaecology,gynecologist-obstetrician,"medicine-specialist, urologist",TAG_NOT_IN_TEXT,approved,Fragments resolved exactly
28672bf8-9df8-4447-a564-1895fb02bf05,Musarrat Sultana (Sumi),A-23819,brochure,images/new2_converted/Ibn Sina Cards/IMG_5998.jpg,1,False,Urogynaecology,,Urogynaecology,gynecologist-obstetrician,,,approved,Fragments resolved exactly
286c78ca-9bc9-4481-a398-89eef92bb77a,Sumaiya Akter,,legacy,legacy_db,0,True,"Gynecology & Obstetrics, General Surgery",,Gynecology; Obstetrics; General Surgery,"general-surgeon, gynecologist-obstetrician",medicine-specialist,"CREDENTIAL_MISMATCH, TAG_NOT_IN_TEXT",flagged,Qualification lacks required specialist credentials
2875f39c-596f-4169-a51b-5ec0ea3f47ec,Amiruzzaman (Sumon),,legacy,legacy_db,0,True,"General Medicine, Oncology",,General Medicine; Oncology,"cancer-specialist, medicine-specialist",,CREDENTIAL_MISMATCH,flagged,Qualification lacks required specialist credentials
28968c52-2825-4708-90c4-94c53c36f0e8,Parth Prateek Roy,,brochure,images/new2_converted/pdf_pages/Japan bangladesh Friendship Hospital/page_04.pdf,0,True,Gastroenterology,,Gastroenterology,gastroenterologist,,,approved,Fragments resolved exactly
28968c52-2825-4708-90c4-94c53c36f0e8,Parth Prateek Roy,,brochure,images/new2_converted/pdf_pages/Japan bangladesh Friendship Hospital/page_04.pdf,1,False,Liver,,Liver,hepatologist,,,approved,Fragments resolved exactly
28bc27bc-ca2b-4d97-b3dd-b45f77d8f98d,Salma Sultana,,legacy,legacy_db,0,True,General Physician,,General Physician,family-physician-gp,,,approved,Fragments resolved exactly
28c8d07a-8464-4e7d-9451-4e73080d8da9,Sharmin Akter Rupa,,legacy,legacy_db,0,True,Radiology & Imaging,,Radiology; Imaging,radiologist,,,approved,Fragments resolved exactly
296923b4-33a4-41b5-9452-012ddbb1f8ac,Nadia Afroz,,brochure,images/new2_converted/pdf_pages/Alliance hospital/page_05.pdf,0,True,Psychiatry,,Psychiatry,psychiatrist,,,approved,Fragments resolved exactly
296923b4-33a4-41b5-9452-012ddbb1f8ac,Nadia Afroz,,brochure,images/new2_converted/pdf_pages/Alliance hospital/page_05.pdf,1,False,Mental Health,,Mental Health,mental-health,,,approved,Fragments resolved exactly
2973d627-53ae-4ccf-8dfe-326d2620f8aa,Md. Abul Hossain,,brochure,images/new2_converted/pdf_pages/radical hospitals/page_03.pdf,0,True,ENT,,ENT,ent,urologist,TAG_NOT_IN_TEXT,approved,Fragments resolved exactly
299cbf4e-e772-4788-bf67-d40772f29fea,Muhammad Zafir Uddin,,brochure,images/new2_converted/Ibn Sina Cards/IMG_6003.jpg,0,True,Medicine,,Medicine,medicine-specialist,,,approved,Fragments resolved exactly
299cbf4e-e772-4788-bf67-d40772f29fea,Muhammad Zafir Uddin,,brochure,images/new2_converted/Ibn Sina Cards/IMG_6003.jpg,1,False,Diabetes,,Diabetes,diabetologist,,,approved,Fragments resolved exactly
299cbf4e-e772-4788-bf67-d40772f29fea,Muhammad Zafir Uddin,,brochure,images/new2_converted/Ibn Sina Cards/IMG_6003.jpg,2,False,Chest,,Chest,chest-specialist,,,approved,Fragments resolved exactly
299cbf4e-e772-4788-bf67-d40772f29fea,Muhammad Zafir Uddin,,brochure,images/new2_converted/Ibn Sina Cards/IMG_6003.jpg,3,False,Rheumatology,,Rheumatology,rheumatologist,,,approved,Fragments resolved exactly
299cbf4e-e772-4788-bf67-d40772f29fea,Muhammad Zafir Uddin,,brochure,images/new2_converted/Ibn Sina Cards/IMG_6003.jpg,4,False,Gastroenterology,,Gastroenterology,gastroenterologist,,,approved,Fragments resolved exactly
29c01ca3-be48-498b-91ca-318e7f83c824,Samshad Jahan Shelly,,brochure,images/new2_converted/pdf_pages/Japan bangladesh Friendship Hospital/page_06.pdf,0,True,Obstetrics & Gynaecology,,Obstetrics; Gynaecology,gynecologist-obstetrician,medicine-specialist,TAG_NOT_IN_TEXT,approved,Fragments resolved exactly
29c01ca3-be48-498b-91ca-318e7f83c824,Samshad Jahan Shelly,,brochure,images/new2_converted/pdf_pages/Japan bangladesh Friendship Hospital/page_06.pdf,1,False,Laparoscopic Surgery,,Laparoscopic Surgery,laparoscopic-surgeon,,,approved,Fragments resolved exactly
29d4350e-ed3a-4085-aa03-ff0fe599cc70,Mohammad Obaidul Sarkar,,brochure,images/new2_converted/pdf_pages/radical hospitals/page_03.pdf,0,True,Pediatrics,,Pediatrics,child-specialist,,,approved,Fragments resolved exactly
29d85079-6d75-4d64-8504-f53328c78581,Manabendra Nath Nag,214,legacy,legacy_db,0,True,General Medicine,,General Medicine,medicine-specialist,,,approved,Fragments resolved exactly
29e567ca-55ac-4498-abd6-b481991700a6,Mohammad Zakir Hossain,,legacy,legacy_db,0,True,Radiology & Imaging,,Radiology; Imaging,radiologist,,,approved,Fragments resolved exactly
29f8f935-5d7b-4adb-a9fe-e76c9d3a4c4b,Md. Nahid Hasan,,legacy,legacy_db,0,True,"General Medicine, Cardiology",,General Medicine; Cardiology,"cardiologist, medicine-specialist",,CREDENTIAL_MISMATCH,flagged,Qualification lacks required specialist credentials
2a16ce2c-a0e4-4e62-9db8-e7f9e999ef94,Kuntal Ray,A-44243,legacy,legacy_db,0,True,Pediatrics,,Pediatrics,child-specialist,,,approved,Fragments resolved exactly
2a21b9a9-571e-4579-b3f5-ff06980efd75,Abdul Matin,,legacy,legacy_db,0,True,Pediatrics,,Pediatrics,child-specialist,,CREDENTIAL_MISMATCH,flagged,Qualification lacks required specialist credentials
2a4c0d72-ec89-49d1-8c1c-827a190921da,A.. K.. M.. Rafiqul Bari,,legacy,legacy_db,0,True,Infertility & Reproductive Medicine,,Infertility; Reproductive Medicine,infertility-specialist,medicine-specialist,"CREDENTIAL_MISMATCH, TAG_NOT_IN_TEXT",flagged,Qualification lacks required specialist credentials
2a8f39f4-41a7-4fbc-82a0-9e14f259312a,Towhid Md. Saiful Hossain (Dipu),,legacy,legacy_db,0,True,Urology,,Urology,urologist,,,approved,Fragments resolved exactly
2b1fcefb-060e-48cd-a075-ea2aceaa488d,Mahamud Riyad (Foysal),,brochure,images/new2_converted/pdf_pages/popular dhanmondi 2/page_15.pdf,0,True,General Surgery,,General Surgery,general-surgeon,colorectal-surgeon,TAG_NOT_IN_TEXT,approved,Fragments resolved exactly
2b1fcefb-060e-48cd-a075-ea2aceaa488d,Mahamud Riyad (Foysal),,brochure,images/new2_converted/pdf_pages/popular dhanmondi 2/page_15.pdf,1,False,Laparoscopic Surgery,,Laparoscopic Surgery,laparoscopic-surgeon,,,approved,Fragments resolved exactly
2b562a67-9160-4fc6-a45b-47b317a55c92,Md. Arif Hossain Bhuiyan,,brochure,images/new2_converted/Ibn Sina Cards/IMG_5993.jpg,0,True,ENT,,ENT,ent,,,approved,Fragments resolved exactly
2b562a67-9160-4fc6-a45b-47b317a55c92,Md. Arif Hossain Bhuiyan,,brochure,images/new2_converted/Ibn Sina Cards/IMG_5993.jpg,1,False,Otolaryngology,,Otolaryngology,ent-specialist,,,approved,Fragments resolved exactly
2b61fa8d-0f9c-4cdf-9f75-e048a0068694,Md. Nazrul Islam,,legacy,legacy_db,0,True,"Nephrology, General Medicine",,Nephrology; General Medicine,"medicine-specialist, nephrologist",,,approved,Fragments resolved exactly
2bb19410-cde3-44fd-9055-32f464a345f8,Md. Shafiqul Islam,,brochure,images/new2_converted/pdf_pages/popular dhanmondi 2/page_08.pdf,0,True,Neurosurgery,,Neurosurgery,neurosurgeon,,,approved,Fragments resolved exactly
2bb19410-cde3-44fd-9055-32f464a345f8,Md. Shafiqul Islam,,brochure,images/new2_converted/pdf_pages/popular dhanmondi 2/page_08.pdf,1,False,Stroke,,Stroke,neurologist,,,approved,Fragments resolved exactly
2bb19410-cde3-44fd-9055-32f464a345f8,Md. Shafiqul Islam,,brochure,images/new2_converted/pdf_pages/popular dhanmondi 2/page_08.pdf,2,False,Endovascular Surgery,,Endovascular Surgery,vascular-surgeon,,,approved,Fragments resolved exactly
2bb94333-57d3-4179-b89d-bdbc57e20219,Md. Moinul Hossain,,legacy,legacy_db,0,True,"General Medicine, Pain Management",,General Medicine; Pain Management,"medicine-specialist, pain-specialist",,,approved,Fragments resolved exactly
2bde37d9-4b75-4411-8576-b379a8a72241,Mirza Sharifuzzaman,,legacy,legacy_db,0,True,Diabetes & Endocrinology,,Diabetes; Endocrinology,"diabetologist, endocrinologist",,,approved,Fragments resolved exactly
2bdee71d-7d6e-4bbe-a5d1-878cc51a7ff0,A. S. M. A. Raihan,,brochure,images/new2_converted/pdf_pages/popular dhanmondi 2/page_06.pdf,0,True,Gastroenterology,,Gastroenterology,gastroenterologist,,,approved,Fragments resolved exactly
2bdee71d-7d6e-4bbe-a5d1-878cc51a7ff0,A. S. M. A. Raihan,,brochure,images/new2_converted/pdf_pages/popular dhanmondi 2/page_06.pdf,1,False,Liver & Pancreatic Diseases,,Liver; Pancreatic Diseases,"hepatobiliary-surgeon, hepatologist",,CREDENTIAL_MISMATCH,flagged,Qualification lacks required specialist credentials
2cc28e6a-c579-4738-95e4-8f9fb2190e07,Kazi Fazlur Rahman,,brochure,images/new2_converted/pdf_pages/Japan bangladesh Friendship Hospital/page_07.pdf,0,True,Hematology,,Hematology,hematologist,,,approved,Fragments resolved exactly
2cc28e6a-c579-4738-95e4-8f9fb2190e07,Kazi Fazlur Rahman,,brochure,images/new2_converted/pdf_pages/Japan bangladesh Friendship Hospital/page_07.pdf,1,False,Internal Medicine,,Internal Medicine,medicine-specialist,,,approved,Fragments resolved exactly
2cda5fd6-06fc-4d70-9074-5dbb73764382,Mohammad Shahed Ashraf,,brochure,images/new2_converted/pdf_pages/popular dhanmondi 2/page_07.pdf,0,True,Hepatology,,Hepatology,hepatologist,,,approved,Fragments resolved exactly
2cda5fd6-06fc-4d70-9074-5dbb73764382,Mohammad Shahed Ashraf,,brochure,images/new2_converted/pdf_pages/popular dhanmondi 2/page_07.pdf,1,False,Liver,,Liver,hepatologist,,,approved,Fragments resolved exactly
2cda5fd6-06fc-4d70-9074-5dbb73764382,Mohammad Shahed Ashraf,,brochure,images/new2_converted/pdf_pages/popular dhanmondi 2/page_07.pdf,2,False,Gastroenterology,,Gastroenterology,gastroenterologist,,,approved,Fragments resolved exactly
2e174ab4-085f-4749-b0b2-28e247e19e82,Sakib Rana,,legacy,legacy_db,0,True,Pediatrics,,Pediatrics,child-specialist,,CREDENTIAL_MISMATCH,flagged,Qualification lacks required specialist credentials
2e330dc8-f65c-491b-b4da-408e96b1d7e7,Nasrin Begum,,brochure,images/new2_converted/pdf_pages/Japan bangladesh Friendship Hospital/page_06.pdf,0,True,Obstetrics & Gynaecology,,Obstetrics; Gynaecology,gynecologist-obstetrician,medicine-specialist,"CREDENTIAL_MISMATCH, TAG_NOT_IN_TEXT",flagged,Qualification lacks required specialist credentials
2e969b58-9a21-49ab-bb18-08b568fb4864,Shudhanshu Kumar Saha,,brochure,images/new2_converted/pdf_pages/popular dhanmondi 2/page_15.pdf,0,True,Nephrology,,Nephrology,nephrologist,"diabetologist, medicine-specialist",TAG_NOT_IN_TEXT,approved,Fragments resolved exactly
2e969b58-9a21-49ab-bb18-08b568fb4864,Shudhanshu Kumar Saha,,brochure,images/new2_converted/pdf_pages/popular dhanmondi 2/page_15.pdf,1,False,Kidney Medicine,,Kidney Medicine,nephrologist,,,approved,Fragments resolved exactly
2f075c2e-a516-4175-9b28-77128dbfb9cc,Md. Rajibur Rahman,,legacy,legacy_db,0,True,Psychiatry & Mental Health,,Psychiatry; Mental Health,"mental-health, psychiatrist",medicine-specialist,TAG_NOT_IN_TEXT,approved,Fragments resolved exactly
2f0b35e3-b1e4-406f-8443-07da19ce91ab,Jahidul Haq,,legacy,legacy_db,0,True,"Colorectal Surgery, General Surgery",,Colorectal Surgery; General Surgery,"colorectal-surgeon, general-surgeon",,,approved,Fragments resolved exactly
2f52fa34-d2f8-42d5-b381-e009400abc91,Kazi Shamim Uzzaman,,legacy,legacy_db,0,True,"General Surgery, Orthopedics, Spine Surgery",,General Surgery; Orthopedics; Spine Surgery,"general-surgeon, orthopedic-surgeon, spine-surgeon",,DROPPED_KEYWORD,flagged,Claim text keyword missing from tag umbrellas
2f56a4b2-ac88-4056-aac1-c692fd53c496,Kamrul Millat,A-52475,legacy,legacy_db,0,True,"General Medicine, Hepatology, Gastroenterology",,General Medicine; Hepatology; Gastroenterology,"gastroenterologist, hepatologist, medicine-specialist",,,approved,Fragments resolved exactly
2f688909-a18c-4522-8188-e013143a8523,S Biswas Sajal,,brochure,images/new2_converted/pdf_pages/Alliance hospital/page_05.pdf,0,True,Gastroenterology,,Gastroenterology,gastroenterologist,,,approved,Fragments resolved exactly
2f688909-a18c-4522-8188-e013143a8523,S Biswas Sajal,,brochure,images/new2_converted/pdf_pages/Alliance hospital/page_05.pdf,1,False,Hepatology,,Hepatology,hepatologist,,,approved,Fragments resolved exactly
2f86ec1e-2372-4aea-b695-c541dc03f7e1,Tasmina Chowdhury (Tuli),,brochure,images/new2_converted/pdf_pages/popular dhanmondi 2/page_15.pdf,0,True,Internal Medicine,,Internal Medicine,medicine-specialist,,,approved,Fragments resolved exactly
2f89031c-72a9-45a3-accb-75c554a02658,Md. Azharul Islam (Rafi),,legacy,legacy_db,0,True,"Cardiology, Medicine",,Cardiology; Medicine,"cardiologist, medicine-specialist",,CREDENTIAL_MISMATCH,flagged,Qualification lacks required specialist credentials
2f8c200d-cbce-472a-82db-71bec45274a4,Md. Arifur Rahman,,brochure,images/new2_converted/pdf_pages/Ibn Sina Dhanmondi/page_07.pdf,0,True,Gastroenterology,,Gastroenterology,gastroenterologist,pediatric-surgeon,TAG_NOT_IN_TEXT,approved,Fragments resolved exactly
2f8c200d-cbce-472a-82db-71bec45274a4,Md. Arifur Rahman,,brochure,images/new2_converted/pdf_pages/Ibn Sina Dhanmondi/page_07.pdf,1,False,Hepatology,,Hepatology,hepatologist,,,approved,Fragments resolved exactly
2f8c200d-cbce-472a-82db-71bec45274a4,Md. Arifur Rahman,,brochure,images/new2_converted/pdf_pages/Ibn Sina Dhanmondi/page_07.pdf,2,False,General Medicine,,General Medicine,medicine-specialist,,,approved,Fragments resolved exactly
2fb901a2-c703-4497-8298-f879045fd833,S. M. Kamrul Akter (Santu),,legacy,legacy_db,0,True,General Surgery,,General Surgery,general-surgeon,,CREDENTIAL_MISMATCH,flagged,Qualification lacks required specialist credentials
2fcc0e38-ab34-452d-b192-c49266e9cdf5,Ismat Jahan,,brochure,images/new2_converted/pdf_pages/popular dhanmondi 2/page_11.pdf,0,True,Neonatology,,Neonatology,neonatologist,,,approved,Fragments resolved exactly
2fcc0e38-ab34-452d-b192-c49266e9cdf5,Ismat Jahan,,brochure,images/new2_converted/pdf_pages/popular dhanmondi 2/page_11.pdf,1,False,Paediatrics,,Paediatrics,child-specialist,,,approved,Fragments resolved exactly
2febb352-2737-449b-956d-e543dcc2ce1e,P. C. Biswas,,legacy,legacy_db,0,True,Urology,,Urology,urologist,,,approved,Fragments resolved exactly
2ff5f633-e93a-4e48-bab2-0408cd1ba8cc,H.. E.. M.. Rezwanunnoor Rahman,,legacy,legacy_db,0,True,Nephrology,,Nephrology,nephrologist,,,approved,Fragments resolved exactly
30173240-7a0c-4f9b-9361-38313a21b8b5,Anisul Haque,,brochure,images/new2_converted/pdf_pages/popular dhanmondi 2/page_05.pdf,0,True,Neurology,,Neurology,neurologist,neurosurgeon,TAG_NOT_IN_TEXT,approved,Fragments resolved exactly
302120a2-cbf5-4b66-b12b-4decda36ab8e,Monimul Hoque,,brochure,images/new2_converted/pdf_pages/popular dhanmondi 2/page_11.pdf,0,True,Paediatrics,,Paediatrics,child-specialist,,CREDENTIAL_MISMATCH,flagged,Qualification lacks required specialist credentials
30566028-0609-4169-bd90-e06b6682d973,M. Delowar Hossain,,brochure,images/new2_converted/Ibn Sina Cards/IMG_5999.jpg,0,True,Chest Diseases,,Chest Diseases,chest-specialist,,,approved,Fragments resolved exactly
30566028-0609-4169-bd90-e06b6682d973,M. Delowar Hossain,,brochure,images/new2_converted/Ibn Sina Cards/IMG_5999.jpg,1,False,Respiratory Medicine,,Respiratory Medicine,chest-specialist,,,approved,Fragments resolved exactly
30566028-0609-4169-bd90-e06b6682d973,M. Delowar Hossain,,brochure,images/new2_converted/Ibn Sina Cards/IMG_5999.jpg,2,False,Asthma,,Asthma,chest-specialist,,,approved,Fragments resolved exactly
306d966d-16bb-4570-bd45-9b860dbe485e,Kazi Irfan Subhan,,brochure,images/new2_converted/pdf_pages/popular dhanmondi 2/page_08.pdf,0,True,Neurosurgery,,Neurosurgery,neurosurgeon,,,approved,Fragments resolved exactly
306d966d-16bb-4570-bd45-9b860dbe485e,Kazi Irfan Subhan,,brochure,images/new2_converted/pdf_pages/popular dhanmondi 2/page_08.pdf,1,False,Spine Surgery,,Spine Surgery,spine-surgeon,,,approved,Fragments resolved exactly
30cbae2a-65e3-4e2e-a7a1-dc24f1bfcb96,S. A. Jonayed,,brochure,images/new2_converted/pdf_pages/popular dhanmondi 2/page_10.pdf,0,True,Orthopedic Surgery,,Orthopedic Surgery,orthopedic-surgeon,,DROPPED_KEYWORD,flagged,Claim text keyword missing from tag umbrellas
30cbae2a-65e3-4e2e-a7a1-dc24f1bfcb96,S. A. Jonayed,,brochure,images/new2_converted/pdf_pages/popular dhanmondi 2/page_10.pdf,1,False,Spine Surgery,,Spine Surgery,spine-surgeon,,,approved,Fragments resolved exactly
30cbae2a-65e3-4e2e-a7a1-dc24f1bfcb96,S. A. Jonayed,,brochure,images/new2_converted/pdf_pages/popular dhanmondi 2/page_10.pdf,2,False,Trauma,,Trauma,orthopedic-surgeon,,,approved,Fragments resolved exactly
30eee9dd-052d-4703-a4cc-e9395f3c03df,Nelema Jahan,,brochure,images/new2_converted/pdf_pages/popular dhanmondi 2/page_09.pdf,0,True,Breast Surgery,,Breast Surgery,breast-surgeon,,,approved,Fragments resolved exactly
30eee9dd-052d-4703-a4cc-e9395f3c03df,Nelema Jahan,,brochure,images/new2_converted/pdf_pages/popular dhanmondi 2/page_09.pdf,1,False,Colorectal Surgery,,Colorectal Surgery,colorectal-surgeon,,,approved,Fragments resolved exactly
30eee9dd-052d-4703-a4cc-e9395f3c03df,Nelema Jahan,,brochure,images/new2_converted/pdf_pages/popular dhanmondi 2/page_09.pdf,2,False,General Surgery,,General Surgery,general-surgeon,,,approved,Fragments resolved exactly
30f3a495-5fc6-47b3-9b49-7874fa02b3a6,Nayeema Ferdousi,অ-৩৬২৯৯,legacy,legacy_db,0,True,Orthopedics,,Orthopedics,orthopedic-surgeon,,"CREDENTIAL_MISMATCH, DROPPED_KEYWORD",flagged,Qualification lacks required specialist credentials; Claim text keyword missing from tag umbrellas
311ec3c8-468c-434f-9fc6-cc1e5fb891fe,Arunabha Paul,এ-৫১৪৪৬,legacy,legacy_db,0,True,"General Medicine, Diabetes & Endocrinology",,General Medicine; Diabetes; Endocrinology,"diabetologist, endocrinologist, medicine-specialist",,,approved,Fragments resolved exactly
31337ecf-a6af-45a4-963d-c7d9fccea7d1,Abu Yusuf Fakir,,brochure,images/new2_converted/pdf_pages/popular dhanmondi 2/page_12.pdf,0,True,ENT & Head & Neck Surgery,,ENT; Head; Neck Surgery,"ent, head-neck-surgeon",,,approved,Fragments resolved exactly
318bb929-e866-4a4e-a625-6daa611e2f3b,Md. Arif Akbar Shebal,,legacy,legacy_db,0,True,General Medicine,,General Medicine,medicine-specialist,,,approved,Fragments resolved exactly
31a2a95a-39c0-437f-a74e-0f8a47268baa,Md. Mushfiqur Rahman,,legacy,legacy_db,0,True,"Vascular Surgery, Cardiac Surgery",,Vascular Surgery; Cardiac Surgery,"cardiac-surgeon, vascular-surgeon",,CREDENTIAL_MISMATCH,flagged,Qualification lacks required specialist credentials
31a6ac8d-b562-4d23-9e90-ade3cb298473,Ranada Prasad Roy,,legacy,legacy_db,0,True,Oncology,,Oncology,cancer-specialist,,CREDENTIAL_MISMATCH,flagged,Qualification lacks required specialist credentials
31aceb96-3cac-47db-b606-52bff9acfdf7,Nilima Jahan,,legacy,legacy_db,0,True,General Physician,,General Physician,family-physician-gp,,,approved,Fragments resolved exactly
31bf1e36-11b6-4bec-b75f-95556ad011ea,Sultana Parveen,,brochure,images/new2_converted/pdf_pages/Alliance hospital/page_03.pdf,0,True,General Surgery,,General Surgery,general-surgeon,,,approved,Fragments resolved exactly
31bf1e36-11b6-4bec-b75f-95556ad011ea,Sultana Parveen,,brochure,images/new2_converted/pdf_pages/Alliance hospital/page_03.pdf,1,False,Breast Surgery,,Breast Surgery,breast-surgeon,,,approved,Fragments resolved exactly
31bf1e36-11b6-4bec-b75f-95556ad011ea,Sultana Parveen,,brochure,images/new2_converted/pdf_pages/Alliance hospital/page_03.pdf,2,False,Oncology Surgery,,Oncology Surgery,cancer-surgeon,,,approved,Fragments resolved exactly
31da9b84-66c9-4207-ab0b-ef4d5ed58e38,Rezaul Haque,,brochure,images/new2_converted/pdf_pages/popular dhanmondi 2/page_04.pdf,0,True,Asthma,,Asthma,chest-specialist,allergy-immunologist,TAG_NOT_IN_TEXT,approved,Fragments resolved exactly
31da9b84-66c9-4207-ab0b-ef4d5ed58e38,Rezaul Haque,,brochure,images/new2_converted/pdf_pages/popular dhanmondi 2/page_04.pdf,1,False,Chest,,Chest,chest-specialist,,,approved,Fragments resolved exactly
31da9b84-66c9-4207-ab0b-ef4d5ed58e38,Rezaul Haque,,brochure,images/new2_converted/pdf_pages/popular dhanmondi 2/page_04.pdf,2,False,Medicine,,Medicine,medicine-specialist,,,approved,Fragments resolved exactly
31da9b84-66c9-4207-ab0b-ef4d5ed58e38,Rezaul Haque,,brochure,images/new2_converted/pdf_pages/popular dhanmondi 2/page_04.pdf,3,False,Respiratory Medicine,,Respiratory Medicine,chest-specialist,,,approved,Fragments resolved exactly
31f2083c-8d01-4449-b047-f94708617014,Iffat Ara Shamsad,,legacy,legacy_db,0,True,Pediatrics,,Pediatrics,child-specialist,,CREDENTIAL_MISMATCH,flagged,Qualification lacks required specialist credentials
3216c1fe-6373-5b07-a4a5-376497ed4442,Harun-Or-Rashid,,legacy,legacy_db,0,True,General Medicine,,General Medicine,medicine-specialist,,,approved,Fragments resolved exactly
32649468-e658-4a0f-8c82-2a5de5e622b2,Md. Shahiduzzaman,,legacy,legacy_db,0,True,"Orthopedics, Spine Surgery, Bone And Joint",,Orthopedics; Spine Surgery; Bone; Joint,"orthopedic-surgeon, spine-surgeon",,"CREDENTIAL_MISMATCH, DROPPED_KEYWORD",flagged,Qualification lacks required specialist credentials; Claim text keyword missing from tag umbrellas
32993b05-0abb-48d3-907a-5d977e2c23f4,Farjana Rahman Dalia,,brochure,images/new2_converted/Medinova medical cards/IMG_6016.jpg,0,True,Obstetrics & Gynaecology,,Obstetrics; Gynaecology,gynecologist-obstetrician,medicine-specialist,TAG_NOT_IN_TEXT,approved,Fragments resolved exactly
3319471c-e4a1-45ea-b300-8f64917a2d41,Nasreen Sultana,,legacy,legacy_db,0,True,Dermatology & Venereology,,Dermatology; Venereology,"dermatologist, sexologist",,,approved,Fragments resolved exactly
332bee65-07a9-49c1-ad9b-99f2543c7bac,Mirza Mohammad Hiron,,legacy,legacy_db,0,True,Respiratory Medicine,,Respiratory Medicine,chest-specialist,,,approved,Fragments resolved exactly
333c0e6c-5079-4e9c-b758-3ff6e8084aa0,Sharmin Sultana (Lopa),,legacy,legacy_db,0,True,"Gynecology, Obstetrics, Infertility, Diabetology",,Gynecology; Obstetrics; Infertility; Diabetology,"diabetologist, gynecologist-obstetrician, infertility-specialist",,,approved,Fragments resolved exactly
33a61959-bd2f-4737-b694-ac8bcb391c02,Md. Zakaria-Al-Aziz,,legacy,legacy_db,0,True,General Medicine,,General Medicine,medicine-specialist,,,approved,Fragments resolved exactly
33ad8796-663d-44df-856a-41c5f8bd8514,A.S.M. Bazlul Karim,,legacy,legacy_db,0,True,Pediatrics,,Pediatrics,child-specialist,,,approved,Fragments resolved exactly
33b6ecc7-7635-45a9-9acc-3f4ca4c2780f,Debesh Chandra Talukder,,legacy,legacy_db,0,True,General Physician,,General Physician,family-physician-gp,,,approved,Fragments resolved exactly
33f3583a-aaa5-42cb-acdc-fda79599511c,Mohammad Sirajul Islam,,brochure,images/new2_converted/Ibn Sina Cards/IMG_6003.jpg,0,True,Orthopedic Surgery,,Orthopedic Surgery,orthopedic-surgeon,spine-surgeon,"DROPPED_KEYWORD, TAG_NOT_IN_TEXT",flagged,Claim text keyword missing from tag umbrellas
33f3583a-aaa5-42cb-acdc-fda79599511c,Mohammad Sirajul Islam,,brochure,images/new2_converted/Ibn Sina Cards/IMG_6003.jpg,1,False,"Bone, Joint, Back Pain",,Bone; Joint; Back Pain,"orthopedic-surgeon, pain-specialist",,,approved,Fragments resolved exactly
3412395a-68e8-45b0-ba12-0294e01f2c7d,Mohammad Zakir Hussain,,brochure,images/new2_converted/pdf_pages/popular dhanmondi 2/page_13.pdf,0,True,Radiology,,Radiology,radiologist,,,approved,Fragments resolved exactly
3412395a-68e8-45b0-ba12-0294e01f2c7d,Mohammad Zakir Hussain,,brochure,images/new2_converted/pdf_pages/popular dhanmondi 2/page_13.pdf,1,False,Imaging,,Imaging,radiologist,,,approved,Fragments resolved exactly
341e6b8e-b6e4-42b3-8f9e-b6bb463addd5,Shafiqul Alam Chowdhury (Shamim),,brochure,images/new2_converted/pdf_pages/popular dhanmondi 2/page_09.pdf,0,True,Urology,,Urology,urologist,,,approved,Fragments resolved exactly
341e6b8e-b6e4-42b3-8f9e-b6bb463addd5,Shafiqul Alam Chowdhury (Shamim),,brochure,images/new2_converted/pdf_pages/popular dhanmondi 2/page_09.pdf,1,False,Genitourinary Surgery,,Genitourinary Surgery,urologist,,,approved,Fragments resolved exactly
34225350-0780-4457-b479-39fc0205864e,Md. Shahnewaz Biswas,,legacy,legacy_db,0,True,Neurosurgery,,Neurosurgery,neurosurgeon,,CREDENTIAL_MISMATCH,flagged,Qualification lacks required specialist credentials
349005e9-340c-4498-ac89-a1dc1a8e6ebc,Md. Ahad Ibn Ilias,,legacy,legacy_db,0,True,General Surgery,,General Surgery,general-surgeon,,CREDENTIAL_MISMATCH,flagged,Qualification lacks required specialist credentials
350edf75-ef99-4699-9295-698e44e7439c,Ahmed Salam Mir,,brochure,images/new2_converted/pdf_pages/Alliance hospital/page_05.pdf,0,True,Endocrinology,,Endocrinology,endocrinologist,,,approved,Fragments resolved exactly
350edf75-ef99-4699-9295-698e44e7439c,Ahmed Salam Mir,,brochure,images/new2_converted/pdf_pages/Alliance hospital/page_05.pdf,1,False,Diabetology,,Diabetology,diabetologist,,,approved,Fragments resolved exactly
350edf75-ef99-4699-9295-698e44e7439c,Ahmed Salam Mir,,brochure,images/new2_converted/pdf_pages/Alliance hospital/page_05.pdf,2,False,Thyroid Specialist,,Thyroid Specialist,,,"DROPPED_KEYWORD, UNMAPPED_FRAGMENT",flagged,Unmapped fragments: Thyroid Specialist; Claim text keyword missing from tag umbrellas
35186122-729c-4d72-8ea2-12c97c480c57,Syed Rana Kabir,,legacy,legacy_db,0,True,"General Medicine, Nephrology",,General Medicine; Nephrology,"medicine-specialist, nephrologist",,,approved,Fragments resolved exactly
357b895c-7693-4c92-96f4-148785059027,Sukh Ranjan Das,,legacy,legacy_db,0,True,Pain Management,,Pain Management,pain-specialist,,,approved,Fragments resolved exactly
3585db79-ffc6-45aa-8ef4-e47c68e1e484,M. M. Mobin Chowdhury,,brochure,images/new2_converted/pdf_pages/radical hospitals/page_05.pdf,0,True,General Surgery,,General Surgery,general-surgeon,,,approved,Fragments resolved exactly
3585db79-ffc6-45aa-8ef4-e47c68e1e484,M. M. Mobin Chowdhury,,brochure,images/new2_converted/pdf_pages/radical hospitals/page_05.pdf,1,False,Laparoscopic Surgery,,Laparoscopic Surgery,laparoscopic-surgeon,,,approved,Fragments resolved exactly
3585db79-ffc6-45aa-8ef4-e47c68e1e484,M. M. Mobin Chowdhury,,brochure,images/new2_converted/pdf_pages/radical hospitals/page_05.pdf,2,False,Colorectal Surgery,,Colorectal Surgery,colorectal-surgeon,,,approved,Fragments resolved exactly
35882b81-572f-4cb7-b9b2-9b6728a3efe5,Jesmin Nahar (Runi),,legacy,legacy_db,0,True,"Surgical Oncology, Colorectal Surgery",,Surgical Oncology; Colorectal Surgery,"cancer-surgeon, colorectal-surgeon",,CREDENTIAL_MISMATCH,flagged,Qualification lacks required specialist credentials
359f738c-f089-4a7a-a7c1-71294a44bf6e,Md. Mehedi Hasan,,brochure,images/new2_converted/pdf_pages/radical hospitals/page_03.pdf,0,True,ENT,,ENT,ent,,,approved,Fragments resolved exactly
35a6c206-e642-48e9-ab36-8c9a268cd2d2,Md. Ohiduzzaman,,legacy,legacy_db,0,True,General Physician,,General Physician,family-physician-gp,,,approved,Fragments resolved exactly
35a7f2b0-b404-45a2-82a6-381b30fe6745,Nihar Ranjan Sarker,,legacy,legacy_db,0,True,Pediatrics,,Pediatrics,child-specialist,,CREDENTIAL_MISMATCH,flagged,Qualification lacks required specialist credentials
35beef46-832f-481a-93e5-2932f97d57d7,Md. Rezaul Karim,,brochure,images/new2_converted/pdf_pages/popular dhanmondi 2/page_03.pdf,0,True,Medicine,,Medicine,medicine-specialist,cardiac-surgeon,TAG_NOT_IN_TEXT,approved,Fragments resolved exactly
35d4da99-3c98-46de-a9bb-08ab86a7f168,Md. Ashiqul Islam,,brochure,images/new2_converted/pdf_pages/Alliance hospital/page_04.pdf,0,True,Neuro-Medicine,,Neuro-Medicine,neurologist,,,approved,Fragments resolved exactly
35d4da99-3c98-46de-a9bb-08ab86a7f168,Md. Ashiqul Islam,,brochure,images/new2_converted/pdf_pages/Alliance hospital/page_04.pdf,1,False,Medicine,,Medicine,medicine-specialist,,,approved,Fragments resolved exactly
36028621-8112-4196-8d28-7519d1edf678,Zahurul Huq,,brochure,images/new2_converted/pdf_pages/popular dhanmondi 2/page_12.pdf,0,True,ENT & Head & Neck Surgery,,ENT; Head; Neck Surgery,"ent, head-neck-surgeon",,,approved,Fragments resolved exactly
362a3ada-7721-4a0d-9d2b-c08fefa069bb,Farhana Yasmin,,brochure,images/new2_converted/Ibn Sina Cards/IMG_6002.jpg,0,True,General Surgery,,General Surgery,general-surgeon,,,approved,Fragments resolved exactly
362a3ada-7721-4a0d-9d2b-c08fefa069bb,Farhana Yasmin,,brochure,images/new2_converted/Ibn Sina Cards/IMG_6002.jpg,1,False,Colorectal Surgery,,Colorectal Surgery,colorectal-surgeon,,,approved,Fragments resolved exactly
362a3ada-7721-4a0d-9d2b-c08fefa069bb,Farhana Yasmin,,brochure,images/new2_converted/Ibn Sina Cards/IMG_6002.jpg,2,False,Breast Surgery,,Breast Surgery,breast-surgeon,,,approved,Fragments resolved exactly
362a3ada-7721-4a0d-9d2b-c08fefa069bb,Farhana Yasmin,,brochure,images/new2_converted/Ibn Sina Cards/IMG_6002.jpg,3,False,Laparoscopic Surgery,,Laparoscopic Surgery,laparoscopic-surgeon,,,approved,Fragments resolved exactly
365bb7b2-88d7-47d6-b1c4-7724895fa652,Ahmed Raquib,,brochure,images/new2_converted/pdf_pages/popular dhanmondi 2/page_16.pdf,0,True,ENT,,ENT,ent,head-neck-surgeon,TAG_NOT_IN_TEXT,approved,Fragments resolved exactly
365eadb6-2dcc-446f-a767-ced146d3f2b2,Morchalin Rahman,,legacy,legacy_db,0,True,General Surgery,,General Surgery,general-surgeon,,,approved,Fragments resolved exactly
368ab7b6-5288-40c9-ba1b-50693b50a7cc,Rifat Ara,,legacy,legacy_db,0,True,General Physician,,General Physician,family-physician-gp,,,approved,Fragments resolved exactly
369b0654-25ff-4cc6-8e79-ce03c3ce9986,Md. Sagir Abdur Rahim,,brochure,images/new2_converted/pdf_pages/Japan bangladesh Friendship Hospital/page_04.pdf,0,True,Diabetology,,Diabetology,diabetologist,,,approved,Fragments resolved exactly
36bbbf52-b48b-4f5d-a325-a924b4f65558,Mohammad Saiduzzaman Jewel,,legacy,legacy_db,0,True,General Surgery,,General Surgery,general-surgeon,,CREDENTIAL_MISMATCH,flagged,Qualification lacks required specialist credentials
36c30b34-d328-4bb6-8a87-7d13de9f66c9,Mohammad Jahangir Alam,,brochure,images/new2_converted/pdf_pages/popular dhanmondi 2/page_07.pdf,0,True,Endocrinology,,Endocrinology,endocrinologist,medicine-specialist,TAG_NOT_IN_TEXT,approved,Fragments resolved exactly
36c30b34-d328-4bb6-8a87-7d13de9f66c9,Mohammad Jahangir Alam,,brochure,images/new2_converted/pdf_pages/popular dhanmondi 2/page_07.pdf,1,False,Metabolism,,Metabolism,endocrinologist,,,approved,Fragments resolved exactly
36c30b34-d328-4bb6-8a87-7d13de9f66c9,Mohammad Jahangir Alam,,brochure,images/new2_converted/pdf_pages/popular dhanmondi 2/page_07.pdf,2,False,Diabetes,,Diabetes,diabetologist,,,approved,Fragments resolved exactly
36c30b34-d328-4bb6-8a87-7d13de9f66c9,Mohammad Jahangir Alam,,brochure,images/new2_converted/pdf_pages/popular dhanmondi 2/page_07.pdf,3,False,Thyroid,,Thyroid,endocrinologist,,,approved,Fragments resolved exactly
37180d4e-8159-44d5-92a3-7ea95b562bd5,Md. Mahbubul Islam,,legacy,legacy_db,0,True,ENT (Otolaryngology),,ENT (Otolaryngology,,ent-specialist,"TAG_NOT_IN_TEXT, UNMAPPED_FRAGMENT",flagged,Unmapped fragments: ENT (Otolaryngology
37b7e945-b427-4661-a455-17c8b88c6bc9,Sharmistha Dey,,legacy,legacy_db,0,True,Radiology & Imaging,,Radiology; Imaging,radiologist,,,approved,Fragments resolved exactly
37be2db6-4a3d-4f7a-adbf-fefbfa4e50ba,Gazi Arifur Rahman,,legacy,legacy_db,0,True,Urology,,Urology,urologist,,,approved,Fragments resolved exactly
37fe358d-69c1-4f2d-9e9b-1fe8d7fe0c98,Md. Fakrul Islam Khaled,,legacy,legacy_db,0,True,"General Medicine, Cardiology",,General Medicine; Cardiology,"cardiologist, medicine-specialist",,,approved,Fragments resolved exactly
3840df27-0fcb-4168-bdba-2e1d13b952c6,Nahida Nazneen,,legacy,legacy_db,0,True,Gynecology & Obstetrics,,Gynecology; Obstetrics,gynecologist-obstetrician,medicine-specialist,"CREDENTIAL_MISMATCH, TAG_NOT_IN_TEXT",flagged,Qualification lacks required specialist credentials
3877f44a-0520-4fbe-807a-faffa9723762,Mohammad Rezaul Karim,,legacy,legacy_db,0,True,"General Medicine, Hepatology, Gastroenterology",,General Medicine; Hepatology; Gastroenterology,"gastroenterologist, hepatologist, medicine-specialist",,,approved,Fragments resolved exactly
38aaca85-ce8e-4b34-ba12-21c4f4bf5f55,Syed Azmal Mahmud,,brochure,images/new2_converted/pdf_pages/Japan bangladesh Friendship Hospital/page_04.pdf,0,True,Endocrinology,,Endocrinology,endocrinologist,,,approved,Fragments resolved exactly
38aaca85-ce8e-4b34-ba12-21c4f4bf5f55,Syed Azmal Mahmud,,brochure,images/new2_converted/pdf_pages/Japan bangladesh Friendship Hospital/page_04.pdf,1,False,Diabetology,,Diabetology,diabetologist,,,approved,Fragments resolved exactly
38b40a62-8cb0-4e98-90aa-f189530f33e4,Md. Bakhtiar Uddin Jewel,,legacy,legacy_db,0,True,Urology,,Urology,urologist,,,approved,Fragments resolved exactly
38db811c-fbe9-458d-9793-bf5caf62bf8a,M. M. Moniruzzaman,,legacy,legacy_db,0,True,ENT (Otolaryngology),,ENT (Otolaryngology,,ent-specialist,"TAG_NOT_IN_TEXT, UNMAPPED_FRAGMENT",flagged,Unmapped fragments: ENT (Otolaryngology
399c7e02-2c5a-4e5c-aeb7-ab56a2558c59,Md. Hafizul Islam,,legacy,legacy_db,0,True,General Surgery,,General Surgery,general-surgeon,,CREDENTIAL_MISMATCH,flagged,Qualification lacks required specialist credentials
39c6f740-0d56-41ab-9abe-60e04499ad8d,Md. Mahmudur Rahman Siddiqui,,legacy,legacy_db,0,True,"Medicine, Cardiology",,Medicine; Cardiology,"cardiologist, medicine-specialist",,,approved,Fragments resolved exactly
39dfdd61-8f19-47f1-93ed-7b94dcdeb2e1,Iftabul Islam,,legacy,legacy_db,0,True,Radiology & Imaging,,Radiology; Imaging,radiologist,,,approved,Fragments resolved exactly
3a2fb095-ce55-4fd2-9d4e-3fc0c872956a,Mohammad Said Bin Aziz,,brochure,images/new2_converted/pdf_pages/radical hospitals/page_04.pdf,0,True,Vascular Surgery,,Vascular Surgery,vascular-surgeon,,,approved,Fragments resolved exactly
3a2fb095-ce55-4fd2-9d4e-3fc0c872956a,Mohammad Said Bin Aziz,,brochure,images/new2_converted/pdf_pages/radical hospitals/page_04.pdf,1,False,General Surgery,,General Surgery,general-surgeon,,,approved,Fragments resolved exactly
3a2fb095-ce55-4fd2-9d4e-3fc0c872956a,Mohammad Said Bin Aziz,,brochure,images/new2_converted/pdf_pages/radical hospitals/page_04.pdf,2,False,Laparoscopic Surgery,,Laparoscopic Surgery,laparoscopic-surgeon,,,approved,Fragments resolved exactly
3a2fb095-ce55-4fd2-9d4e-3fc0c872956a,Mohammad Said Bin Aziz,,brochure,images/new2_converted/pdf_pages/radical hospitals/page_04.pdf,3,False,Colorectal Surgery,,Colorectal Surgery,colorectal-surgeon,,,approved,Fragments resolved exactly
3a42ded2-bc98-4b3c-98d1-fab0f3b1cc97,Anis Ahmed,,brochure,images/new2_converted/pdf_pages/radical hospitals/page_02.pdf,0,True,Neurology,,Neurology,neurologist,,,approved,Fragments resolved exactly
3a42ded2-bc98-4b3c-98d1-fab0f3b1cc97,Anis Ahmed,,brochure,images/new2_converted/pdf_pages/radical hospitals/page_02.pdf,1,False,Medicine,,Medicine,medicine-specialist,,,approved,Fragments resolved exactly
3a5be219-a204-4813-8434-57f89985bd01,Md. Taimur Rahman,এ-৩৭৭৭০,legacy,legacy_db,0,True,"Orthopedics, Spine Surgery",,Orthopedics; Spine Surgery,"orthopedic-surgeon, spine-surgeon",,"CREDENTIAL_MISMATCH, DROPPED_KEYWORD",flagged,Qualification lacks required specialist credentials; Claim text keyword missing from tag umbrellas
3a937965-36ae-4d39-a2f8-00ae479a3eb5,Rafa Islam,,brochure,images/new2_converted/pdf_pages/Alliance hospital/page_06.pdf,0,True,Obstetrics & Gynaecology,,Obstetrics; Gynaecology,gynecologist-obstetrician,medicine-specialist,TAG_NOT_IN_TEXT,approved,Fragments resolved exactly
3a937965-36ae-4d39-a2f8-00ae479a3eb5,Rafa Islam,,brochure,images/new2_converted/pdf_pages/Alliance hospital/page_06.pdf,1,False,Infertility,,Infertility,infertility-specialist,,,approved,Fragments resolved exactly
3a97c31a-1d13-466e-83df-c7a08dce3a5c,Kazi Shahid-Ul-Alam,,legacy,legacy_db,0,True,Orthopedics,,Orthopedics,orthopedic-surgeon,,"CREDENTIAL_MISMATCH, DROPPED_KEYWORD",flagged,Qualification lacks required specialist credentials; Claim text keyword missing from tag umbrellas
3a9a3c58-39c3-4b86-a5aa-4cddf57e05dd,Saki Md. Jakiul Alam,,brochure,images/new2_converted/pdf_pages/popular dhanmondi 2/page_03.pdf,0,True,Medicine,,Medicine,medicine-specialist,,,approved,Fragments resolved exactly
3aac2b34-8157-4301-b5df-0a4914a8df54,Zubayer Hasan (Suman),,brochure,images/new2_converted/pdf_pages/radical hospitals/page_05.pdf,0,True,General Surgery,,General Surgery,general-surgeon,,CREDENTIAL_MISMATCH,flagged,Qualification lacks required specialist credentials
3ab79d88-a6aa-43f5-aa80-96005263f28e,Md. Alamgir Hossain (Jony),,brochure,images/new2_converted/pdf_pages/popular dhanmondi 2/page_15.pdf,0,True,Orthopedic Surgery,,Orthopedic Surgery,orthopedic-surgeon,spine-surgeon,"DROPPED_KEYWORD, TAG_NOT_IN_TEXT",flagged,Claim text keyword missing from tag umbrellas
3ab79d88-a6aa-43f5-aa80-96005263f28e,Md. Alamgir Hossain (Jony),,brochure,images/new2_converted/pdf_pages/popular dhanmondi 2/page_15.pdf,1,False,"Bone, Joint & Spine Specialist",,Bone; Joint; Spine Specialist,orthopedic-surgeon,,UNMAPPED_FRAGMENT,flagged,Unmapped fragments: Spine Specialist
3adb6183-c3e3-4860-88bc-2ea8853fc1e9,Md.. Mezbaul Bahar,,legacy,legacy_db,0,True,Colorectal Surgery,,Colorectal Surgery,colorectal-surgeon,,,approved,Fragments resolved exactly
3b56adda-92fa-48ea-a4fe-ad7a0e0f0eec,Tahnia Haq,,legacy,legacy_db,0,True,Diabetes & Endocrinology,,Diabetes; Endocrinology,"diabetologist, endocrinologist",,,approved,Fragments resolved exactly
3c1457fd-4757-41b3-bf34-3eca063f4b66,Gourang Kumar Saha,,legacy,legacy_db,0,True,"Cardiology, Interventional Cardiology, Rheumatic Fever, Medicine",,Cardiology; Interventional Cardiology; Rheumatic Fever; Medicine,"cardiologist, interventional-cardiologist, medicine-specialist, rheumatologist",,,approved,Fragments resolved exactly
3c43035a-ea7d-48ea-9c4b-be39dbfb05dc,Ruhi Zakaria,,legacy,legacy_db,0,True,Gynecology & Obstetrics,,Gynecology; Obstetrics,gynecologist-obstetrician,medicine-specialist,"CREDENTIAL_MISMATCH, TAG_NOT_IN_TEXT",flagged,Qualification lacks required specialist credentials
3c533bd0-c7e4-46a4-ab59-32bb53dcc403,M..A.. Moid Siddiquee,,legacy,legacy_db,0,True,"Hepatology, General Medicine, Gastroenterology",,Hepatology; General Medicine; Gastroenterology,"gastroenterologist, hepatologist, medicine-specialist",,,approved,Fragments resolved exactly
3c5f0e07-2457-48e4-822c-21757b0f8d7c,Monirunnahar Rupa,,brochure,images/new2_converted/pdf_pages/Alliance hospital/page_05.pdf,0,True,Clinical Nutrition,,Clinical Nutrition,nutritionist-dietitian,,,approved,Fragments resolved exactly
3c5f0e07-2457-48e4-822c-21757b0f8d7c,Monirunnahar Rupa,,brochure,images/new2_converted/pdf_pages/Alliance hospital/page_05.pdf,1,False,Dietetics,,Dietetics,nutritionist-dietitian,,,approved,Fragments resolved exactly
3c800b86-b34c-4b0f-a0b4-da5018bf4e7d,Ishtiaque Ahmed,,brochure,images/new2_converted/pdf_pages/Japan bangladesh Friendship Hospital/page_02.pdf,0,True,ENT,,ENT,ent,,,approved,Fragments resolved exactly
3c800b86-b34c-4b0f-a0b4-da5018bf4e7d,Ishtiaque Ahmed,,brochure,images/new2_converted/pdf_pages/Japan bangladesh Friendship Hospital/page_02.pdf,1,False,Otorhinolaryngology,,Otorhinolaryngology,ent-specialist,,,approved,Fragments resolved exactly
3c800b86-b34c-4b0f-a0b4-da5018bf4e7d,Ishtiaque Ahmed,,brochure,images/new2_converted/pdf_pages/Japan bangladesh Friendship Hospital/page_02.pdf,2,False,Head & Neck Surgery,,Head; Neck Surgery,head-neck-surgeon,,CREDENTIAL_MISMATCH,flagged,Qualification lacks required specialist credentials
3cbcca29-5d79-48c4-bfc2-020a6add4c23,Rabeya Parvin,,brochure,images/new2_converted/pdf_pages/Japan bangladesh Friendship Hospital/page_06.pdf,0,True,Obstetrics & Gynaecology,,Obstetrics; Gynaecology,gynecologist-obstetrician,medicine-specialist,TAG_NOT_IN_TEXT,approved,Fragments resolved exactly
3d0c31d7-60e6-451a-af9f-53c73f9b1073,Anisur Rahman,,brochure,images/new2_converted/pdf_pages/popular dhanmondi 2/page_06.pdf,0,True,Gastroenterology,,Gastroenterology,gastroenterologist,,,approved,Fragments resolved exactly
3d0c31d7-60e6-451a-af9f-53c73f9b1073,Anisur Rahman,,brochure,images/new2_converted/pdf_pages/popular dhanmondi 2/page_06.pdf,1,False,Hepatology,,Hepatology,hepatologist,,,approved,Fragments resolved exactly
3d241c50-3af8-4960-9eea-5d3159e8a11d,Afsar Ahammed,,brochure,images/new2_converted/pdf_pages/popular dhanmondi 2/page_15.pdf,0,True,Endocrinology,,Endocrinology,endocrinologist,,,approved,Fragments resolved exactly
3d241c50-3af8-4960-9eea-5d3159e8a11d,Afsar Ahammed,,brochure,images/new2_converted/pdf_pages/popular dhanmondi 2/page_15.pdf,1,False,Diabetes,,Diabetes,diabetologist,,,approved,Fragments resolved exactly
3d241c50-3af8-4960-9eea-5d3159e8a11d,Afsar Ahammed,,brochure,images/new2_converted/pdf_pages/popular dhanmondi 2/page_15.pdf,2,False,Thyroid & Hormone Specialist,,Thyroid; Hormone Specialist,endocrinologist,,UNMAPPED_FRAGMENT,flagged,Unmapped fragments: Hormone Specialist
3d58b737-0350-4a54-93de-6cf2e78ccd8a,A K M Motiur Rahman Bhuiyan,,brochure,images/new2_converted/pdf_pages/popular dhanmondi 2/page_04.pdf,0,True,Medicine,,Medicine,medicine-specialist,,,approved,Fragments resolved exactly
3d58b737-0350-4a54-93de-6cf2e78ccd8a,A K M Motiur Rahman Bhuiyan,,brochure,images/new2_converted/pdf_pages/popular dhanmondi 2/page_04.pdf,1,False,Rheumatology,,Rheumatology,rheumatologist,,,approved,Fragments resolved exactly
3db6fa71-383f-4d96-b4b1-cfe7bbd0ce34,Sajjad Hossain,,brochure,images/new2_converted/pdf_pages/radical hospitals/page_02.pdf,0,True,Medicine,,Medicine,medicine-specialist,,,approved,Fragments resolved exactly
3db6fa71-383f-4d96-b4b1-cfe7bbd0ce34,Sajjad Hossain,,brochure,images/new2_converted/pdf_pages/radical hospitals/page_02.pdf,1,False,Diabetes,,Diabetes,diabetologist,,,approved,Fragments resolved exactly
3dbca1da-91d1-4d0a-bee6-f832b5437b54,Md. Mamunur Rashid,,brochure,images/new2_converted/pdf_pages/Alliance hospital/page_03.pdf,0,True,General Surgery,,General Surgery,general-surgeon,,,approved,Fragments resolved exactly
3dbca1da-91d1-4d0a-bee6-f832b5437b54,Md. Mamunur Rashid,,brochure,images/new2_converted/pdf_pages/Alliance hospital/page_03.pdf,1,False,Laparoscopic Surgery,,Laparoscopic Surgery,laparoscopic-surgeon,,,approved,Fragments resolved exactly
3dbca1da-91d1-4d0a-bee6-f832b5437b54,Md. Mamunur Rashid,,brochure,images/new2_converted/pdf_pages/Alliance hospital/page_03.pdf,2,False,Hepatobiliary Surgery,,Hepatobiliary Surgery,hepatobiliary-surgeon,,,approved,Fragments resolved exactly
3e31bf65-6783-41a6-945d-48f89391554c,Md. Ibrahim Khalil (Shahin),,legacy,legacy_db,0,True,"Colorectal Surgery, General Surgery",,Colorectal Surgery; General Surgery,"colorectal-surgeon, general-surgeon",,,approved,Fragments resolved exactly
3e4b32d9-4ebf-4a86-b3ae-2a88a71e2f92,A. F. M. Mohiuddin Khan,,brochure,images/new2_converted/pdf_pages/Japan bangladesh Friendship Hospital/page_04.pdf,0,True,ENT,,ENT,ent,,,approved,Fragments resolved exactly
3e4b32d9-4ebf-4a86-b3ae-2a88a71e2f92,A. F. M. Mohiuddin Khan,,brochure,images/new2_converted/pdf_pages/Japan bangladesh Friendship Hospital/page_04.pdf,1,False,Head & Neck Surgery,,Head; Neck Surgery,head-neck-surgeon,,,approved,Fragments resolved exactly
3ea924b0-e00e-4f16-8199-539a24bff2d3,Nazmul Haque Munna,,legacy,legacy_db,0,True,"General Medicine, Neurology",,General Medicine; Neurology,"medicine-specialist, neurologist",,,approved,Fragments resolved exactly
3eb66370-568b-4023-9bb9-3fea49044871,A. B. Siddiqui,,legacy,legacy_db,0,True,"Urology, General Surgery",,Urology; General Surgery,"general-surgeon, urologist",,CREDENTIAL_MISMATCH,flagged,Qualification lacks required specialist credentials
3ed8168e-5937-48dd-a6b4-0d3de37ac170,Nur Shakira Binte Mahbub,,legacy,legacy_db,0,True,Radiology & Imaging,,Radiology; Imaging,radiologist,,,approved,Fragments resolved exactly
3ee9b278-1ea1-40fc-83e5-3676d55ccab7,Abdullah Al Mujahid,,brochure,images/new2_converted/pdf_pages/Ibn Sina Dhanmondi/page_06.pdf,0,True,Neurology,,Neurology,neurologist,,,approved,Fragments resolved exactly
3f0edcb9-10a4-47ef-a99b-d303a2bb4393,A. Matin,,brochure,images/new2_converted/pdf_pages/popular dhanmondi 2/page_16.pdf,0,True,Paediatrics,,Paediatrics,child-specialist,,,approved,Fragments resolved exactly
3f24e13a-86ae-41f2-a01e-b73c84b50645,Md. Armanul Islam,এ-৪৮৮৮১,legacy,legacy_db,0,True,Colorectal Surgery,,Colorectal Surgery,colorectal-surgeon,,CREDENTIAL_MISMATCH,flagged,Qualification lacks required specialist credentials
3f2f884a-6f99-46a9-9973-62446cb02631,Biplab Barban Biswas,,brochure,images/new2_converted/pdf_pages/radical hospitals/page_04.pdf,0,True,Urology,,Urology,urologist,,,approved,Fragments resolved exactly
3f5d52f6-df5f-4bee-99ff-b6070414af67,Ummul Khair Mahmuda,,brochure,images/new2_converted/pdf_pages/popular dhanmondi 2/page_11.pdf,0,True,Obstetrics & Gynaecology,,Obstetrics; Gynaecology,gynecologist-obstetrician,medicine-specialist,TAG_NOT_IN_TEXT,approved,Fragments resolved exactly
3f5d52f6-df5f-4bee-99ff-b6070414af67,Ummul Khair Mahmuda,,brochure,images/new2_converted/pdf_pages/popular dhanmondi 2/page_11.pdf,1,False,Reproductive Endocrinology & Infertility,,Reproductive Endocrinology; Infertility,infertility-specialist,,DROPPED_KEYWORD,flagged,Claim text keyword missing from tag umbrellas
3f74f2b5-8f77-4452-9d06-ce04a855ffd3,Mohiuddin Saiduzzaman,,brochure,images/new2_converted/pdf_pages/radical hospitals/page_03.pdf,0,True,Cardiology,,Cardiology,cardiologist,,CREDENTIAL_MISMATCH,flagged,Qualification lacks required specialist credentials
3fa0fff7-104b-4238-9c37-06bf2cce98af,Mostafa Kamal Arefin,,brochure,images/new2_converted/pdf_pages/popular dhanmondi 2/page_12.pdf,0,True,ENT & Head & Neck Surgery,,ENT; Head; Neck Surgery,"ent, head-neck-surgeon",,,approved,Fragments resolved exactly
3fd5b402-aa88-46ad-8fcd-ed34bc689ec8,Mirza Golam Sarwar (Moon),,brochure,images/new2_converted/pdf_pages/Alliance hospital/page_03.pdf,0,True,Medicine,,Medicine,medicine-specialist,,,approved,Fragments resolved exactly
3fd5b402-aa88-46ad-8fcd-ed34bc689ec8,Mirza Golam Sarwar (Moon),,brochure,images/new2_converted/pdf_pages/Alliance hospital/page_03.pdf,1,False,Hematology,,Hematology,hematologist,,,approved,Fragments resolved exactly
400e610d-be4b-40e1-b93c-2fbd02da36c0,Md. Babrul Alam,,legacy,legacy_db,0,True,"General Medicine, Nephrology, Kidney Diseases",,General Medicine; Nephrology; Kidney Diseases,"medicine-specialist, nephrologist",,,approved,Fragments resolved exactly
4023b388-ac13-416c-9931-76135a52d39e,Mohammad Hossain Rasel,,legacy,legacy_db,0,True,Orthopedics,,Orthopedics,orthopedic-surgeon,,"CREDENTIAL_MISMATCH, DROPPED_KEYWORD",flagged,Qualification lacks required specialist credentials; Claim text keyword missing from tag umbrellas
4026b480-8c06-4b5d-98a6-7efe69d6079a,Arojumand Sultana,,brochure,images/new2_converted/pdf_pages/Japan bangladesh Friendship Hospital/page_06.pdf,0,True,Pediatrics,,Pediatrics,child-specialist,,,approved,Fragments resolved exactly
404fb6f1-3a50-493e-a4e5-698e46235cba,Md. Delowar Hossain,,legacy,legacy_db,0,True,"Psychiatry, Mental Health",,Psychiatry; Mental Health,"mental-health, psychiatrist",,,approved,Fragments resolved exactly
4093cc7b-e4e8-48d9-9cbe-edb5da17ee2b,A. A. Md. Mohiuddin Osmani,,brochure,images/new2_converted/pdf_pages/Alliance hospital/page_06.pdf,0,True,Internal Medicine,,Internal Medicine,medicine-specialist,,,approved,Fragments resolved exactly
4093cc7b-e4e8-48d9-9cbe-edb5da17ee2b,A. A. Md. Mohiuddin Osmani,,brochure,images/new2_converted/pdf_pages/Alliance hospital/page_06.pdf,1,False,Rheumatology,,Rheumatology,rheumatologist,,,approved,Fragments resolved exactly
40b5f565-bb1a-4151-b259-bc10d27dd8bc,Monirul Islam,,brochure,images/new2_converted/pdf_pages/popular dhanmondi 2/page_04.pdf,0,True,Pain Management,,Pain Management,pain-specialist,,,approved,Fragments resolved exactly
40b5f565-bb1a-4151-b259-bc10d27dd8bc,Monirul Islam,,brochure,images/new2_converted/pdf_pages/popular dhanmondi 2/page_04.pdf,1,False,Paralysis,,Paralysis,physical-medicine-specialist,,,approved,Fragments resolved exactly
40b5f565-bb1a-4151-b259-bc10d27dd8bc,Monirul Islam,,brochure,images/new2_converted/pdf_pages/popular dhanmondi 2/page_04.pdf,2,False,Rheumatic Diseases,,Rheumatic Diseases,rheumatologist,,,approved,Fragments resolved exactly
40b5f565-bb1a-4151-b259-bc10d27dd8bc,Monirul Islam,,brochure,images/new2_converted/pdf_pages/popular dhanmondi 2/page_04.pdf,3,False,Physical Medicine,,Physical Medicine,physical-medicine-specialist,,,approved,Fragments resolved exactly
411401f8-3ca1-4dc4-b9ef-f9768f796c42,R. R. Chowdhury,,brochure,images/new2_converted/pdf_pages/radical hospitals/page_03.pdf,0,True,Neurosurgery,,Neurosurgery,neurosurgeon,,,approved,Fragments resolved exactly
4147bbc3-3b36-4802-94ae-d4fd9024a394,Al Muktafi Sadi,,brochure,images/new2_converted/pdf_pages/Japan bangladesh Friendship Hospital/page_06.pdf,0,True,Pediatrics,,Pediatrics,child-specialist,neonatologist,"CREDENTIAL_MISMATCH, TAG_NOT_IN_TEXT",flagged,Qualification lacks required specialist credentials
41698f4c-01ce-41c0-afd2-9342327c2155,Shantanu Kumar Ghosh,,legacy,legacy_db,0,True,"General Surgery, Vascular Surgery",,General Surgery; Vascular Surgery,"general-surgeon, vascular-surgeon",,CREDENTIAL_MISMATCH,flagged,Qualification lacks required specialist credentials
41768501-3762-4e11-a6fb-9c897234215b,Syed Mohammad Ali Romel,,brochure,images/new2_converted/pdf_pages/popular dhanmondi 2/page_03.pdf,0,True,Medicine,,Medicine,medicine-specialist,,,approved,Fragments resolved exactly
41768501-3762-4e11-a6fb-9c897234215b,Syed Mohammad Ali Romel,,brochure,images/new2_converted/pdf_pages/popular dhanmondi 2/page_03.pdf,1,False,Cardiology,,Cardiology,cardiologist,,,approved,Fragments resolved exactly
41768501-3762-4e11-a6fb-9c897234215b,Syed Mohammad Ali Romel,,brochure,images/new2_converted/pdf_pages/popular dhanmondi 2/page_03.pdf,2,False,Interventional Cardiology,,Interventional Cardiology,interventional-cardiologist,,,approved,Fragments resolved exactly
4189bc5a-9932-4821-907d-91cb20e5c9aa,Muhammad Badrul Alam,,brochure,images/new2_converted/pdf_pages/popular dhanmondi 2/page_14.pdf,0,True,Cardiology,,Cardiology,cardiologist,,,approved,Fragments resolved exactly
4189bc5a-9932-4821-907d-91cb20e5c9aa,Muhammad Badrul Alam,,brochure,images/new2_converted/pdf_pages/popular dhanmondi 2/page_14.pdf,1,False,Interventional Cardiology,,Interventional Cardiology,interventional-cardiologist,,,approved,Fragments resolved exactly
41951b86-06f8-4976-93f2-64a0b65416e3,Md. Tahsin Salam,,legacy,legacy_db,0,True,"General Medicine, Diabetes & Endocrinology, Critical Care & ICU",,General Medicine; Diabetes; Endocrinology; Critical Care; ICU,"critical-care-specialist, diabetologist, endocrinologist, medicine-specialist",,,approved,Fragments resolved exactly
41e0ccf2-1fe6-441d-a791-405d1ad917a6,S.K.A. Razzaque,,legacy,legacy_db,0,True,"Pediatric Cardiology, Interventional Cardiology, Pediatrics",,Pediatric Cardiology; Interventional Cardiology; Pediatrics,"child-specialist, interventional-cardiologist, pediatric-cardiologist",,CREDENTIAL_MISMATCH,flagged,Qualification lacks required specialist credentials
42054ca4-d37a-4299-b691-c8c9635b8672,Ripon Ghosh,,legacy,legacy_db,0,True,"Orthopedics, Spine Surgery",,Orthopedics; Spine Surgery,"orthopedic-surgeon, spine-surgeon",,"CREDENTIAL_MISMATCH, DROPPED_KEYWORD",flagged,Qualification lacks required specialist credentials; Claim text keyword missing from tag umbrellas
425084f1-96e5-4629-85f8-e904739191f6,Manabendra Nath Nag,,brochure,images/new2_converted/pdf_pages/popular dhanmondi 2/page_14.pdf,0,True,Medicine,,Medicine,medicine-specialist,,,approved,Fragments resolved exactly
4274a597-3a5a-48dc-a556-dba0e2d29128,Mahenaz Afroz,,legacy,legacy_db,0,True,Gynecology & Obstetrics,,Gynecology; Obstetrics,gynecologist-obstetrician,medicine-specialist,"CREDENTIAL_MISMATCH, TAG_NOT_IN_TEXT",flagged,Qualification lacks required specialist credentials
4287b875-ca4c-4090-91da-c26f96b81f53,Farhad Uddin Ahmed (Nirbhor),,brochure,images/new2_converted/pdf_pages/radical hospitals/page_05.pdf,0,True,General Surgery,,General Surgery,general-surgeon,,,approved,Fragments resolved exactly
4287b875-ca4c-4090-91da-c26f96b81f53,Farhad Uddin Ahmed (Nirbhor),,brochure,images/new2_converted/pdf_pages/radical hospitals/page_05.pdf,1,False,Colorectal Surgery,,Colorectal Surgery,colorectal-surgeon,,,approved,Fragments resolved exactly
4287b875-ca4c-4090-91da-c26f96b81f53,Farhad Uddin Ahmed (Nirbhor),,brochure,images/new2_converted/pdf_pages/radical hospitals/page_05.pdf,2,False,Laparoscopic Surgery,,Laparoscopic Surgery,laparoscopic-surgeon,,,approved,Fragments resolved exactly
4297e06d-6cda-4df3-a23e-1afeb05d17ae,Abu Azam,,legacy,legacy_db,0,True,"Cardiology, General Medicine, Rheumatology",,Cardiology; General Medicine; Rheumatology,"cardiologist, medicine-specialist, rheumatologist",,CREDENTIAL_MISMATCH,flagged,Qualification lacks required specialist credentials
42ddc25a-05a8-4692-b008-1d3f8fa72238,Md. Monir Hossain Khan,,legacy,legacy_db,0,True,"Cardiology, Medicine",,Cardiology; Medicine,"cardiologist, medicine-specialist",,,approved,Fragments resolved exactly
42e7212e-8443-4945-8062-09ca900358b9,Abdul Jabbar Jiban,,legacy,legacy_db,0,True,Pediatric Cardiology,,Pediatric Cardiology,pediatric-cardiologist,,CREDENTIAL_MISMATCH,flagged,Qualification lacks required specialist credentials
431f2ec8-ce57-47de-b240-447224b7b0f6,Sayem Al Mansur Foyezi,,legacy,legacy_db,0,True,"Surgical Oncology, General Surgery, Colorectal Surgery",,Surgical Oncology; General Surgery; Colorectal Surgery,"cancer-surgeon, colorectal-surgeon, general-surgeon",,,approved,Fragments resolved exactly
43777bd7-8ac9-4e08-a1e8-1a6177a1c284,MD. FARUQUE,,legacy,legacy_db,0,True,"Cardiology, Interventional Cardiology",,Cardiology; Interventional Cardiology,"cardiologist, interventional-cardiologist",,,approved,Fragments resolved exactly
4388ad01-78c7-49ec-a144-b5305363c0bf,Abu Bakr Akand,,brochure,images/new2_converted/pdf_pages/Japan bangladesh Friendship Hospital/page_06.pdf,0,True,Pediatric Surgery,,Pediatric Surgery,pediatric-surgeon,,,approved,Fragments resolved exactly
4413117d-cd46-4a1e-a8a8-dcce41ea75ac,Md. Rustom Ali,,legacy,legacy_db,0,True,Neurosurgery,,Neurosurgery,neurosurgeon,,CREDENTIAL_MISMATCH,flagged,Qualification lacks required specialist credentials
44707181-1691-4ecb-995e-d31f7b664b37,Sudha Ranjan Das,,legacy,legacy_db,0,True,General Physician,,General Physician,family-physician-gp,,,approved,Fragments resolved exactly
447e6878-3608-44f0-ad13-658099cad669,Minhaj Rahim Choudhury,,brochure,images/new2_converted/pdf_pages/Japan bangladesh Friendship Hospital/page_03.pdf,0,True,Rheumatology,,Rheumatology,rheumatologist,,,approved,Fragments resolved exactly
447e6878-3608-44f0-ad13-658099cad669,Minhaj Rahim Choudhury,,brochure,images/new2_converted/pdf_pages/Japan bangladesh Friendship Hospital/page_03.pdf,1,False,Medicine,,Medicine,medicine-specialist,,,approved,Fragments resolved exactly
4499b7b6-8758-4f11-aa6a-b01e4b7418f4,Romana Akhter Happy,,brochure,images/new2_converted/pdf_pages/Alliance hospital/page_04.pdf,0,True,Pediatric Neurology,,Pediatric Neurology,pediatric-neurologist,child-health,TAG_NOT_IN_TEXT,approved,Fragments resolved exactly
4499b7b6-8758-4f11-aa6a-b01e4b7418f4,Romana Akhter Happy,,brochure,images/new2_converted/pdf_pages/Alliance hospital/page_04.pdf,1,False,Child Development,,Child Development,child-specialist,,,approved,Fragments resolved exactly
449f2674-e073-419b-a17f-8140e7e45cca,Md. Rojibul Haque,,legacy,legacy_db,0,True,ENT (Otolaryngology),,ENT (Otolaryngology,,ent-specialist,"TAG_NOT_IN_TEXT, UNMAPPED_FRAGMENT",flagged,Unmapped fragments: ENT (Otolaryngology
44b43f98-08ad-4be3-865e-2db38dee2016,Iftekhar Ibne Mannan,,brochure,images/new2_converted/pdf_pages/popular dhanmondi 2/page_16.pdf,0,True,Plastic Surgery,,Plastic Surgery,plastic-surgeon,,CREDENTIAL_MISMATCH,flagged,Qualification lacks required specialist credentials
44b43f98-08ad-4be3-865e-2db38dee2016,Iftekhar Ibne Mannan,,brochure,images/new2_converted/pdf_pages/popular dhanmondi 2/page_16.pdf,1,False,Reconstructive Surgery,,Reconstructive Surgery,plastic-surgeon,,CREDENTIAL_MISMATCH,flagged,Qualification lacks required specialist credentials
44c4c461-dec1-4c25-80cd-70f962ce2f0c,A. M. S. M. Sharfuzzaman (Rubel),,brochure,images/new2_converted/pdf_pages/popular dhanmondi 2/page_15.pdf,0,True,General Surgery,,General Surgery,general-surgeon,,,approved,Fragments resolved exactly
44c4c461-dec1-4c25-80cd-70f962ce2f0c,A. M. S. M. Sharfuzzaman (Rubel),,brochure,images/new2_converted/pdf_pages/popular dhanmondi 2/page_15.pdf,1,False,Laparoscopic Surgery,,Laparoscopic Surgery,laparoscopic-surgeon,,,approved,Fragments resolved exactly
450944be-803f-41ec-820a-1c3ae39fd8a6,Masuma Akter,,brochure,images/new2_converted/pdf_pages/Ibn Sina Dhanmondi/page_05.pdf,0,True,Paediatric Neurology,,Paediatric Neurology,pediatric-neurologist,,,approved,Fragments resolved exactly
450944be-803f-41ec-820a-1c3ae39fd8a6,Masuma Akter,,brochure,images/new2_converted/pdf_pages/Ibn Sina Dhanmondi/page_05.pdf,1,False,Pediatrics,,Pediatrics,child-specialist,,,approved,Fragments resolved exactly
45832904-6b33-4325-85eb-f0ac6550a312,Md. Zillur Rahman Khan (Ratan),,legacy,legacy_db,0,True,Psychiatry & Mental Health,,Psychiatry; Mental Health,"mental-health, psychiatrist",medicine-specialist,TAG_NOT_IN_TEXT,approved,Fragments resolved exactly
458421ee-7624-4bb5-addb-323ba1744158,Md. Ahsan Habib,,legacy,legacy_db,0,True,"Colorectal Surgery, General Surgery",,Colorectal Surgery; General Surgery,"colorectal-surgeon, general-surgeon",,CREDENTIAL_MISMATCH,flagged,Qualification lacks required specialist credentials
45e042f9-c0df-43d5-b4ae-7ce90f1e6774,Farzana Rahman (Rinki),,legacy,legacy_db,0,True,"Gynecology & Obstetrics, Infertility & Reproductive Medicine, General Surgery",,Gynecology; Obstetrics; Infertility; Reproductive Medicine; General Surgery,"general-surgeon, gynecologist-obstetrician, infertility-specialist",medicine-specialist,"CREDENTIAL_MISMATCH, TAG_NOT_IN_TEXT",flagged,Qualification lacks required specialist credentials
45e6fa79-f9b8-470a-ab92-90d61eef0a89,Md. Abul Kalam Azad,,legacy,legacy_db,0,True,"General Medicine, Cardiology, Diabetes & Endocrinology",,General Medicine; Cardiology; Diabetes; Endocrinology,"cardiologist, diabetologist, endocrinologist, medicine-specialist",,CREDENTIAL_MISMATCH,flagged,Qualification lacks required specialist credentials
45f799d8-9cae-4614-a382-1124c2b12f87,Md. Habibur Rahman,,brochure,images/new2_converted/pdf_pages/popular dhanmondi 2/page_07.pdf,0,True,Nephrology,,Nephrology,nephrologist,medicine-specialist,TAG_NOT_IN_TEXT,approved,Fragments resolved exactly
45f799d8-9cae-4614-a382-1124c2b12f87,Md. Habibur Rahman,,brochure,images/new2_converted/pdf_pages/popular dhanmondi 2/page_07.pdf,1,False,Kidney Specialist,,Kidney Specialist,,,"DROPPED_KEYWORD, UNMAPPED_FRAGMENT",flagged,Unmapped fragments: Kidney Specialist; Claim text keyword missing from tag umbrellas
4657884d-9684-4b1a-9b95-034d5599e703,Md. Tito Miah,,legacy,legacy_db,0,True,"General Medicine, Rheumatology",,General Medicine; Rheumatology,"medicine-specialist, rheumatologist",,,approved,Fragments resolved exactly
46594586-dc9f-4978-8e10-499fa866f818,Md. Nazim Uddin,,legacy,legacy_db,0,True,Orthopedics,,Orthopedics,orthopedic-surgeon,,"CREDENTIAL_MISMATCH, DROPPED_KEYWORD",flagged,Qualification lacks required specialist credentials; Claim text keyword missing from tag umbrellas
466cb0da-1fbb-408a-9f97-8afc81cf5746,Md. Musab Khalil,,brochure,images/new2_converted/pdf_pages/Alliance hospital/page_05.pdf,0,True,Gastroenterology,,Gastroenterology,gastroenterologist,,,approved,Fragments resolved exactly
466cb0da-1fbb-408a-9f97-8afc81cf5746,Md. Musab Khalil,,brochure,images/new2_converted/pdf_pages/Alliance hospital/page_05.pdf,1,False,Hepatology,,Hepatology,hepatologist,,,approved,Fragments resolved exactly
46bd9cca-5910-4f21-ba03-6cf3ec0d0745,Nurjahan,,brochure,images/new2_converted/pdf_pages/Ibn Sina Dhanmondi/page_04.pdf,0,True,Obstetrics & Gynaecology,,Obstetrics; Gynaecology,gynecologist-obstetrician,medicine-specialist,TAG_NOT_IN_TEXT,approved,Fragments resolved exactly
46cc3bd2-bb9d-4fab-a2cb-4a3afbfce010,Md. Shahjahan Siddiquee (Shakil),,legacy,legacy_db,0,True,"Respiratory Medicine, General Medicine",,Respiratory Medicine; General Medicine,"chest-specialist, medicine-specialist",,,approved,Fragments resolved exactly
46ea246d-0981-4356-b907-047f5faea4ea,Tanvirul Hasan,,brochure,images/new2_converted/Medinova medical cards/IMG_6007.jpg,0,True,Sonology,,Sonology,sonologist,,,approved,Fragments resolved exactly
46ea246d-0981-4356-b907-047f5faea4ea,Tanvirul Hasan,,brochure,images/new2_converted/Medinova medical cards/IMG_6007.jpg,1,False,Radiology & Imaging,,Radiology; Imaging,radiologist,,,approved,Fragments resolved exactly
46f68226-c1f0-4c00-a253-a0cedea66076,Md. Motiur Rahman Sarker,,brochure,images/new2_converted/pdf_pages/Ibn Sina Dhanmondi/page_07.pdf,0,True,Vascular Surgery,,Vascular Surgery,vascular-surgeon,,,approved,Fragments resolved exactly
46f68226-c1f0-4c00-a253-a0cedea66076,Md. Motiur Rahman Sarker,,brochure,images/new2_converted/pdf_pages/Ibn Sina Dhanmondi/page_07.pdf,1,False,Endovascular Surgery,,Endovascular Surgery,vascular-surgeon,,,approved,Fragments resolved exactly
4728bf65-769f-4fd1-89ea-9f379fad61b1,Sanjay Sinha,,brochure,images/new2_converted/pdf_pages/Japan bangladesh Friendship Hospital/page_04.pdf,0,True,Orthopaedic Surgery,,Orthopaedic Surgery,orthopedic-surgeon,,DROPPED_KEYWORD,flagged,Claim text keyword missing from tag umbrellas
4736970d-cc48-43b4-9656-61738e87795d,A S M Bazlul Karim,,brochure,images/new2_converted/pdf_pages/popular dhanmondi 2/page_06.pdf,0,True,Pediatric Gastroenterology,,Pediatric Gastroenterology,pediatric-gastroenterologist,,CREDENTIAL_MISMATCH,flagged,Qualification lacks required specialist credentials
4736970d-cc48-43b4-9656-61738e87795d,A S M Bazlul Karim,,brochure,images/new2_converted/pdf_pages/popular dhanmondi 2/page_06.pdf,1,False,Nutrition,,Nutrition,nutritionist-dietitian,,,approved,Fragments resolved exactly
473a083b-b776-4882-93e6-b90137856ef5,Bipul Kumar Das,,brochure,images/new2_converted/pdf_pages/Alliance hospital/page_02.pdf,0,True,Orthopedic Surgery,,Orthopedic Surgery,orthopedic-surgeon,rheumatologist,"DROPPED_KEYWORD, TAG_NOT_IN_TEXT",flagged,Claim text keyword missing from tag umbrellas
473a083b-b776-4882-93e6-b90137856ef5,Bipul Kumar Das,,brochure,images/new2_converted/pdf_pages/Alliance hospital/page_02.pdf,1,False,Trauma Surgery,,Trauma Surgery,orthopedic-surgeon,,,approved,Fragments resolved exactly
473a083b-b776-4882-93e6-b90137856ef5,Bipul Kumar Das,,brochure,images/new2_converted/pdf_pages/Alliance hospital/page_02.pdf,2,False,Reconstructive Surgery,,Reconstructive Surgery,plastic-surgeon,,,approved,Fragments resolved exactly
4744138d-a757-4ad2-ba68-d239738de243,Nupur Kar,,brochure,images/new2_converted/pdf_pages/popular dhanmondi 2/page_02.pdf,0,True,Cardiology,,Cardiology,cardiologist,,,approved,Fragments resolved exactly
4744138d-a757-4ad2-ba68-d239738de243,Nupur Kar,,brochure,images/new2_converted/pdf_pages/popular dhanmondi 2/page_02.pdf,1,False,Interventional Cardiology,,Interventional Cardiology,interventional-cardiologist,,,approved,Fragments resolved exactly
475ee655-b5c4-4b93-ad69-9e5bb3ddfda9,Munira Ferdousi,,brochure,images/new2_converted/pdf_pages/radical hospitals/page_02.pdf,0,True,Obstetrics & Gynaecology,,Obstetrics; Gynaecology,gynecologist-obstetrician,medicine-specialist,TAG_NOT_IN_TEXT,approved,Fragments resolved exactly
475ee655-b5c4-4b93-ad69-9e5bb3ddfda9,Munira Ferdousi,,brochure,images/new2_converted/pdf_pages/radical hospitals/page_02.pdf,1,False,Laparoscopic Surgery,,Laparoscopic Surgery,laparoscopic-surgeon,,,approved,Fragments resolved exactly
4782e843-5b79-4c71-a2d7-78c2292efcca,Ruhul Quddus,,brochure,images/new2_converted/pdf_pages/popular dhanmondi 2/page_06.pdf,0,True,Neurology,,Neurology,neurologist,,,approved,Fragments resolved exactly
4782e843-5b79-4c71-a2d7-78c2292efcca,Ruhul Quddus,,brochure,images/new2_converted/pdf_pages/popular dhanmondi 2/page_06.pdf,1,False,Medicine,,Medicine,medicine-specialist,,,approved,Fragments resolved exactly
47c65c1c-5635-48d9-9444-33e9556c5658,Joysree Saha,,brochure,images/new2_converted/pdf_pages/popular dhanmondi 2/page_16.pdf,0,True,Obstetrics & Gynaecology,,Obstetrics; Gynaecology,gynecologist-obstetrician,medicine-specialist,TAG_NOT_IN_TEXT,approved,Fragments resolved exactly
48171533-cef1-4fce-8609-1fdcb851ff7d,Ishtekhar Ibn Mannan,,legacy,legacy_db,0,True,Plastic & Cosmetic Surgery,,Plastic; Cosmetic Surgery,plastic-surgeon,medicine-specialist,"CREDENTIAL_MISMATCH, TAG_NOT_IN_TEXT",flagged,Qualification lacks required specialist credentials
4825b388-e11c-488a-b301-cc44cb6873e1,Sharmin Abbasi,,legacy,legacy_db,0,True,"Infertility, Obs & Gynae, Laparoscopic Surgery",,Infertility; Obs; Gynae; Laparoscopic Surgery,"gynecologist-obstetrician, infertility-specialist, laparoscopic-surgeon",,CREDENTIAL_MISMATCH,flagged,Qualification lacks required specialist credentials
48499096-54ac-4ada-80d9-a5111cb1336c,Deb Prasad Pal,,brochure,images/new2_converted/pdf_pages/radical hospitals/page_05.pdf,0,True,General Surgery,,General Surgery,general-surgeon,,,approved,Fragments resolved exactly
48499096-54ac-4ada-80d9-a5111cb1336c,Deb Prasad Pal,,brochure,images/new2_converted/pdf_pages/radical hospitals/page_05.pdf,1,False,Laparoscopic Surgery,,Laparoscopic Surgery,laparoscopic-surgeon,,,approved,Fragments resolved exactly
484f4e73-d5da-4c03-8a88-a133b0c18dd7,Md. Golam Kibria Khan,,brochure,images/new2_converted/pdf_pages/popular dhanmondi 2/page_04.pdf,0,True,Rheumatology,,Rheumatology,rheumatologist,nephrologist,TAG_NOT_IN_TEXT,approved,Fragments resolved exactly
484f4e73-d5da-4c03-8a88-a133b0c18dd7,Md. Golam Kibria Khan,,brochure,images/new2_converted/pdf_pages/popular dhanmondi 2/page_04.pdf,1,False,Medicine,,Medicine,medicine-specialist,,,approved,Fragments resolved exactly
484f4e73-d5da-4c03-8a88-a133b0c18dd7,Md. Golam Kibria Khan,,brochure,images/new2_converted/pdf_pages/popular dhanmondi 2/page_04.pdf,2,False,Liver Diseases,,Liver Diseases,hepatologist,,,approved,Fragments resolved exactly
48798e78-d754-4b16-852a-572574c08fe7,Nahida Nazneen,,legacy,legacy_db,0,True,Gynecology & Obstetrics,,Gynecology; Obstetrics,gynecologist-obstetrician,medicine-specialist,"CREDENTIAL_MISMATCH, TAG_NOT_IN_TEXT",flagged,Qualification lacks required specialist credentials
48811c09-4f26-4ba9-b6c3-3b3c77938e16,Md. Shahed Ashraf,,legacy,legacy_db,0,True,"General Medicine, Liver Diseases, Gastroenterology, Medicine, Hepatology",,General Medicine; Liver Diseases; Gastroenterology; Medicine; Hepatology,"gastroenterologist, hepatologist, medicine-specialist",,,approved,Fragments resolved exactly
48b518b8-9563-41dd-b987-4d1380deb795,Sakhawat Alam,,legacy,legacy_db,0,True,"Pediatric Cardiology, Pediatrics",,Pediatric Cardiology; Pediatrics,"child-specialist, pediatric-cardiologist",,CREDENTIAL_MISMATCH,flagged,Qualification lacks required specialist credentials
4905b3f9-f299-42d6-8a17-16491506ef9a,Susmita Islam,,brochure,images/new2_converted/pdf_pages/popular dhanmondi 2/page_07.pdf,0,True,Gastroenterology,,Gastroenterology,gastroenterologist,,,approved,Fragments resolved exactly
4905b3f9-f299-42d6-8a17-16491506ef9a,Susmita Islam,,brochure,images/new2_converted/pdf_pages/popular dhanmondi 2/page_07.pdf,1,False,Medicine,,Medicine,medicine-specialist,,,approved,Fragments resolved exactly
4905b3f9-f299-42d6-8a17-16491506ef9a,Susmita Islam,,brochure,images/new2_converted/pdf_pages/popular dhanmondi 2/page_07.pdf,2,False,Liver,,Liver,hepatologist,,,approved,Fragments resolved exactly
495591da-5b08-4613-8bac-409eb1145744,Asaduzzaman,,brochure,images/new2_converted/pdf_pages/radical hospitals/page_05.pdf,0,True,Pediatric Surgery,,Pediatric Surgery,pediatric-surgeon,,CREDENTIAL_MISMATCH,flagged,Qualification lacks required specialist credentials
49624b8d-d791-4374-848b-34bf6477121d,Sushmita Roy,,legacy,legacy_db,0,True,Pediatrics,,Pediatrics,child-specialist,,CREDENTIAL_MISMATCH,flagged,Qualification lacks required specialist credentials
4966ddf5-8e73-4989-8c2f-a1d308bfec4f,Md. Kamruzzaman Khan,,legacy,legacy_db,0,True,General Physician,,General Physician,family-physician-gp,,,approved,Fragments resolved exactly
496c97ca-f72d-4980-9979-d6b0cba077f7,Moinul Hossain,,brochure,images/new2_converted/pdf_pages/popular dhanmondi 2/page_11.pdf,0,True,Pain Medicine,,Pain Medicine,pain-specialist,,,approved,Fragments resolved exactly
496c97ca-f72d-4980-9979-d6b0cba077f7,Moinul Hossain,,brochure,images/new2_converted/pdf_pages/popular dhanmondi 2/page_11.pdf,1,False,Anaesthesia,,Anaesthesia,anesthesiologist,,,approved,Fragments resolved exactly
4973ad46-da9c-4834-868f-c952d28b24c8,Sudhangshu Kumar Saha,,legacy,legacy_db,0,True,Nephrology,,Nephrology,nephrologist,,,approved,Fragments resolved exactly
49bd4ba6-a430-47a6-baae-e5757ac2afde,Md. Sajjad Khandkar,,brochure,images/new2_converted/pdf_pages/Alliance hospital/page_02.pdf,0,True,Plastic Surgery,,Plastic Surgery,plastic-surgeon,,,approved,Fragments resolved exactly
49bd4ba6-a430-47a6-baae-e5757ac2afde,Md. Sajjad Khandkar,,brochure,images/new2_converted/pdf_pages/Alliance hospital/page_02.pdf,1,False,Burn Surgery,,Burn Surgery,plastic-surgeon,,,approved,Fragments resolved exactly
49bd4ba6-a430-47a6-baae-e5757ac2afde,Md. Sajjad Khandkar,,brochure,images/new2_converted/pdf_pages/Alliance hospital/page_02.pdf,2,False,General Surgery,,General Surgery,general-surgeon,,,approved,Fragments resolved exactly
49d14786-66d6-4401-9dfd-f516317843c9,M A Azhar,,brochure,images/new2_converted/pdf_pages/popular dhanmondi 2/page_03.pdf,0,True,Medicine,,Medicine,medicine-specialist,,,approved,Fragments resolved exactly
49d84481-c5dc-4648-8ca5-40157799cb60,Md. Amanur Rasul,,legacy,legacy_db,0,True,"Urology, Kidney Diseases",,Urology; Kidney Diseases,"nephrologist, urologist",,,approved,Fragments resolved exactly
4a112da6-b193-4b5b-bace-52668f8fcb8f,Momtaz Jahan Mitu,,legacy,legacy_db,0,True,Dermatology & Venereology,,Dermatology; Venereology,"dermatologist, sexologist",,,approved,Fragments resolved exactly
4a340fd3-5ea6-4044-8ba4-b77e897121b6,Md. Alim Al Razi,,legacy,legacy_db,0,True,Urology,,Urology,urologist,,,approved,Fragments resolved exactly
4a39e2ff-cee3-4ac8-a211-eef533fcad7f,Md. Mojibor Rahman,,legacy,legacy_db,0,True,"Urology, General Surgery",,Urology; General Surgery,"general-surgeon, urologist",,,approved,Fragments resolved exactly
4a6c0a8c-2ee5-4673-9041-bebadb88b5f8,Md.. Mezbahul Bahar,,legacy,legacy_db,0,True,General Physician,,General Physician,family-physician-gp,,,approved,Fragments resolved exactly
4a78a3a0-89d7-4f48-afaf-275042b35725,Tarek Mohammad,,legacy,legacy_db,0,True,General Physician,,General Physician,family-physician-gp,,,approved,Fragments resolved exactly
4a924ce1-bbbb-4738-b126-a2e4f967cc40,Mahatima Haque,,brochure,images/new2_converted/pdf_pages/Japan bangladesh Friendship Hospital/page_03.pdf,0,True,Breast Surgery,,Breast Surgery,breast-surgeon,,,approved,Fragments resolved exactly
4a924ce1-bbbb-4738-b126-a2e4f967cc40,Mahatima Haque,,brochure,images/new2_converted/pdf_pages/Japan bangladesh Friendship Hospital/page_03.pdf,1,False,Colorectal Surgery,,Colorectal Surgery,colorectal-surgeon,,,approved,Fragments resolved exactly
4a924ce1-bbbb-4738-b126-a2e4f967cc40,Mahatima Haque,,brochure,images/new2_converted/pdf_pages/Japan bangladesh Friendship Hospital/page_03.pdf,2,False,Diabetic Foot,,Diabetic Foot,diabetologist,,,approved,Fragments resolved exactly
4a982695-bc13-434e-91e3-51e9db8ceef5,Sultana Marufa Shefin,,brochure,images/new2_converted/Ibn Sina Cards/IMG_5991.jpg,0,True,Endocrinology,,Endocrinology,endocrinologist,,,approved,Fragments resolved exactly
4a982695-bc13-434e-91e3-51e9db8ceef5,Sultana Marufa Shefin,,brochure,images/new2_converted/Ibn Sina Cards/IMG_5991.jpg,1,False,Diabetes & Hormone,,Diabetes; Hormone,"diabetologist, endocrinologist",,,approved,Fragments resolved exactly
4ab5cb50-aef4-4f06-a831-eab172684f2c,M..M.. Mahbubur Rahman,,legacy,legacy_db,0,True,"General Surgery, Colorectal Surgery",,General Surgery; Colorectal Surgery,"colorectal-surgeon, general-surgeon",,CREDENTIAL_MISMATCH,flagged,Qualification lacks required specialist credentials
4b4323cc-37f3-4cc7-85bd-d03d22a718f6,Selina Khanum,,legacy,legacy_db,0,True,"Pediatrics, Pediatric Pulmonology, Neonatology",,Pediatrics; Pediatric Pulmonology; Neonatology,"child-specialist, neonatologist, pediatric-pulmonologist",,,approved,Fragments resolved exactly
4b477f51-2fa9-42ff-8721-68aff8440044,Mohsin Ahmed,,brochure,images/new2_converted/Ibn Sina Cards/IMG_5996.jpg,0,True,Cardiology,,Cardiology,cardiologist,,,approved,Fragments resolved exactly
4b477f51-2fa9-42ff-8721-68aff8440044,Mohsin Ahmed,,brochure,images/new2_converted/Ibn Sina Cards/IMG_5996.jpg,1,False,Medicine,,Medicine,medicine-specialist,,,approved,Fragments resolved exactly
4b477f51-2fa9-42ff-8721-68aff8440044,Mohsin Ahmed,,brochure,images/new2_converted/Ibn Sina Cards/IMG_5996.jpg,2,False,Interventional Cardiology,,Interventional Cardiology,interventional-cardiologist,,,approved,Fragments resolved exactly
4b48541a-6fa3-40ee-8e64-f9a4268bc265,M.. M.. Zaman,,legacy,legacy_db,0,True,Physical Medicine & Rehabilitation,,Physical Medicine; Rehabilitation,physical-medicine-specialist,,,approved,Fragments resolved exactly
4b615ed3-cea8-4fc7-98de-a3ffbf607f0e,Md. Nasir Uddin (Mahmud),,legacy,legacy_db,0,True,"Surgical Oncology, General Surgery",,Surgical Oncology; General Surgery,"cancer-surgeon, general-surgeon",,CREDENTIAL_MISMATCH,flagged,Qualification lacks required specialist credentials
4ba42829-6dd9-49fb-8601-e0dc0007c83f,Tarek Mohammad,,legacy,legacy_db,0,True,ENT (Otolaryngology),,ENT (Otolaryngology,,ent-specialist,"TAG_NOT_IN_TEXT, UNMAPPED_FRAGMENT",flagged,Unmapped fragments: ENT (Otolaryngology
4bc3fb48-6609-44fc-b9a1-bd3518c1afaa,Sushmita Islam,,legacy,legacy_db,0,True,"General Medicine, Gastroenterology",,General Medicine; Gastroenterology,"gastroenterologist, medicine-specialist",,,approved,Fragments resolved exactly
4bc84119-f670-4c6f-a914-1c3910f5d89f,Sampriti Islam,,legacy,legacy_db,0,True,"Respiratory Medicine, General Medicine",,Respiratory Medicine; General Medicine,"chest-specialist, medicine-specialist",,,approved,Fragments resolved exactly
4bfc1a3d-2a0a-4fa3-a0b4-602658067021,Rumana Selim,,brochure,images/new2_converted/pdf_pages/radical hospitals/page_03.pdf,0,True,Pediatrics,,Pediatrics,child-specialist,,,approved,Fragments resolved exactly
4bfc1a3d-2a0a-4fa3-a0b4-602658067021,Rumana Selim,,brochure,images/new2_converted/pdf_pages/radical hospitals/page_03.pdf,1,False,Endocrinology,,Endocrinology,endocrinologist,,,approved,Fragments resolved exactly
4c1539dc-cdbb-46c0-aaae-e2345da19c80,Tahniyah Haq,,brochure,images/new2_converted/pdf_pages/popular dhanmondi 2/page_08.pdf,0,True,Endocrinology,,Endocrinology,endocrinologist,,,approved,Fragments resolved exactly
4c1539dc-cdbb-46c0-aaae-e2345da19c80,Tahniyah Haq,,brochure,images/new2_converted/pdf_pages/popular dhanmondi 2/page_08.pdf,1,False,Diabetology,,Diabetology,diabetologist,,,approved,Fragments resolved exactly
4cf53c20-00c9-4693-bcc0-7fa9a4c6d5d5,Khondokar A B M Abdullah Al Hasan,,legacy,legacy_db,0,True,"General Surgery, Surgical Oncology",,General Surgery; Surgical Oncology,"cancer-surgeon, general-surgeon",,,approved,Fragments resolved exactly
4d25e32f-9f50-4e4e-9269-32cb70c49465,Neena Islam,,legacy,legacy_db,0,True,"Medicine, Cardiology",,Medicine; Cardiology,"cardiologist, medicine-specialist",,,approved,Fragments resolved exactly
4dda6e57-271d-4ff5-bb83-55531b099b9e,Md. Rashidul Hasan,,brochure,images/new2_converted/pdf_pages/Japan bangladesh Friendship Hospital/page_05.pdf,0,True,Neurosurgery,,Neurosurgery,neurosurgeon,"chest-specialist, endocrinologist, medicine-specialist",TAG_NOT_IN_TEXT,approved,Fragments resolved exactly
4dda6e57-271d-4ff5-bb83-55531b099b9e,Md. Rashidul Hasan,,brochure,images/new2_converted/pdf_pages/Japan bangladesh Friendship Hospital/page_05.pdf,1,False,Spine Surgery,,Spine Surgery,spine-surgeon,,,approved,Fragments resolved exactly
4e1377b8-f70f-43a8-b16c-9107efd0c7a1,Sumaiya Parvin,,brochure,images/new2_converted/pdf_pages/Alliance hospital/page_05.pdf,0,True,Dermatology,,Dermatology,dermatologist,,,approved,Fragments resolved exactly
4e1377b8-f70f-43a8-b16c-9107efd0c7a1,Sumaiya Parvin,,brochure,images/new2_converted/pdf_pages/Alliance hospital/page_05.pdf,1,False,Venereology,,Venereology,sexologist,,,approved,Fragments resolved exactly
4e1377b8-f70f-43a8-b16c-9107efd0c7a1,Sumaiya Parvin,,brochure,images/new2_converted/pdf_pages/Alliance hospital/page_05.pdf,2,False,Allergy,,Allergy,allergy-immunologist,,,approved,Fragments resolved exactly
4e174088-e942-44c8-baa6-7a636f595703,Mohammad Mustafizur Rahman,,legacy,legacy_db,0,True,General Physician,,General Physician,family-physician-gp,,,approved,Fragments resolved exactly
4e17b0e8-32b9-4eb3-996f-37ce8bec1499,Md. Akteruzzaman,,legacy,legacy_db,0,True,"Respiratory Medicine, General Medicine, Cardiology, Rheumatology, Diabetes & Endocrinology",,Respiratory Medicine; General Medicine; Cardiology; Rheumatology; Diabetes; Endocrinology,"cardiologist, chest-specialist, diabetologist, endocrinologist, medicine-specialist, rheumatologist",,CREDENTIAL_MISMATCH,flagged,Qualification lacks required specialist credentials
4e2e224c-41f8-4ebb-8676-1679dfc6cc79,M. Muhibur Rahman,,brochure,images/new2_converted/pdf_pages/popular dhanmondi 2/page_07.pdf,0,True,Nephrology,,Nephrology,nephrologist,,,approved,Fragments resolved exactly
4e53527e-ec22-45e0-b284-64ff2356a1d3,Ripon Kumar Ghosh,,legacy,legacy_db,0,True,"Orthopedics, Spine Surgery",,Orthopedics; Spine Surgery,"orthopedic-surgeon, spine-surgeon",,"CREDENTIAL_MISMATCH, DROPPED_KEYWORD",flagged,Qualification lacks required specialist credentials; Claim text keyword missing from tag umbrellas
4e6e52ed-bdcb-4082-9240-73ccc3fa962b,Kazi Abdullah-Al-Mamun,,legacy,legacy_db,0,True,"Neurology, General Medicine",,Neurology; General Medicine,"medicine-specialist, neurologist",,,approved,Fragments resolved exactly
4e6ea8d2-487a-471d-9d3a-8c0be262b952,Humayun Rashid,A-28917,brochure,images/new2_converted/pdf_pages/radical hospitals/page_03.pdf,0,True,Neurosurgery,,Neurosurgery,neurosurgeon,,,approved,Fragments resolved exactly
4e7cae3e-f0be-4579-813d-79f3eb145ac0,Amal Kumar Chowdhury,,legacy,legacy_db,0,True,"General Medicine, Cardiology",,General Medicine; Cardiology,"cardiologist, medicine-specialist",,CREDENTIAL_MISMATCH,flagged,Qualification lacks required specialist credentials
4ecbb341-367a-4c2c-8f05-1db3f0e93885,Md. Mamunur Rahman,,brochure,images/new2_converted/pdf_pages/Alliance hospital/page_03.pdf,0,True,General Surgery,,General Surgery,general-surgeon,,,approved,Fragments resolved exactly
4ecbb341-367a-4c2c-8f05-1db3f0e93885,Md. Mamunur Rahman,,brochure,images/new2_converted/pdf_pages/Alliance hospital/page_03.pdf,1,False,Laparoscopic Surgery,,Laparoscopic Surgery,laparoscopic-surgeon,,,approved,Fragments resolved exactly
4ecbb341-367a-4c2c-8f05-1db3f0e93885,Md. Mamunur Rahman,,brochure,images/new2_converted/pdf_pages/Alliance hospital/page_03.pdf,2,False,Colorectal Surgery,,Colorectal Surgery,colorectal-surgeon,,,approved,Fragments resolved exactly
4ecbb341-367a-4c2c-8f05-1db3f0e93885,Md. Mamunur Rahman,,brochure,images/new2_converted/pdf_pages/Alliance hospital/page_03.pdf,3,False,Gastrointestinal Surgery,,Gastrointestinal Surgery,general-surgeon,,,approved,Fragments resolved exactly
4ed7c796-5bb5-49f6-9d23-273d21b9afb3,Md. Akram Hossain,,legacy,legacy_db,0,True,General Physician,,General Physician,family-physician-gp,,,approved,Fragments resolved exactly
4edab798-efdc-4716-acc0-3eca8b86f7a3,Tohidul Karim Mazumder,,legacy,legacy_db,0,True,"General Medicine, Gastroenterology",,General Medicine; Gastroenterology,"gastroenterologist, medicine-specialist",,,approved,Fragments resolved exactly
4f03844f-581a-432b-b7f3-eb76dbb0f91e,Rezaul Islam,,brochure,images/new2_converted/pdf_pages/radical hospitals/page_05.pdf,0,True,Orthopedics,,Orthopedics,orthopedic-surgeon,,"CREDENTIAL_MISMATCH, DROPPED_KEYWORD",flagged,Qualification lacks required specialist credentials; Claim text keyword missing from tag umbrellas
4f03844f-581a-432b-b7f3-eb76dbb0f91e,Rezaul Islam,,brochure,images/new2_converted/pdf_pages/radical hospitals/page_05.pdf,1,False,Diabetology,,Diabetology,diabetologist,,,approved,Fragments resolved exactly
4f0d0851-cbcd-46fb-83c2-b921be7f7208,Marwa Kashem Muna,,legacy,legacy_db,0,True,Cardiology,,Cardiology,cardiologist,,CREDENTIAL_MISMATCH,flagged,Qualification lacks required specialist credentials
4f3ff335-944f-4b3e-9eaf-d65d0ac44e8f,Amiruzzaman (Suman),,brochure,images/new2_converted/pdf_pages/popular dhanmondi 2/page_03.pdf,0,True,Medicine,,Medicine,medicine-specialist,,,approved,Fragments resolved exactly
4f683759-7fa2-4355-84b3-f73af7e44e3c,M.. M.. Manzur Hasan,,legacy,legacy_db,0,True,"General Medicine, Rheumatology",,General Medicine; Rheumatology,"medicine-specialist, rheumatologist",,,approved,Fragments resolved exactly
4f80fdf5-d5b4-4410-b5a1-72144af1c3ae,Mahabub Alam (Khokon),,brochure,images/new2_converted/pdf_pages/Japan bangladesh Friendship Hospital/page_04.pdf,0,True,Orthopaedic Surgery,,Orthopaedic Surgery,orthopedic-surgeon,,DROPPED_KEYWORD,flagged,Claim text keyword missing from tag umbrellas
4f80fdf5-d5b4-4410-b5a1-72144af1c3ae,Mahabub Alam (Khokon),,brochure,images/new2_converted/pdf_pages/Japan bangladesh Friendship Hospital/page_04.pdf,1,False,Spine Surgery,,Spine Surgery,spine-surgeon,,,approved,Fragments resolved exactly
4fc1b7be-79d6-480f-8c89-0689f66a913c,Nandita Paul,,brochure,images/new2_converted/pdf_pages/popular dhanmondi 2/page_14.pdf,0,True,Medicine,,Medicine,medicine-specialist,,,approved,Fragments resolved exactly
4fc1b7be-79d6-480f-8c89-0689f66a913c,Nandita Paul,,brochure,images/new2_converted/pdf_pages/popular dhanmondi 2/page_14.pdf,1,False,Cardiology,,Cardiology,cardiologist,,,approved,Fragments resolved exactly
4fdc4c90-d81c-4f87-8d3c-15bb83e253a0,Nawsabah Nur,,legacy,legacy_db,0,True,General Medicine,,General Medicine,medicine-specialist,,,approved,Fragments resolved exactly
501d2229-a63f-4b7b-9ec2-5c797ee7232a,Sabeka Khatun,,legacy,legacy_db,0,True,General Physician,,General Physician,family-physician-gp,,,approved,Fragments resolved exactly
5039f4a0-bac1-4d4c-b6af-622fbb6ef923,Kamil Ara Khanam,,brochure,images/new2_converted/pdf_pages/popular dhanmondi 2/page_16.pdf,0,True,Obstetrics & Gynaecology,,Obstetrics; Gynaecology,gynecologist-obstetrician,medicine-specialist,TAG_NOT_IN_TEXT,approved,Fragments resolved exactly
504fce12-087b-4c9e-8f92-bdc1674a9ee0,Md. Ali Faisal (Liton),,legacy,legacy_db,0,True,General Physician,,General Physician,family-physician-gp,,,approved,Fragments resolved exactly
508bdf1e-bd6e-487a-972a-fcfbf9ff5a53,Md. Shahin Oyadud,,brochure,images/new2_converted/pdf_pages/Japan bangladesh Friendship Hospital/page_05.pdf,0,True,Neurology,,Neurology,neurologist,,,approved,Fragments resolved exactly
50a3fc9a-6527-4ebd-95a7-9aeb49827bc2,Mohammad Fazle Maruf,,legacy,legacy_db,0,True,Cardiac Surgery,,Cardiac Surgery,cardiac-surgeon,,,approved,Fragments resolved exactly
50e95c18-aa4f-4fd7-94a6-ce322f5a7f3a,Fatema Sharmin (Anny),,brochure,images/new2_converted/IMG_5973.jpg,0,True,Anaesthesiology,,Anaesthesiology,anesthesiologist,,,approved,Fragments resolved exactly
51122499-5d10-42c8-9262-88ad19406db9,Nihar Ranjan Sarker,,legacy,legacy_db,0,True,General Physician,,General Physician,family-physician-gp,,,approved,Fragments resolved exactly
5149906f-5e5b-4305-854b-7a83edf40405,Benozir Haque (Panna),,brochure,images/new2_converted/pdf_pages/popular dhanmondi 2/page_16.pdf,0,True,Obstetrics & Gynaecology,,Obstetrics; Gynaecology,gynecologist-obstetrician,medicine-specialist,TAG_NOT_IN_TEXT,approved,Fragments resolved exactly
5149906f-5e5b-4305-854b-7a83edf40405,Benozir Haque (Panna),,brochure,images/new2_converted/pdf_pages/popular dhanmondi 2/page_16.pdf,1,False,Laparoscopic Surgery,,Laparoscopic Surgery,laparoscopic-surgeon,,CREDENTIAL_MISMATCH,flagged,Qualification lacks required specialist credentials
51699c9e-3fd3-4398-9ff5-7084394e8fcf,Jahangir Hossain Bhuiyan,,legacy,legacy_db,0,True,"General Surgery, Colorectal Surgery",,General Surgery; Colorectal Surgery,"colorectal-surgeon, general-surgeon",,,approved,Fragments resolved exactly
5172d623-153d-4951-a365-a453fe3bc314,Md. Zamil Zaidur Rahim,A-24444,brochure,images/new2_converted/Ibn Sina Cards/IMG_5990.jpg,0,True,Orthopaedics,,Orthopaedics,orthopedic-surgeon,,DROPPED_KEYWORD,flagged,Claim text keyword missing from tag umbrellas
5172d623-153d-4951-a365-a453fe3bc314,Md. Zamil Zaidur Rahim,A-24444,brochure,images/new2_converted/Ibn Sina Cards/IMG_5990.jpg,1,False,Arthroscopy,,Arthroscopy,orthopedic-surgeon,,,approved,Fragments resolved exactly
5172d623-153d-4951-a365-a453fe3bc314,Md. Zamil Zaidur Rahim,A-24444,brochure,images/new2_converted/Ibn Sina Cards/IMG_5990.jpg,2,False,Arthroplasty,,Arthroplasty,orthopedic-surgeon,,,approved,Fragments resolved exactly
51cacf52-36f9-4858-a8cf-10998daa0aa5,Md. Abdus Salam,,brochure,images/new2_converted/Ibn Sina Cards/IMG_5989.jpg,0,True,Urology,,Urology,urologist,,,approved,Fragments resolved exactly
51cacf52-36f9-4858-a8cf-10998daa0aa5,Md. Abdus Salam,,brochure,images/new2_converted/Ibn Sina Cards/IMG_5989.jpg,1,False,Laparoscopic Surgery,,Laparoscopic Surgery,laparoscopic-surgeon,,,approved,Fragments resolved exactly
51df18ef-3ab7-46f8-8fd7-0d9f8e5a2ec7,Mohammad Bayes Chowdhury,,brochure,images/new2_converted/pdf_pages/radical hospitals/page_02.pdf,0,True,Medicine,,Medicine,medicine-specialist,,,approved,Fragments resolved exactly
51f980a3-1fd8-4c33-be39-d41a005846c4,Rasel Ahmed Khan Lodi,,brochure,images/new2_converted/pdf_pages/Japan bangladesh Friendship Hospital/page_03.pdf,0,True,General Surgery,,General Surgery,general-surgeon,,,approved,Fragments resolved exactly
51f980a3-1fd8-4c33-be39-d41a005846c4,Rasel Ahmed Khan Lodi,,brochure,images/new2_converted/pdf_pages/Japan bangladesh Friendship Hospital/page_03.pdf,1,False,Laparoscopic Surgery,,Laparoscopic Surgery,laparoscopic-surgeon,,,approved,Fragments resolved exactly
51f980a3-1fd8-4c33-be39-d41a005846c4,Rasel Ahmed Khan Lodi,,brochure,images/new2_converted/pdf_pages/Japan bangladesh Friendship Hospital/page_03.pdf,2,False,Colorectal Surgery,,Colorectal Surgery,colorectal-surgeon,,,approved,Fragments resolved exactly
51f980a3-1fd8-4c33-be39-d41a005846c4,Rasel Ahmed Khan Lodi,,brochure,images/new2_converted/pdf_pages/Japan bangladesh Friendship Hospital/page_03.pdf,3,False,Diabetic Foot,,Diabetic Foot,diabetologist,,,approved,Fragments resolved exactly
520966b0-664d-42e5-999b-9ebf1da84700,Sayad Bin Abdus Salam,A-67031,legacy,legacy_db,0,True,"Endocrinology, Metabolism, Diabetes, Thyroid",,Endocrinology; Metabolism; Diabetes; Thyroid,"diabetologist, endocrinologist",,,approved,Fragments resolved exactly
521e350d-eba6-4f9a-b174-6b2c2397ac10,Seheli Jahan,,legacy,legacy_db,0,True,Neurology,,Neurology,neurologist,,,approved,Fragments resolved exactly
523dc952-6157-4699-8fed-1f1f96dde843,Prashanta Kumar Chakraborty,,legacy,legacy_db,0,True,Physical Medicine & Rehabilitation,,Physical Medicine; Rehabilitation,physical-medicine-specialist,,,approved,Fragments resolved exactly
524b39eb-612b-483d-b48e-343be25b375a,Enamur Rashid Chowdhury,,brochure,images/new2_converted/pdf_pages/radical hospitals/page_04.pdf,0,True,Urology,,Urology,urologist,nephrologist,TAG_NOT_IN_TEXT,approved,Fragments resolved exactly
524b39eb-612b-483d-b48e-343be25b375a,Enamur Rashid Chowdhury,,brochure,images/new2_converted/pdf_pages/radical hospitals/page_04.pdf,1,False,Andrology,,Andrology,andrologist,,,approved,Fragments resolved exactly
524b39eb-612b-483d-b48e-343be25b375a,Enamur Rashid Chowdhury,,brochure,images/new2_converted/pdf_pages/radical hospitals/page_04.pdf,2,False,Kidney Specialist,,Kidney Specialist,,,"DROPPED_KEYWORD, UNMAPPED_FRAGMENT",flagged,Unmapped fragments: Kidney Specialist; Claim text keyword missing from tag umbrellas
525acfd5-da40-4fa1-81ae-33e46102fd0e,Md. Rashedul Hasan,,legacy,legacy_db,0,True,"General Medicine, Cardiology",,General Medicine; Cardiology,"cardiologist, medicine-specialist",,,approved,Fragments resolved exactly
52624660-4ff1-4bc0-b753-7dd2f99cb94d,Md. Delwar Hossain,,brochure,images/new2_converted/pdf_pages/popular dhanmondi 2/page_04.pdf,0,True,Medicine,,Medicine,medicine-specialist,"cardiologist, endocrinologist, neurologist, orthopedic-surgeon",TAG_NOT_IN_TEXT,approved,Fragments resolved exactly
52624660-4ff1-4bc0-b753-7dd2f99cb94d,Md. Delwar Hossain,,brochure,images/new2_converted/pdf_pages/popular dhanmondi 2/page_04.pdf,1,False,Chest,,Chest,chest-specialist,,,approved,Fragments resolved exactly
52624660-4ff1-4bc0-b753-7dd2f99cb94d,Md. Delwar Hossain,,brochure,images/new2_converted/pdf_pages/popular dhanmondi 2/page_04.pdf,2,False,Respiratory,,Respiratory,chest-specialist,,,approved,Fragments resolved exactly
526a5a8a-ad10-4365-b403-22e4989fc373,Syed Imtiaz Uddin (Sajid),,brochure,images/new2_converted/pdf_pages/Japan bangladesh Friendship Hospital/page_04.pdf,0,True,ENT,,ENT,ent,,,approved,Fragments resolved exactly
526a5a8a-ad10-4365-b403-22e4989fc373,Syed Imtiaz Uddin (Sajid),,brochure,images/new2_converted/pdf_pages/Japan bangladesh Friendship Hospital/page_04.pdf,1,False,Head & Neck Surgery,,Head; Neck Surgery,head-neck-surgeon,,CREDENTIAL_MISMATCH,flagged,Qualification lacks required specialist credentials
5317a8a7-8eb5-4b86-8743-d1d0452147f7,Md. Mahbubur Rahman,,brochure,images/new2_converted/Medinova medical cards/IMG_6011.jpg,0,True,Gastroenterology,,Gastroenterology,gastroenterologist,"cardiologist, neurologist",TAG_NOT_IN_TEXT,approved,Fragments resolved exactly
5317a8a7-8eb5-4b86-8743-d1d0452147f7,Md. Mahbubur Rahman,,brochure,images/new2_converted/Medinova medical cards/IMG_6011.jpg,1,False,Hepatology,,Hepatology,hepatologist,,,approved,Fragments resolved exactly
5317a8a7-8eb5-4b86-8743-d1d0452147f7,Md. Mahbubur Rahman,,brochure,images/new2_converted/Medinova medical cards/IMG_6011.jpg,2,False,Medicine,,Medicine,medicine-specialist,,,approved,Fragments resolved exactly
5317a8a7-8eb5-4b86-8743-d1d0452147f7,Md. Mahbubur Rahman,,brochure,images/new2_converted/Medinova medical cards/IMG_6011.jpg,3,False,Diabetology,,Diabetology,diabetologist,,,approved,Fragments resolved exactly
53885c52-2d03-4405-a905-c8a2275b21f9,Mohammad Ruhul Alam (Tarek),,legacy,legacy_db,0,True,General Physician,,General Physician,family-physician-gp,,,approved,Fragments resolved exactly
53c84024-94a2-4057-b48e-14a126237913,Soheli Akter,,legacy,legacy_db,0,True,"Gynecology & Obstetrics, Infertility & Reproductive Medicine",,Gynecology; Obstetrics; Infertility; Reproductive Medicine,"gynecologist-obstetrician, infertility-specialist",medicine-specialist,"CREDENTIAL_MISMATCH, TAG_NOT_IN_TEXT",flagged,Qualification lacks required specialist credentials
53cb2c08-5a6c-495d-8142-81e6a1f336d4,Motiur Rahman,,legacy,legacy_db,0,True,General Surgery,,General Surgery,general-surgeon,,CREDENTIAL_MISMATCH,flagged,Qualification lacks required specialist credentials
53e6503e-113a-4824-bcc4-9e6e7788cd84,Farhana Afroz,,brochure,images/new2_converted/pdf_pages/popular dhanmondi 2/page_04.pdf,0,True,Medicine,,Medicine,medicine-specialist,endocrinologist,TAG_NOT_IN_TEXT,approved,Fragments resolved exactly
53e6503e-113a-4824-bcc4-9e6e7788cd84,Farhana Afroz,,brochure,images/new2_converted/pdf_pages/popular dhanmondi 2/page_04.pdf,1,False,Diabetes,,Diabetes,diabetologist,,,approved,Fragments resolved exactly
53e6503e-113a-4824-bcc4-9e6e7788cd84,Farhana Afroz,,brochure,images/new2_converted/pdf_pages/popular dhanmondi 2/page_04.pdf,2,False,Respiratory Medicine,,Respiratory Medicine,chest-specialist,,,approved,Fragments resolved exactly
54614a5d-97b8-4162-9898-b134bac2ef41,Md. Rafiqul Islam,,legacy,legacy_db,0,True,"Neurology, Respiratory Medicine, Chest Diseases, Cardiology",,Neurology; Respiratory Medicine; Chest Diseases; Cardiology,"cardiologist, chest-specialist, neurologist",,CREDENTIAL_MISMATCH,flagged,Qualification lacks required specialist credentials
54844a17-1f5e-4884-bf81-22a0898133f6,Md. Azizur Rahman,,brochure,images/new2_converted/pdf_pages/Ibn Sina Dhanmondi/page_03.pdf,0,True,Orthopedics,,Orthopedics,orthopedic-surgeon,,"CREDENTIAL_MISMATCH, DROPPED_KEYWORD",flagged,Qualification lacks required specialist credentials; Claim text keyword missing from tag umbrellas
54844a17-1f5e-4884-bf81-22a0898133f6,Md. Azizur Rahman,,brochure,images/new2_converted/pdf_pages/Ibn Sina Dhanmondi/page_03.pdf,1,False,Trauma Surgery,,Trauma Surgery,orthopedic-surgeon,,CREDENTIAL_MISMATCH,flagged,Qualification lacks required specialist credentials
54844a17-1f5e-4884-bf81-22a0898133f6,Md. Azizur Rahman,,brochure,images/new2_converted/pdf_pages/Ibn Sina Dhanmondi/page_03.pdf,2,False,Spine Surgery,,Spine Surgery,spine-surgeon,,CREDENTIAL_MISMATCH,flagged,Qualification lacks required specialist credentials
5497883b-f141-4da3-a1a0-b7d55e033d7f,Mst. Roxana Begum,এ-৩৫৬০৯,legacy,legacy_db,0,True,"General Medicine, Hepatology",,General Medicine; Hepatology,"hepatologist, medicine-specialist",,,approved,Fragments resolved exactly
54a72da8-678c-49d5-b149-331e6c07a2dd,Jesista Islam,,brochure,images/new2_converted/pdf_pages/Ibn Sina Dhanmondi/page_07.pdf,0,True,Dental,,Dental,dentist,,,approved,Fragments resolved exactly
54a72da8-678c-49d5-b149-331e6c07a2dd,Jesista Islam,,brochure,images/new2_converted/pdf_pages/Ibn Sina Dhanmondi/page_07.pdf,1,False,Oral and Maxillofacial Surgery,,Oral; Maxillofacial Surgery,"dentist, maxillofacial-surgeon",,,approved,Fragments resolved exactly
54ca00b4-6a0a-463b-b03b-b363929fcec8,Kamil Ara Khanom (Nasreen),,legacy,legacy_db,0,True,Gynecology & Obstetrics,,Gynecology; Obstetrics,gynecologist-obstetrician,medicine-specialist,"CREDENTIAL_MISMATCH, TAG_NOT_IN_TEXT",flagged,Qualification lacks required specialist credentials
54de9c82-3c35-421f-be37-0f5a3638d6e4,Golam Rahman Mallick,,brochure,images/new2_converted/pdf_pages/Japan bangladesh Friendship Hospital/page_03.pdf,0,True,Cardiology,,Cardiology,cardiologist,,CREDENTIAL_MISMATCH,flagged,Qualification lacks required specialist credentials
54de9c82-3c35-421f-be37-0f5a3638d6e4,Golam Rahman Mallick,,brochure,images/new2_converted/pdf_pages/Japan bangladesh Friendship Hospital/page_03.pdf,1,False,Medicine,,Medicine,medicine-specialist,,,approved,Fragments resolved exactly
54de9c82-3c35-421f-be37-0f5a3638d6e4,Golam Rahman Mallick,,brochure,images/new2_converted/pdf_pages/Japan bangladesh Friendship Hospital/page_03.pdf,2,False,Diabetes,,Diabetes,diabetologist,,,approved,Fragments resolved exactly
54de9c82-3c35-421f-be37-0f5a3638d6e4,Golam Rahman Mallick,,brochure,images/new2_converted/pdf_pages/Japan bangladesh Friendship Hospital/page_03.pdf,3,False,Hypertension,,Hypertension,cardiologist,,CREDENTIAL_MISMATCH,flagged,Qualification lacks required specialist credentials
551d02da-7b90-4299-94fb-60fc257d5a23,Md.. Mahbubur Rahman (Masum),,legacy,legacy_db,0,True,Plastic & Cosmetic Surgery,,Plastic; Cosmetic Surgery,plastic-surgeon,medicine-specialist,"CREDENTIAL_MISMATCH, TAG_NOT_IN_TEXT",flagged,Qualification lacks required specialist credentials
5531ce76-a815-4258-b6a0-1dd8db906477,Khandaker A. Karim,,legacy,legacy_db,0,True,"General Medicine, Diabetes & Endocrinology",,General Medicine; Diabetes; Endocrinology,"diabetologist, endocrinologist, medicine-specialist",,,approved,Fragments resolved exactly
5536d83c-66ea-41fc-ac2f-ec2f195c9fa9,Shapur Ikhtiar,204,legacy,legacy_db,0,True,"General Medicine, Rheumatology",,General Medicine; Rheumatology,"medicine-specialist, rheumatologist",,,approved,Fragments resolved exactly
553e5d86-5fd9-4b1a-a8e3-7649b74273cd,Mahmud Hasan,,brochure,images/new2_converted/pdf_pages/Ibn Sina Dhanmondi/page_04.pdf,0,True,Psychiatry,,Psychiatry,psychiatrist,,,approved,Fragments resolved exactly
5580c26c-4cdb-4310-b0fd-948316dbf202,Happy Haque,,legacy,legacy_db,0,True,Oncology,,Oncology,cancer-specialist,,,approved,Fragments resolved exactly
55a6f9f3-d30f-4aff-afa4-13d0cbf455d0,Anika Rahat,,legacy,legacy_db,0,True,General Physician,,General Physician,family-physician-gp,,,approved,Fragments resolved exactly
55b432f7-915d-442c-b0d1-374d00d9845c,Amar Biswas,,legacy,legacy_db,0,True,Respiratory Medicine,,Respiratory Medicine,chest-specialist,,,approved,Fragments resolved exactly
568c5892-bfaa-4915-8c77-b5e4e612cd1c,Saiyan Faria Setu,,legacy,legacy_db,0,True,Gynecology & Obstetrics,,Gynecology; Obstetrics,gynecologist-obstetrician,medicine-specialist,"CREDENTIAL_MISMATCH, TAG_NOT_IN_TEXT",flagged,Qualification lacks required specialist credentials
56be02c7-bd1e-46c2-864a-582c6307abf6,S.M. Abdur Razzaque,,brochure,images/new2_converted/pdf_pages/popular dhanmondi 2/page_04.pdf,0,True,Asthma,,Asthma,chest-specialist,,,approved,Fragments resolved exactly
56be02c7-bd1e-46c2-864a-582c6307abf6,S.M. Abdur Razzaque,,brochure,images/new2_converted/pdf_pages/popular dhanmondi 2/page_04.pdf,1,False,TB,,TB,chest-specialist,,,approved,Fragments resolved exactly
56be02c7-bd1e-46c2-864a-582c6307abf6,S.M. Abdur Razzaque,,brochure,images/new2_converted/pdf_pages/popular dhanmondi 2/page_04.pdf,2,False,Chest Disease,,Chest Disease,chest-specialist,,,approved,Fragments resolved exactly
56be02c7-bd1e-46c2-864a-582c6307abf6,S.M. Abdur Razzaque,,brochure,images/new2_converted/pdf_pages/popular dhanmondi 2/page_04.pdf,3,False,Medicine,,Medicine,medicine-specialist,,,approved,Fragments resolved exactly
56e6ceaf-c7df-4f55-987b-c36b30b34a8b,Faruque Ahmed,,legacy,legacy_db,0,True,"General Medicine, Gastroenterology",,General Medicine; Gastroenterology,"gastroenterologist, medicine-specialist",,,approved,Fragments resolved exactly
5723f3c6-6a64-4522-839a-26b4f298e623,Mir Rashed Alam Abhi,,legacy,legacy_db,0,True,Colorectal Surgery,,Colorectal Surgery,colorectal-surgeon,,CREDENTIAL_MISMATCH,flagged,Qualification lacks required specialist credentials
5732b4af-5446-4f26-9ff1-9c446b5b2aaf,Amzad Hossain,,brochure,images/new2_converted/pdf_pages/Japan bangladesh Friendship Hospital/page_05.pdf,0,True,Dermatology,,Dermatology,dermatologist,,,approved,Fragments resolved exactly
5732b4af-5446-4f26-9ff1-9c446b5b2aaf,Amzad Hossain,,brochure,images/new2_converted/pdf_pages/Japan bangladesh Friendship Hospital/page_05.pdf,1,False,Allergy,,Allergy,allergy-immunologist,,,approved,Fragments resolved exactly
57762c9a-b209-452e-8753-d40b2fca5462,Deepabita Saha,,brochure,images/new2_converted/pdf_pages/Japan bangladesh Friendship Hospital/page_06.pdf,0,True,Pediatric Gastroenterology,,Pediatric Gastroenterology,pediatric-gastroenterologist,,,approved,Fragments resolved exactly
57762c9a-b209-452e-8753-d40b2fca5462,Deepabita Saha,,brochure,images/new2_converted/pdf_pages/Japan bangladesh Friendship Hospital/page_06.pdf,1,False,Nutrition,,Nutrition,nutritionist-dietitian,,,approved,Fragments resolved exactly
57762c9a-b209-452e-8753-d40b2fca5462,Deepabita Saha,,brochure,images/new2_converted/pdf_pages/Japan bangladesh Friendship Hospital/page_06.pdf,2,False,Pediatrics,,Pediatrics,child-specialist,,,approved,Fragments resolved exactly
57ea6e6d-b6f0-5a42-89f9-edcc14a807c4,Kazi Naushad-Un-Nabi,,legacy,legacy_db,0,True,General Physician,,General Physician,family-physician-gp,,,approved,Fragments resolved exactly
581cee61-e4dd-438a-ab2e-b8138da7aa5f,Md. Amjad Ali,,legacy,legacy_db,0,True,Orthopedics,,Orthopedics,orthopedic-surgeon,,"CREDENTIAL_MISMATCH, DROPPED_KEYWORD",flagged,Qualification lacks required specialist credentials; Claim text keyword missing from tag umbrellas
58574aba-fbbf-437e-8f2e-0f959dae998f,Md. Idris Ali,,brochure,images/new2_converted/pdf_pages/Ibn Sina Dhanmondi/page_07.pdf,0,True,Pain Medicine,,Pain Medicine,pain-specialist,,,approved,Fragments resolved exactly
58574aba-fbbf-437e-8f2e-0f959dae998f,Md. Idris Ali,,brochure,images/new2_converted/pdf_pages/Ibn Sina Dhanmondi/page_07.pdf,1,False,Anesthesiology,,Anesthesiology,anesthesiologist,,,approved,Fragments resolved exactly
58574aba-fbbf-437e-8f2e-0f959dae998f,Md. Idris Ali,,brochure,images/new2_converted/pdf_pages/Ibn Sina Dhanmondi/page_07.pdf,2,False,Critical Care Medicine,,Critical Care Medicine,critical-care-specialist,,,approved,Fragments resolved exactly
585cae25-8d22-4a28-8753-b3e36be751af,Sk. Ashraf Ullah,,brochure,images/new2_converted/Northern hospital Cards/IMG_6019.jpg,0,True,Orthopedic Surgery,,Orthopedic Surgery,orthopedic-surgeon,,"CREDENTIAL_MISMATCH, DROPPED_KEYWORD",flagged,Qualification lacks required specialist credentials; Claim text keyword missing from tag umbrellas
585cae25-8d22-4a28-8753-b3e36be751af,Sk. Ashraf Ullah,,brochure,images/new2_converted/Northern hospital Cards/IMG_6019.jpg,1,False,Spine Surgery,,Spine Surgery,spine-surgeon,,CREDENTIAL_MISMATCH,flagged,Qualification lacks required specialist credentials
5889dd46-da97-42a7-86e1-2750c2b069b6,Md. Ashraful Islam (Milan),,brochure,images/new2_converted/pdf_pages/Japan bangladesh Friendship Hospital/page_04.pdf,0,True,Gastroenterology,,Gastroenterology,gastroenterologist,,,approved,Fragments resolved exactly
5889dd46-da97-42a7-86e1-2750c2b069b6,Md. Ashraful Islam (Milan),,brochure,images/new2_converted/pdf_pages/Japan bangladesh Friendship Hospital/page_04.pdf,1,False,Medicine,,Medicine,medicine-specialist,,,approved,Fragments resolved exactly
58a8c40d-bf56-4a58-9741-e6776cbb0a33,Muhammad Abdur Razzak,,legacy,legacy_db,0,True,Nephrology,,Nephrology,nephrologist,,,approved,Fragments resolved exactly
58d7d493-c30d-4403-aa06-ca57dadf65db,Parveen Shahida Akhter,,brochure,images/new2_converted/Medinova medical cards/IMG_6011.jpg,0,True,Medical Oncology,,Medical Oncology,cancer-specialist,,CREDENTIAL_MISMATCH,flagged,Qualification lacks required specialist credentials
58d7d493-c30d-4403-aa06-ca57dadf65db,Parveen Shahida Akhter,,brochure,images/new2_converted/Medinova medical cards/IMG_6011.jpg,1,False,Oncology,,Oncology,cancer-specialist,,CREDENTIAL_MISMATCH,flagged,Qualification lacks required specialist credentials
58faf1f6-e38d-4899-9138-fcc232ec4482,Md. Abu Kaysar,,brochure,images/new2_converted/Ibn Sina Cards/IMG_5992.jpg,0,True,ENT,,ENT,ent,,,approved,Fragments resolved exactly
58faf1f6-e38d-4899-9138-fcc232ec4482,Md. Abu Kaysar,,brochure,images/new2_converted/Ibn Sina Cards/IMG_5992.jpg,1,False,Otolaryngology,,Otolaryngology,ent-specialist,,,approved,Fragments resolved exactly
593700f0-35b5-4ffc-8965-c7048763d628,Mushfiqur Rahman,,brochure,images/new2_converted/Ibn Sina Cards/IMG_6003.jpg,0,True,Thoracic Surgery,,Thoracic Surgery,thoracic-surgeon,,,approved,Fragments resolved exactly
593700f0-35b5-4ffc-8965-c7048763d628,Mushfiqur Rahman,,brochure,images/new2_converted/Ibn Sina Cards/IMG_6003.jpg,1,False,Cardiovascular Surgery,,Cardiovascular Surgery,cardiac-surgeon,,,approved,Fragments resolved exactly
593700f0-35b5-4ffc-8965-c7048763d628,Mushfiqur Rahman,,brochure,images/new2_converted/Ibn Sina Cards/IMG_6003.jpg,2,False,Diabetes,,Diabetes,diabetologist,,,approved,Fragments resolved exactly
5967660c-1a4c-48fd-a49b-c7bc8777b5f5,Rajashish Chakraborty,,brochure,images/new2_converted/pdf_pages/popular dhanmondi 2/page_04.pdf,0,True,Medicine,,Medicine,medicine-specialist,,,approved,Fragments resolved exactly
5967660c-1a4c-48fd-a49b-c7bc8777b5f5,Rajashish Chakraborty,,brochure,images/new2_converted/pdf_pages/popular dhanmondi 2/page_04.pdf,1,False,Chest Diseases,,Chest Diseases,chest-specialist,,,approved,Fragments resolved exactly
5967660c-1a4c-48fd-a49b-c7bc8777b5f5,Rajashish Chakraborty,,brochure,images/new2_converted/pdf_pages/popular dhanmondi 2/page_04.pdf,2,False,Respiratory Medicine,,Respiratory Medicine,chest-specialist,,,approved,Fragments resolved exactly
597787ef-f3c6-4dc4-bafc-50542a9f1a4a,Md. Nure Alam Khan,,legacy,legacy_db,0,True,General Medicine,,General Medicine,medicine-specialist,,,approved,Fragments resolved exactly
598b9f03-728b-468a-9702-398d69d0dc4b,Anwar Hossain,,legacy,legacy_db,0,True,Neurosurgery,,Neurosurgery,neurosurgeon,,CREDENTIAL_MISMATCH,flagged,Qualification lacks required specialist credentials
59e7c060-6b38-4d47-8da1-63f21e8aac41,A.S.M TANIM ANWAR,,brochure,images/new2_converted/pdf_pages/popular dhanmondi 2/page_07.pdf,0,True,Nephrology,,Nephrology,nephrologist,,,approved,Fragments resolved exactly
59e7c060-6b38-4d47-8da1-63f21e8aac41,A.S.M TANIM ANWAR,,brochure,images/new2_converted/pdf_pages/popular dhanmondi 2/page_07.pdf,1,False,Kidney Disease & Transplant,,Kidney Disease; Transplant,"nephrologist, urologist",,,approved,Fragments resolved exactly
5a3c6198-ee08-4072-b6e4-0705719e3134,Lutfun Nahar Lutfa,,legacy,legacy_db,0,True,Colorectal Surgery,,Colorectal Surgery,colorectal-surgeon,,CREDENTIAL_MISMATCH,flagged,Qualification lacks required specialist credentials
5a479d3f-29f2-418c-a1d1-a80dd2f99f85,Anisa Jahan,,legacy,legacy_db,0,True,"Pediatric Neurology, Child Health",,Pediatric Neurology; Child Health,"child-health, pediatric-neurologist",,,approved,Fragments resolved exactly
5a82c035-0170-4cb6-ba08-191b4b0fac87,Sadeka Chowdhury Moni,,brochure,images/new2_converted/pdf_pages/popular dhanmondi 2/page_11.pdf,0,True,Neonatology,,Neonatology,neonatologist,,,approved,Fragments resolved exactly
5a82c035-0170-4cb6-ba08-191b4b0fac87,Sadeka Chowdhury Moni,,brochure,images/new2_converted/pdf_pages/popular dhanmondi 2/page_11.pdf,1,False,Paediatrics,,Paediatrics,child-specialist,,,approved,Fragments resolved exactly
5aa3de05-2e90-4d71-a5d5-cb111cd89747,Azfar Uddin Shaikh,,legacy,legacy_db,0,True,Urology,,Urology,urologist,,,approved,Fragments resolved exactly
5aa8fbc5-663b-4d4b-a002-34f39d5d3813,Md. Armanul Islam,A-48891,legacy,legacy_db,0,True,"Surgical Oncology, General Surgery, Colorectal Surgery",,Surgical Oncology; General Surgery; Colorectal Surgery,"cancer-surgeon, colorectal-surgeon, general-surgeon",,,approved,Fragments resolved exactly
5b546d2a-1429-49f9-b506-85d67de09f49,Md. Rashedul Islam,,legacy,legacy_db,0,True,"Neurology, General Medicine",,Neurology; General Medicine,"medicine-specialist, neurologist",,,approved,Fragments resolved exactly
5b7aab11-5f68-4224-953c-fc3f8dd327a3,Md. Abul Kalam Azad,,legacy,legacy_db,0,True,General Medicine,,General Medicine,medicine-specialist,,,approved,Fragments resolved exactly
5b7c7c94-370b-458a-936e-1c41834527c0,Indrajit Kumar Kundu,,legacy,legacy_db,0,True,Orthopedics,,Orthopedics,orthopedic-surgeon,,DROPPED_KEYWORD,flagged,Claim text keyword missing from tag umbrellas
5b8583f8-38e2-494f-af19-a6791d2c66f9,Md. Abul Ahsan (Didar),,brochure,images/new2_converted/pdf_pages/Japan bangladesh Friendship Hospital/page_05.pdf,0,True,Oncology,,Oncology,cancer-specialist,medicine-specialist,"CREDENTIAL_MISMATCH, TAG_NOT_IN_TEXT",flagged,Qualification lacks required specialist credentials
5b8583f8-38e2-494f-af19-a6791d2c66f9,Md. Abul Ahsan (Didar),,brochure,images/new2_converted/pdf_pages/Japan bangladesh Friendship Hospital/page_05.pdf,1,False,Radiotherapy,,Radiotherapy,cancer-specialist,,CREDENTIAL_MISMATCH,flagged,Qualification lacks required specialist credentials
5b8583f8-38e2-494f-af19-a6791d2c66f9,Md. Abul Ahsan (Didar),,brochure,images/new2_converted/pdf_pages/Japan bangladesh Friendship Hospital/page_05.pdf,2,False,Palliative Care,,Palliative Care,cancer-specialist,,CREDENTIAL_MISMATCH,flagged,Qualification lacks required specialist credentials
5b8dfaee-cbd5-4ee9-ae43-edc9feef191f,Abu Md. Asaduzzaman,,legacy,legacy_db,0,True,"Hepatology, Gastroenterology",,Hepatology; Gastroenterology,"gastroenterologist, hepatologist",,,approved,Fragments resolved exactly
5bb51838-056f-4cc2-8ca1-91b1d1fafd5d,Asma Binte Anwar,,legacy,legacy_db,0,True,General Physician,,General Physician,family-physician-gp,,,approved,Fragments resolved exactly
5c27df2f-bf46-4f0a-9311-a720dbdd9631,Sk. Nurul Alam,,brochure,images/new2_converted/pdf_pages/popular dhanmondi 2/page_09.pdf,0,True,Orthopedic Surgery,,Orthopedic Surgery,orthopedic-surgeon,,DROPPED_KEYWORD,flagged,Claim text keyword missing from tag umbrellas
5c6dfd79-05e5-407d-a111-5755899c278a,Abul Khayer,,brochure,images/new2_converted/pdf_pages/radical hospitals/page_03.pdf,0,True,Cardiology,,Cardiology,cardiologist,,,approved,Fragments resolved exactly
5c82601b-23b5-4309-acff-4a5316d3752b,M.. A.. Sayem,,legacy,legacy_db,0,True,Diabetes & Endocrinology,,Diabetes; Endocrinology,"diabetologist, endocrinologist",,,approved,Fragments resolved exactly
5cb875a3-7fa8-4645-a6ba-50657ca69b36,Md. Bashir Ahmed Khan,,legacy,legacy_db,0,True,Neurosurgery,,Neurosurgery,neurosurgeon,,CREDENTIAL_MISMATCH,flagged,Qualification lacks required specialist credentials
5cc67a49-c6c1-41c2-a19b-09856eda5f13,M.. A.. Afzal Bhuiyan,,legacy,legacy_db,0,True,Pediatrics,,Pediatrics,child-specialist,,CREDENTIAL_MISMATCH,flagged,Qualification lacks required specialist credentials
5cca706e-cc3f-479f-830c-92f486120d5f,Shadly T. Amim,,brochure,images/new2_converted/pdf_pages/dr t amim/page_02.pdf,0,True,Cardiology,,Cardiology,cardiologist,"interventional-cardiologist, medicine-specialist","CREDENTIAL_MISMATCH, TAG_NOT_IN_TEXT",flagged,Qualification lacks required specialist credentials
5cd5bb55-780f-4eeb-83f2-4404508a8bf8,Uma Nag (Shampa),,legacy,legacy_db,0,True,Gynecology & Obstetrics,,Gynecology; Obstetrics,gynecologist-obstetrician,medicine-specialist,"CREDENTIAL_MISMATCH, TAG_NOT_IN_TEXT",flagged,Qualification lacks required specialist credentials
5cec7114-ccaa-4f49-a52b-f726f95477aa,Md. Alamgir Hossain (Joni),,legacy,legacy_db,0,True,"Orthopedics, Spine Surgery",,Orthopedics; Spine Surgery,"orthopedic-surgeon, spine-surgeon",,DROPPED_KEYWORD,flagged,Claim text keyword missing from tag umbrellas
5d57ff2b-8911-4b8d-9449-e60edda591ec,Nahida Nazneen,,legacy,legacy_db,0,True,Gynecology & Obstetrics,,Gynecology; Obstetrics,gynecologist-obstetrician,medicine-specialist,"CREDENTIAL_MISMATCH, TAG_NOT_IN_TEXT",flagged,Qualification lacks required specialist credentials
5d6282ee-bbef-4b14-95e8-fcaf929a52f6,Muhammad Zahir Uddin,,legacy,legacy_db,0,True,"General Medicine, Respiratory Medicine, Diabetes & Endocrinology, Rheumatology",,General Medicine; Respiratory Medicine; Diabetes; Endocrinology; Rheumatology,"chest-specialist, diabetologist, endocrinologist, medicine-specialist, rheumatologist",,,approved,Fragments resolved exactly
5d7670d8-c9a3-4f35-bebb-ff4325753fd7,Sardar A. Baqui,,brochure,images/new2_converted/pdf_pages/Japan bangladesh Friendship Hospital/page_02.pdf,0,True,Sleep Medicine,,Sleep Medicine,chest-specialist,,,approved,Fragments resolved exactly
5d7670d8-c9a3-4f35-bebb-ff4325753fd7,Sardar A. Baqui,,brochure,images/new2_converted/pdf_pages/Japan bangladesh Friendship Hospital/page_02.pdf,1,False,Pulmonology,,Pulmonology,chest-specialist,,,approved,Fragments resolved exactly
5d7670d8-c9a3-4f35-bebb-ff4325753fd7,Sardar A. Baqui,,brochure,images/new2_converted/pdf_pages/Japan bangladesh Friendship Hospital/page_02.pdf,2,False,Family Medicine,,Family Medicine,family-physician-gp,,,approved,Fragments resolved exactly
5d899372-3402-47bf-9069-6a8d1c99fc60,Imran Chowdhury,,legacy,legacy_db,0,True,Plastic Surgery,,Plastic Surgery,plastic-surgeon,,,approved,Fragments resolved exactly
5db45f22-d8d3-4729-ad43-f1db11a432c9,Alamgir Kabir,,brochure,images/new2_converted/pdf_pages/popular dhanmondi 2/page_05.pdf,0,True,Haematology,,Haematology,hematologist,,,approved,Fragments resolved exactly
5dd2e3f1-96b4-4f12-80a6-a3f22a45fd1e,Nishat Sharmin Nishi,,brochure,images/new2_converted/pdf_pages/popular dhanmondi 2/page_13.pdf,0,True,Dietetics,,Dietetics,nutritionist-dietitian,medicine-specialist,"PROVIDER_TYPE_CONFLICT, TAG_NOT_IN_TEXT",flagged,Fragments resolved exactly
5dd2e3f1-96b4-4f12-80a6-a3f22a45fd1e,Nishat Sharmin Nishi,,brochure,images/new2_converted/pdf_pages/popular dhanmondi 2/page_13.pdf,1,False,Nutrition,,Nutrition,nutritionist-dietitian,,PROVIDER_TYPE_CONFLICT,flagged,Fragments resolved exactly
5dd2e3f1-96b4-4f12-80a6-a3f22a45fd1e,Nishat Sharmin Nishi,,brochure,images/new2_converted/pdf_pages/popular dhanmondi 2/page_13.pdf,2,False,Obesity Management,,Obesity Management,weight-management-specialist,,PROVIDER_TYPE_CONFLICT,flagged,Fragments resolved exactly
5e081f24-4193-4f9d-9771-49b14b4c0160,Tarafder Runa Laila,,legacy,legacy_db,0,True,"Infertility, Gynecology & Obstetrics",,Infertility; Gynecology; Obstetrics,"gynecologist-obstetrician, infertility-specialist",medicine-specialist,TAG_NOT_IN_TEXT,approved,Fragments resolved exactly
5e1e9db7-1e81-4aa0-834a-3fd6b61dc35b,Md. Chowdhury Taslima Nasreen,,brochure,images/new2_converted/pdf_pages/radical hospitals/page_02.pdf,0,True,Obstetrics & Gynaecology,,Obstetrics; Gynaecology,gynecologist-obstetrician,medicine-specialist,TAG_NOT_IN_TEXT,approved,Fragments resolved exactly
5e500e88-13c1-4535-878e-f48004f39424,Md. Nazmul Islam,,brochure,images/new2_converted/pdf_pages/Alliance hospital/page_05.pdf,0,True,Thoracic Surgery,,Thoracic Surgery,thoracic-surgeon,,,approved,Fragments resolved exactly
5e500e88-13c1-4535-878e-f48004f39424,Md. Nazmul Islam,,brochure,images/new2_converted/pdf_pages/Alliance hospital/page_05.pdf,1,False,Chest Surgery,,Chest Surgery,thoracic-surgeon,,,approved,Fragments resolved exactly
5eceec05-cd5c-4dac-8c02-7e291be250bf,Mohammad Yakub Ali,,legacy,legacy_db,0,True,"Rheumatology, Orthopedics, Spine Surgery",,Rheumatology; Orthopedics; Spine Surgery,"orthopedic-surgeon, rheumatologist, spine-surgeon",,DROPPED_KEYWORD,flagged,Claim text keyword missing from tag umbrellas
5ef225e2-70c2-4d89-817f-684d201d0e6a,Khurshid Nasrin,,brochure,images/new2_converted/pdf_pages/popular dhanmondi 2/page_13.pdf,0,True,Sonology,,Sonology,sonologist,,,approved,Fragments resolved exactly
5f086124-1ab2-42b4-b6f0-0978ce04cd67,Zahid Ahmad,A-28116,legacy,legacy_db,0,True,"Orthopedics, Trauma, Arthroplasty",,Orthopedics; Trauma; Arthroplasty,orthopedic-surgeon,,DROPPED_KEYWORD,flagged,Claim text keyword missing from tag umbrellas
5f15aa07-10e9-4a64-899d-031b597dbdb3,A Z M Mostaque Hossain (Tuhin),,legacy,legacy_db,0,True,Surgery,,Surgery,general-surgeon,,CREDENTIAL_MISMATCH,flagged,Qualification lacks required specialist credentials
5f3562f4-febf-4da3-ae28-b0d029144500,Sujit Paul,,legacy,legacy_db,0,True,"Spine Surgery, Orthopedics",,Spine Surgery; Orthopedics,"orthopedic-surgeon, spine-surgeon",,"CREDENTIAL_MISMATCH, DROPPED_KEYWORD",flagged,Qualification lacks required specialist credentials; Claim text keyword missing from tag umbrellas
5f7b1589-84c4-463b-a9b6-e7f88a4da312,Sheikh Shahinur Hossain,,legacy,legacy_db,0,True,Respiratory Medicine,,Respiratory Medicine,chest-specialist,,,approved,Fragments resolved exactly
5fbccff9-d3af-40f5-ba02-3d20e3714cc6,Farhan Ahmed Emon,,legacy,legacy_db,0,True,"General Medicine, Cardiology",,General Medicine; Cardiology,"cardiologist, medicine-specialist",,CREDENTIAL_MISMATCH,flagged,Qualification lacks required specialist credentials
5fcd9ed8-e3fa-4dc6-bcd8-386ee7a8e93b,Mirza Sharifuzzaman,,brochure,images/new2_converted/pdf_pages/popular dhanmondi 2/page_07.pdf,0,True,Endocrinology,,Endocrinology,endocrinologist,,,approved,Fragments resolved exactly
5fcd9ed8-e3fa-4dc6-bcd8-386ee7a8e93b,Mirza Sharifuzzaman,,brochure,images/new2_converted/pdf_pages/popular dhanmondi 2/page_07.pdf,1,False,Metabolism,,Metabolism,endocrinologist,,,approved,Fragments resolved exactly
5fd86894-342a-4270-9c18-cc3e7051b19a,A. K. M. Rafikul Bari,,brochure,images/new2_converted/Ibn Sina Cards/IMG_5998.jpg,0,True,Pulmonology,,Pulmonology,chest-specialist,,,approved,Fragments resolved exactly
5fd86894-342a-4270-9c18-cc3e7051b19a,A. K. M. Rafikul Bari,,brochure,images/new2_converted/Ibn Sina Cards/IMG_5998.jpg,1,False,Allergy,,Allergy,allergy-immunologist,,,approved,Fragments resolved exactly
5fd86894-342a-4270-9c18-cc3e7051b19a,A. K. M. Rafikul Bari,,brochure,images/new2_converted/Ibn Sina Cards/IMG_5998.jpg,2,False,Internal Medicine,,Internal Medicine,medicine-specialist,,,approved,Fragments resolved exactly
5fe61343-990f-44bb-aef6-f60e77765509,Mohammad Hasan,,brochure,images/new2_converted/pdf_pages/Ibn Sina Dhanmondi/page_03.pdf,0,True,Orthopedics,,Orthopedics,orthopedic-surgeon,,DROPPED_KEYWORD,flagged,Claim text keyword missing from tag umbrellas
5fe61343-990f-44bb-aef6-f60e77765509,Mohammad Hasan,,brochure,images/new2_converted/pdf_pages/Ibn Sina Dhanmondi/page_03.pdf,1,False,Spine Surgery,,Spine Surgery,spine-surgeon,,,approved,Fragments resolved exactly
5fe61343-990f-44bb-aef6-f60e77765509,Mohammad Hasan,,brochure,images/new2_converted/pdf_pages/Ibn Sina Dhanmondi/page_03.pdf,2,False,Joint Replacement Surgery,,Joint Replacement Surgery,orthopedic-surgeon,,,approved,Fragments resolved exactly
600d1fae-9593-4666-a715-1cded5c57bba,A.B.M. Abdullah,,legacy,legacy_db,0,True,General Medicine,,General Medicine,medicine-specialist,,,approved,Fragments resolved exactly
602e067d-db56-4306-adb6-1bd0c86a6d4e,Benazir Haque (Panna),,legacy,legacy_db,0,True,Gynecology & Obstetrics,,Gynecology; Obstetrics,gynecologist-obstetrician,medicine-specialist,"CREDENTIAL_MISMATCH, TAG_NOT_IN_TEXT",flagged,Qualification lacks required specialist credentials
60c7c7d0-ab7e-4b3c-a954-9bd59197d086,D. S. M. Zakir Hossain,,brochure,images/new2_converted/pdf_pages/Alliance hospital/page_03.pdf,0,True,Respiratory Medicine,,Respiratory Medicine,chest-specialist,,,approved,Fragments resolved exactly
60c7c7d0-ab7e-4b3c-a954-9bd59197d086,D. S. M. Zakir Hossain,,brochure,images/new2_converted/pdf_pages/Alliance hospital/page_03.pdf,1,False,Chest Diseases,,Chest Diseases,chest-specialist,,,approved,Fragments resolved exactly
60d3bcba-3cbc-4280-bca3-963f0d535d41,Taiyeba Sultana,,legacy,legacy_db,0,True,Pediatrics,,Pediatrics,child-specialist,,CREDENTIAL_MISMATCH,flagged,Qualification lacks required specialist credentials
60d421ac-9fba-4dea-93a0-6fc2497fabf8,Golam Mohammad (Belal),,brochure,images/new2_converted/pdf_pages/radical hospitals/page_03.pdf,0,True,Oncology,,Oncology,cancer-specialist,,CREDENTIAL_MISMATCH,flagged,Qualification lacks required specialist credentials
60d421ac-9fba-4dea-93a0-6fc2497fabf8,Golam Mohammad (Belal),,brochure,images/new2_converted/pdf_pages/radical hospitals/page_03.pdf,1,False,ENT,,ENT,ent,,,approved,Fragments resolved exactly
60df8ac0-8fd2-4227-a1be-2d4c0225b252,Mostofa Shawkat Imran,,brochure,images/new2_converted/Ibn Sina Cards/IMG_5999.jpg,0,True,Gastroenterology,,Gastroenterology,gastroenterologist,,,approved,Fragments resolved exactly
60df8ac0-8fd2-4227-a1be-2d4c0225b252,Mostofa Shawkat Imran,,brochure,images/new2_converted/Ibn Sina Cards/IMG_5999.jpg,1,False,Liver,,Liver,hepatologist,,,approved,Fragments resolved exactly
60df8ac0-8fd2-4227-a1be-2d4c0225b252,Mostofa Shawkat Imran,,brochure,images/new2_converted/Ibn Sina Cards/IMG_5999.jpg,2,False,Medicine,,Medicine,medicine-specialist,,,approved,Fragments resolved exactly
60fd7542-4cad-4ccc-b973-1ea70e58fde8,Jahangir Hossain Bhuiyan,,legacy,legacy_db,0,True,General Surgery,,General Surgery,general-surgeon,,CREDENTIAL_MISMATCH,flagged,Qualification lacks required specialist credentials
61073192-7ada-4c84-b71a-312b766cc590,Md. Masud Rana,,brochure,images/new2_converted/pdf_pages/Japan bangladesh Friendship Hospital/page_05.pdf,0,True,Urology,,Urology,urologist,,,approved,Fragments resolved exactly
6145c1b5-1786-4586-b708-4aff8b6bcdc9,Manisha Banerjee,,legacy,legacy_db,0,True,Pediatrics,,Pediatrics,child-specialist,,CREDENTIAL_MISMATCH,flagged,Qualification lacks required specialist credentials
619dd998-3918-4e70-893b-4220cecea6ae,Khandakar ABM Abdullah Al Hasan,,brochure,images/new2_converted/pdf_pages/popular dhanmondi 2/page_05.pdf,0,True,Surgery,,Surgery,general-surgeon,,,approved,Fragments resolved exactly
619dd998-3918-4e70-893b-4220cecea6ae,Khandakar ABM Abdullah Al Hasan,,brochure,images/new2_converted/pdf_pages/popular dhanmondi 2/page_05.pdf,1,False,Surgical Oncology,,Surgical Oncology,cancer-surgeon,,,approved,Fragments resolved exactly
61aff1e3-4a9a-4dfe-8604-26316acfdf09,Shahi Farzana Tasmin,,brochure,images/new2_converted/pdf_pages/popular dhanmondi 2/page_10.pdf,0,True,Obstetrics & Gynaecology,,Obstetrics; Gynaecology,gynecologist-obstetrician,medicine-specialist,TAG_NOT_IN_TEXT,approved,Fragments resolved exactly
61aff1e3-4a9a-4dfe-8604-26316acfdf09,Shahi Farzana Tasmin,,brochure,images/new2_converted/pdf_pages/popular dhanmondi 2/page_10.pdf,1,False,Laparoscopic Surgery,,Laparoscopic Surgery,laparoscopic-surgeon,,CREDENTIAL_MISMATCH,flagged,Qualification lacks required specialist credentials
61c6546e-f6d6-4fea-810f-3aed4ff9b764,Mamunur Rashid (Sunny),A-73063,brochure,images/new2_converted/pdf_pages/radical hospitals/page_03.pdf,0,True,Neurosurgery,,Neurosurgery,neurosurgeon,,,approved,Fragments resolved exactly
61d19a59-591d-469b-abf9-6f4c70b7c779,Chhanda Majumder,,brochure,images/new2_converted/pdf_pages/popular dhanmondi 2/page_11.pdf,0,True,Obstetrics & Gynaecology,,Obstetrics; Gynaecology,gynecologist-obstetrician,medicine-specialist,TAG_NOT_IN_TEXT,approved,Fragments resolved exactly
6238f834-f1fc-4f63-afe2-ac1b86d8ac0c,Anjuman Ara Rita,,legacy,legacy_db,0,True,Gynecology & Obstetrics,,Gynecology; Obstetrics,gynecologist-obstetrician,medicine-specialist,"CREDENTIAL_MISMATCH, TAG_NOT_IN_TEXT",flagged,Qualification lacks required specialist credentials
6238f9a2-4ba8-4335-aee8-a01934f2f9a8,Khandaker A.. Karim,,legacy,legacy_db,0,True,"General Medicine, Diabetes & Endocrinology",,General Medicine; Diabetes; Endocrinology,"diabetologist, endocrinologist, medicine-specialist",,,approved,Fragments resolved exactly
62ca9838-259c-431d-8d1e-01c65d29b5f9,Md. Shamsul Haque,,brochure,images/new2_converted/pdf_pages/popular dhanmondi 2/page_16.pdf,0,True,Ophthalmology,,Ophthalmology,eye-specialist,,,approved,Fragments resolved exactly
62ca9838-259c-431d-8d1e-01c65d29b5f9,Md. Shamsul Haque,,brochure,images/new2_converted/pdf_pages/popular dhanmondi 2/page_16.pdf,1,False,Eye Specialist,,Eye Specialist,eye-specialist,,,approved,Fragments resolved exactly
6389b556-76d4-4b78-baa0-fcea5a9982c1,Mafruha Akter (Rumana),,legacy,legacy_db,0,True,Hematology,,Hematology,hematologist,,,approved,Fragments resolved exactly
6397f756-1de6-4d19-87fe-3f082dcc1a1a,Manoj Kumar Barman,,legacy,legacy_db,0,True,Neurology,,Neurology,neurologist,,,approved,Fragments resolved exactly
643b07c0-b952-4b60-b8cc-6cda47b3469b,Farhana Ahmed Nancy,,legacy,legacy_db,0,True,Gynecology & Obstetrics,,Gynecology; Obstetrics,gynecologist-obstetrician,medicine-specialist,"CREDENTIAL_MISMATCH, TAG_NOT_IN_TEXT",flagged,Qualification lacks required specialist credentials
6488daf3-7935-4bad-8381-fbe84e775308,Monalika Khatun M.K. Shelly,,brochure,images/new2_converted/pdf_pages/Japan bangladesh Friendship Hospital/page_06.pdf,0,True,Obstetrics & Gynaecology,,Obstetrics; Gynaecology,gynecologist-obstetrician,medicine-specialist,TAG_NOT_IN_TEXT,approved,Fragments resolved exactly
6488daf3-7935-4bad-8381-fbe84e775308,Monalika Khatun M.K. Shelly,,brochure,images/new2_converted/pdf_pages/Japan bangladesh Friendship Hospital/page_06.pdf,1,False,Infertility,,Infertility,infertility-specialist,,,approved,Fragments resolved exactly
6488daf3-7935-4bad-8381-fbe84e775308,Monalika Khatun M.K. Shelly,,brochure,images/new2_converted/pdf_pages/Japan bangladesh Friendship Hospital/page_06.pdf,2,False,Laparoscopic Surgery,,Laparoscopic Surgery,laparoscopic-surgeon,,,approved,Fragments resolved exactly
64c18379-f0d8-4766-a2d3-03ac2d5debd6,Samina Tabassum Khan (Anika),,legacy,legacy_db,0,True,Pediatrics,,Pediatrics,child-specialist,,CREDENTIAL_MISMATCH,flagged,Qualification lacks required specialist credentials
65229a1d-14e0-41f9-b525-1d38802c287a,Ibrahim Khalil (Shahin),,brochure,images/new2_converted/pdf_pages/popular dhanmondi 2/page_09.pdf,0,True,Colorectal Surgery,,Colorectal Surgery,colorectal-surgeon,,,approved,Fragments resolved exactly
65229a1d-14e0-41f9-b525-1d38802c287a,Ibrahim Khalil (Shahin),,brochure,images/new2_converted/pdf_pages/popular dhanmondi 2/page_09.pdf,1,False,General Surgery,,General Surgery,general-surgeon,,,approved,Fragments resolved exactly
6525d9ff-f8d8-437b-9a1a-d867ac1299b0,Selimuzzaman,,brochure,images/new2_converted/pdf_pages/popular dhanmondi 2/page_11.pdf,0,True,Paediatrics,,Paediatrics,child-specialist,,,approved,Fragments resolved exactly
6525d9ff-f8d8-437b-9a1a-d867ac1299b0,Selimuzzaman,,brochure,images/new2_converted/pdf_pages/popular dhanmondi 2/page_11.pdf,1,False,Neonatology,,Neonatology,neonatologist,,,approved,Fragments resolved exactly
65a8b0ea-8b13-42c7-b4e5-48746cdd6f39,Md. Ekramul Reza,,legacy,legacy_db,0,True,"General Medicine, Cardiology, Rheumatology",,General Medicine; Cardiology; Rheumatology,"cardiologist, medicine-specialist, rheumatologist",,CREDENTIAL_MISMATCH,flagged,Qualification lacks required specialist credentials
65b060ef-e468-477e-a1fe-04660f146561,S.M. Amir Hossain,,legacy,legacy_db,0,True,"General Surgery, Orthopedics, Spine Surgery",,General Surgery; Orthopedics; Spine Surgery,"general-surgeon, orthopedic-surgeon, spine-surgeon",,DROPPED_KEYWORD,flagged,Claim text keyword missing from tag umbrellas
65b93d20-d4b5-424f-a71b-e1225f727ada,Md. Kazim Uddin,,brochure,images/new2_converted/pdf_pages/Japan bangladesh Friendship Hospital/page_02.pdf,0,True,Hematology,,Hematology,hematologist,,,approved,Fragments resolved exactly
65b93d20-d4b5-424f-a71b-e1225f727ada,Md. Kazim Uddin,,brochure,images/new2_converted/pdf_pages/Japan bangladesh Friendship Hospital/page_02.pdf,1,False,Internal Medicine,,Internal Medicine,medicine-specialist,,,approved,Fragments resolved exactly
65b93d20-d4b5-424f-a71b-e1225f727ada,Md. Kazim Uddin,,brochure,images/new2_converted/pdf_pages/Japan bangladesh Friendship Hospital/page_02.pdf,2,False,Medical Oncology,,Medical Oncology,cancer-specialist,,CREDENTIAL_MISMATCH,flagged,Qualification lacks required specialist credentials
65de8b2d-bd49-43e4-b302-e1eb5f7c4363,Md. Ali Faisal (Liton),,legacy,legacy_db,0,True,"General Surgery, Bone And Joint, Spine Surgery, Orthopedics",,General Surgery; Bone; Joint; Spine Surgery; Orthopedics,"general-surgeon, orthopedic-surgeon, spine-surgeon",,DROPPED_KEYWORD,flagged,Claim text keyword missing from tag umbrellas
65ffa746-1ee5-481d-8d96-685557a64152,Touhidul Karim Majumder,,brochure,images/new2_converted/pdf_pages/popular dhanmondi 2/page_06.pdf,0,True,Gastroenterology,,Gastroenterology,gastroenterologist,hepatologist,TAG_NOT_IN_TEXT,approved,Fragments resolved exactly
65ffa746-1ee5-481d-8d96-685557a64152,Touhidul Karim Majumder,,brochure,images/new2_converted/pdf_pages/popular dhanmondi 2/page_06.pdf,1,False,Medicine,,Medicine,medicine-specialist,,,approved,Fragments resolved exactly
65ffa746-1ee5-481d-8d96-685557a64152,Touhidul Karim Majumder,,brochure,images/new2_converted/pdf_pages/popular dhanmondi 2/page_06.pdf,2,False,Liver Specialist,,Liver Specialist,,,UNMAPPED_FRAGMENT,flagged,Unmapped fragments: Liver Specialist
661404f8-2a0d-4799-b61b-44417901fdd2,Sushmita Bardhan,,legacy,legacy_db,0,True,Gynecology & Obstetrics,,Gynecology; Obstetrics,gynecologist-obstetrician,medicine-specialist,"CREDENTIAL_MISMATCH, TAG_NOT_IN_TEXT",flagged,Qualification lacks required specialist credentials
661ab3e9-3619-4ddc-9584-1c2e6cba5d2d,H. R. Harun,,legacy,legacy_db,0,True,Urology,,Urology,urologist,,,approved,Fragments resolved exactly
6623d5fa-b211-4f1c-bdad-a980105055c7,Lutfia Akhtar,,brochure,images/new2_converted/pdf_pages/radical hospitals/page_02.pdf,0,True,Obstetrics & Gynaecology,,Obstetrics; Gynaecology,gynecologist-obstetrician,medicine-specialist,TAG_NOT_IN_TEXT,approved,Fragments resolved exactly
664dbbe9-1692-4b97-b1a2-3d3ec237cdf1,Ruhul Amin Sujon,,brochure,images/new2_converted/pdf_pages/Ibn Sina Dhanmondi/page_08.pdf,0,True,Dental & Maxillofacial Surgery,,Dental; Maxillofacial Surgery,"dentist, maxillofacial-surgeon",,,approved,Fragments resolved exactly
664dbbe9-1692-4b97-b1a2-3d3ec237cdf1,Ruhul Amin Sujon,,brochure,images/new2_converted/pdf_pages/Ibn Sina Dhanmondi/page_08.pdf,1,False,Dentistry,,Dentistry,dentist,,,approved,Fragments resolved exactly
664de69c-9b45-4072-999e-05d2059007d9,Ubaidullah Pathan,,brochure,images/new2_converted/pdf_pages/radical hospitals/page_03.pdf,0,True,Physiotherapy,,Physiotherapy,physiotherapist,physical-medicine-specialist,TAG_NOT_IN_TEXT,approved,Fragments resolved exactly
665c4a28-cef5-44f7-92d8-d39147fbcab3,Syeda Farida Begum,,brochure,images/new2_converted/Medinova medical cards/IMG_6015.jpg,0,True,Obstetrics & Gynaecology,,Obstetrics; Gynaecology,gynecologist-obstetrician,medicine-specialist,"CREDENTIAL_MISMATCH, TAG_NOT_IN_TEXT",flagged,Qualification lacks required specialist credentials
6682e535-9d87-43cf-ad4d-736fcb3358d4,M. Rezaul Karim,,legacy,legacy_db,0,True,General Medicine,,General Medicine,medicine-specialist,,,approved,Fragments resolved exactly
669bbf76-c87a-44b4-87e3-a37c254a7e02,Kazi Md. Jahangir,,brochure,images/new2_converted/pdf_pages/popular dhanmondi 2/page_03.pdf,0,True,Medicine,,Medicine,medicine-specialist,,,approved,Fragments resolved exactly
66a6c61a-32e7-45aa-a75f-9850603ae96e,A B Siddique,,brochure,images/new2_converted/pdf_pages/popular dhanmondi 2/page_09.pdf,0,True,Urology,,Urology,urologist,,,approved,Fragments resolved exactly
66e96116-a1d9-4203-816a-8b563a99dfe0,Md. Azizul Haque,306,legacy,legacy_db,0,True,General Medicine,,General Medicine,medicine-specialist,,,approved,Fragments resolved exactly
66ffd670-8903-4b45-9017-e0b615a78f6c,Md. Samsuzzaman,,brochure,images/new2_converted/pdf_pages/Japan bangladesh Friendship Hospital/page_07.pdf,0,True,Pain Medicine,,Pain Medicine,pain-specialist,,,approved,Fragments resolved exactly
6706bee7-fa78-416a-a1af-722e6f0bc863,Abu Jafor,,brochure,images/new2_converted/pdf_pages/popular dhanmondi 2/page_11.pdf,0,True,Paediatric Surgery,,Paediatric Surgery,pediatric-surgeon,,,approved,Fragments resolved exactly
670909e8-c381-4081-bfea-ff752fa3979e,Md. Borhtiyar Uddin Jewel,,brochure,images/new2_converted/pdf_pages/Ibn Sina Dhanmondi/page_06.pdf,0,True,Urology,,Urology,urologist,,,approved,Fragments resolved exactly
678cc984-5320-4589-b07c-0d66038bd006,O Z M Dastagir,,brochure,images/new2_converted/pdf_pages/popular dhanmondi 2/page_10.pdf,0,True,Orthopedic Surgery,,Orthopedic Surgery,orthopedic-surgeon,general-surgeon,"DROPPED_KEYWORD, TAG_NOT_IN_TEXT",flagged,Claim text keyword missing from tag umbrellas
678cc984-5320-4589-b07c-0d66038bd006,O Z M Dastagir,,brochure,images/new2_converted/pdf_pages/popular dhanmondi 2/page_10.pdf,1,False,Spine Surgery,,Spine Surgery,spine-surgeon,,,approved,Fragments resolved exactly
678cc984-5320-4589-b07c-0d66038bd006,O Z M Dastagir,,brochure,images/new2_converted/pdf_pages/popular dhanmondi 2/page_10.pdf,2,False,Trauma,,Trauma,orthopedic-surgeon,,,approved,Fragments resolved exactly
67996b76-85b6-4b1a-9608-9bd59f861e9e,Nahid Afrin,,legacy,legacy_db,0,True,"Nephrology, General Medicine",,Nephrology; General Medicine,"medicine-specialist, nephrologist",,,approved,Fragments resolved exactly
681f1fa6-0ac9-48f6-8fc6-8404efeaa334,Mahfuza Akter,,brochure,images/new2_converted/pdf_pages/Japan bangladesh Friendship Hospital/page_05.pdf,0,True,Dermatology,,Dermatology,dermatologist,,,approved,Fragments resolved exactly
681f1fa6-0ac9-48f6-8fc6-8404efeaa334,Mahfuza Akter,,brochure,images/new2_converted/pdf_pages/Japan bangladesh Friendship Hospital/page_05.pdf,1,False,Venereology,,Venereology,sexologist,,,approved,Fragments resolved exactly
6886ed58-ff95-49d6-a5ad-c89fdd7919c7,H. M. Mohiuddin Alamgir (Milon),A-77840,legacy,legacy_db,0,True,Nephrology,,Nephrology,nephrologist,,,approved,Fragments resolved exactly
69009d05-69cc-4aec-a35c-da0d8fbb09ac,Md. Abdul Mahid Khan,A-23810,legacy,legacy_db,0,True,"Medicine, Cardiology, Diabetology",,Medicine; Cardiology; Diabetology,"cardiologist, diabetologist, medicine-specialist",,,approved,Fragments resolved exactly
6979e418-3251-448e-a624-97219eda1d87,Md. Ali Faisal,,brochure,images/new2_converted/pdf_pages/popular dhanmondi 2/page_10.pdf,0,True,Orthopedic Surgery,,Orthopedic Surgery,orthopedic-surgeon,,DROPPED_KEYWORD,flagged,Claim text keyword missing from tag umbrellas
6979e418-3251-448e-a624-97219eda1d87,Md. Ali Faisal,,brochure,images/new2_converted/pdf_pages/popular dhanmondi 2/page_10.pdf,1,False,Arthroscopy,,Arthroscopy,orthopedic-surgeon,,,approved,Fragments resolved exactly
6979e418-3251-448e-a624-97219eda1d87,Md. Ali Faisal,,brochure,images/new2_converted/pdf_pages/popular dhanmondi 2/page_10.pdf,2,False,Sports Medicine,,Sports Medicine,sports-medicine-specialist,,,approved,Fragments resolved exactly
69ec56be-4b26-46f3-92c9-517b90060a04,Mafruha Akter (Rumana),,legacy,legacy_db,0,True,General Physician,,General Physician,family-physician-gp,,,approved,Fragments resolved exactly
6a3e24e9-ed9f-41ee-8728-d05fba7b83d9,Tohidul Karim Majumder,,legacy,legacy_db,0,True,General Physician,,General Physician,family-physician-gp,,,approved,Fragments resolved exactly
6a567661-4d31-46de-b768-a9db3864d47e,Saimun Jesmin,,brochure,images/new2_converted/pdf_pages/Ibn Sina Dhanmondi/page_06.pdf,0,True,Dermatology,,Dermatology,dermatologist,,,approved,Fragments resolved exactly
6a646efe-36c2-4904-9099-12e41ec48567,Md. Rassell,A-43894,legacy,legacy_db,0,True,"Surgical Oncology, General Surgery, Laparoscopic Surgery, Breast Surgery",,Surgical Oncology; General Surgery; Laparoscopic Surgery; Breast Surgery,"breast-surgeon, cancer-surgeon, general-surgeon, laparoscopic-surgeon",,,approved,Fragments resolved exactly
6a886259-9a60-4bb5-93d0-c0cea69bdc63,M..S.. Zahirul Haque Chowdhury,,legacy,legacy_db,0,True,"Neurology, General Medicine, Diabetes & Endocrinology",,Neurology; General Medicine; Diabetes; Endocrinology,"diabetologist, endocrinologist, medicine-specialist, neurologist",,,approved,Fragments resolved exactly
6a9a75a6-4d17-4598-aad5-b52d7206690c,"S., F., Nargis",,legacy,legacy_db,0,True,Gynecology & Obstetrics,,Gynecology; Obstetrics,gynecologist-obstetrician,medicine-specialist,"CREDENTIAL_MISMATCH, TAG_NOT_IN_TEXT",flagged,Qualification lacks required specialist credentials
6b274670-a03c-4a0c-81f9-23bb15c93cc3,Sampriti Islam,,legacy,legacy_db,0,True,"General Medicine, Respiratory Medicine",,General Medicine; Respiratory Medicine,"chest-specialist, medicine-specialist",,,approved,Fragments resolved exactly
6b2b1fee-835d-4c01-b312-5803d748589a,Rayhan Hamid,,legacy,legacy_db,0,True,"Physical Medicine, Pain Medicine",,Physical Medicine; Pain Medicine,"pain-specialist, physical-medicine-specialist",,,approved,Fragments resolved exactly
6b2e14ef-982c-438c-bc21-6c25096a0058,Md. Mahfuzul Alam,,legacy,legacy_db,0,True,"Physical Medicine, Rehabilitation, Pain Medicine, Orthopedics, Spine Surgery",,Physical Medicine; Rehabilitation; Pain Medicine; Orthopedics; Spine Surgery,"orthopedic-surgeon, pain-specialist, physical-medicine-specialist, spine-surgeon",,"CREDENTIAL_MISMATCH, DROPPED_KEYWORD",flagged,Qualification lacks required specialist credentials; Claim text keyword missing from tag umbrellas
6b6737d8-e71f-42d5-a8fc-23e9c8e73832,M.. Delwar Hossain,,legacy,legacy_db,0,True,"Respiratory Medicine, General Medicine",,Respiratory Medicine; General Medicine,"chest-specialist, medicine-specialist",,,approved,Fragments resolved exactly
6ba825a5-8baa-417b-9f7f-3890eea34dcc,Farzana Diba,,legacy,legacy_db,0,True,Infertility & Reproductive Medicine,,Infertility; Reproductive Medicine,infertility-specialist,medicine-specialist,"CREDENTIAL_MISMATCH, TAG_NOT_IN_TEXT",flagged,Qualification lacks required specialist credentials
6bcdecc7-c1c0-4bd3-9c3a-6c118758e9f0,Shahara Haque Zerin,,brochure,images/new2_converted/pdf_pages/popular dhanmondi 2/page_13.pdf,0,True,Radiology,,Radiology,radiologist,,,approved,Fragments resolved exactly
6bcdecc7-c1c0-4bd3-9c3a-6c118758e9f0,Shahara Haque Zerin,,brochure,images/new2_converted/pdf_pages/popular dhanmondi 2/page_13.pdf,1,False,Imaging,,Imaging,radiologist,,,approved,Fragments resolved exactly
6bec80c7-dc17-42df-8a3b-2d2cf70c2313,Md. Abu Sadik,,brochure,images/new2_converted/pdf_pages/radical hospitals/page_03.pdf,0,True,ENT,,ENT,ent,,,approved,Fragments resolved exactly
6becee54-cfa3-4e88-8edf-06d2fbb9e81f,Md. Abul Kenan,,legacy,legacy_db,0,True,Orthopedics,,Orthopedics,orthopedic-surgeon,,"CREDENTIAL_MISMATCH, DROPPED_KEYWORD",flagged,Qualification lacks required specialist credentials; Claim text keyword missing from tag umbrellas
6c6f6bdd-b1e5-45ac-b996-fc1097a6a2a2,Md. Abdul Gani Mollah,,legacy,legacy_db,0,True,Orthopedics,,Orthopedics,orthopedic-surgeon,,"CREDENTIAL_MISMATCH, DROPPED_KEYWORD",flagged,Qualification lacks required specialist credentials; Claim text keyword missing from tag umbrellas
6cf1bbb6-85dc-48ed-b5e5-e3f71a47052a,Md. Morshedul Islam Sajib,,legacy,legacy_db,0,True,General Physician,,General Physician,family-physician-gp,,,approved,Fragments resolved exactly
6d5c9611-5bf3-493f-a44e-883ae71ccd36,K U M Shamsun Nahar,,brochure,images/new2_converted/pdf_pages/Alliance hospital/page_05.pdf,0,True,Nephrology,,Nephrology,nephrologist,,,approved,Fragments resolved exactly
6d5c9611-5bf3-493f-a44e-883ae71ccd36,K U M Shamsun Nahar,,brochure,images/new2_converted/pdf_pages/Alliance hospital/page_05.pdf,1,False,Internal Medicine,,Internal Medicine,medicine-specialist,,,approved,Fragments resolved exactly
6d5c9611-5bf3-493f-a44e-883ae71ccd36,K U M Shamsun Nahar,,brochure,images/new2_converted/pdf_pages/Alliance hospital/page_05.pdf,2,False,Diabetology,,Diabetology,diabetologist,,,approved,Fragments resolved exactly
6d8a6683-a37d-43c6-9e1d-b6cb63d2d683,Md. Samiul Hasan,,brochure,images/new2_converted/pdf_pages/Alliance hospital/page_04.pdf,0,True,Pediatric Surgery,,Pediatric Surgery,pediatric-surgeon,,,approved,Fragments resolved exactly
6d8a6683-a37d-43c6-9e1d-b6cb63d2d683,Md. Samiul Hasan,,brochure,images/new2_converted/pdf_pages/Alliance hospital/page_04.pdf,1,False,Pediatric Urology,,Pediatric Urology,pediatric-urologist,,,approved,Fragments resolved exactly
6ddf4de6-e880-4f33-bbe6-3661f8bf9dc8,Farhad Hossain Md. Shahed,,brochure,images/new2_converted/pdf_pages/Japan bangladesh Friendship Hospital/page_04.pdf,0,True,Gastroenterology,,Gastroenterology,gastroenterologist,hepatologist,TAG_NOT_IN_TEXT,approved,Fragments resolved exactly
6ddf4de6-e880-4f33-bbe6-3661f8bf9dc8,Farhad Hossain Md. Shahed,,brochure,images/new2_converted/pdf_pages/Japan bangladesh Friendship Hospital/page_04.pdf,1,False,Medicine,,Medicine,medicine-specialist,,,approved,Fragments resolved exactly
6df36ed7-6d34-4b41-be0f-daea3cc7107a,M. T. Rahman,,brochure,images/new2_converted/pdf_pages/popular dhanmondi 2/page_06.pdf,0,True,Gastroenterology,,Gastroenterology,gastroenterologist,,,approved,Fragments resolved exactly
6df36ed7-6d34-4b41-be0f-daea3cc7107a,M. T. Rahman,,brochure,images/new2_converted/pdf_pages/popular dhanmondi 2/page_06.pdf,1,False,Endoscopy & Colonoscopy,,Endoscopy; Colonoscopy,gastroenterologist,,,approved,Fragments resolved exactly
6e24c65b-7002-485f-b197-e50cee647009,Mohammad Saiful Islam (Parvej),A-35648,legacy,legacy_db,0,True,"Liver, Gastroenterology, Medicine",,Liver; Gastroenterology; Medicine,"gastroenterologist, hepatologist, medicine-specialist",,,approved,Fragments resolved exactly
6e2f1bf4-a2e4-44e7-8763-3b489e0a1c68,A S M Hasan Ali Masum,,legacy,legacy_db,0,True,Neurology,,Neurology,neurologist,,,approved,Fragments resolved exactly
6e4235d7-7ca4-4aef-a303-392862068821,Rumana Habib,,brochure,images/new2_converted/pdf_pages/popular dhanmondi 2/page_06.pdf,0,True,Medicine,,Medicine,medicine-specialist,,,approved,Fragments resolved exactly
6e4235d7-7ca4-4aef-a303-392862068821,Rumana Habib,,brochure,images/new2_converted/pdf_pages/popular dhanmondi 2/page_06.pdf,1,False,Neurology,,Neurology,neurologist,,,approved,Fragments resolved exactly
6e48c858-5a8a-410a-8107-7d9e192ac2bb,Farhana Dewan,,legacy,legacy_db,0,True,Gynecology & Obstetrics,,Gynecology; Obstetrics,gynecologist-obstetrician,medicine-specialist,"CREDENTIAL_MISMATCH, TAG_NOT_IN_TEXT",flagged,Qualification lacks required specialist credentials
6e767773-d3d9-4238-9f38-06e061a689b1,Syed Golam Mogni Mawla,,legacy,legacy_db,0,True,"General Medicine, Dermatology & Venereology, Rheumatology",,General Medicine; Dermatology; Venereology; Rheumatology,"dermatologist, medicine-specialist, rheumatologist, sexologist",,,approved,Fragments resolved exactly
6e886a5b-7509-46d3-b427-6095b8b8a45f,Md. Moazzem Hossain,,legacy,legacy_db,0,True,General Physician,,General Physician,family-physician-gp,,,approved,Fragments resolved exactly
6e91f7c4-06b5-4868-a674-0be71ebad957,A M Ziaul Haque (Masum),,brochure,images/new2_converted/pdf_pages/Japan bangladesh Friendship Hospital/page_07.pdf,0,True,Cardiovascular & Thoracic Surgery,,Cardiovascular; Thoracic Surgery,"cardiac-surgeon, thoracic-surgeon",,,approved,Fragments resolved exactly
6eb9345b-cc84-4975-b531-bf33a0a2c31c,Abdullah-Al-Safi Majumder,,legacy,legacy_db,0,True,Cardiology,,Cardiology,cardiologist,,,approved,Fragments resolved exactly
6f044c0f-ef74-4b91-a7ef-818d8fa66a32,Musarrat Shamim Mitu,,legacy,legacy_db,0,True,Gynecology & Obstetrics,,Gynecology; Obstetrics,gynecologist-obstetrician,medicine-specialist,"CREDENTIAL_MISMATCH, TAG_NOT_IN_TEXT",flagged,Qualification lacks required specialist credentials
6f278fb8-8e02-4118-aba0-9a4dfeb211ff,Shirin Jahan,,legacy,legacy_db,0,True,General Physician,,General Physician,family-physician-gp,,,approved,Fragments resolved exactly
6f6b7a77-8a87-40f9-bb8d-102b38f0cdf1,Md. Al-Amin Mridha,,legacy,legacy_db,0,True,Pediatrics,,Pediatrics,child-specialist,,CREDENTIAL_MISMATCH,flagged,Qualification lacks required specialist credentials
701917a0-26a6-4027-ae09-001cd687929f,Mohammad Sarwar Alam,,brochure,images/new2_converted/pdf_pages/Ibn Sina Dhanmondi/page_03.pdf,0,True,Cardiology,,Cardiology,cardiologist,,,approved,Fragments resolved exactly
701917a0-26a6-4027-ae09-001cd687929f,Mohammad Sarwar Alam,,brochure,images/new2_converted/pdf_pages/Ibn Sina Dhanmondi/page_03.pdf,1,False,Interventional Cardiology,,Interventional Cardiology,interventional-cardiologist,,,approved,Fragments resolved exactly
701917a0-26a6-4027-ae09-001cd687929f,Mohammad Sarwar Alam,,brochure,images/new2_converted/pdf_pages/Ibn Sina Dhanmondi/page_03.pdf,2,False,Medicine,,Medicine,medicine-specialist,,,approved,Fragments resolved exactly
7022b9fc-d188-49ee-96ad-130b4562de84,M. A. Jaigirdar,,brochure,images/new2_converted/pdf_pages/popular dhanmondi 2/page_11.pdf,0,True,Paediatrics,,Paediatrics,child-specialist,,,approved,Fragments resolved exactly
707888a1-a3d0-4746-99cb-e5ae3cf44225,Ahmed Hossain Chowdhury (Harun),,brochure,images/new2_converted/pdf_pages/popular dhanmondi 2/page_06.pdf,0,True,Neuromedicine,,Neuromedicine,neurologist,,,approved,Fragments resolved exactly
707888a1-a3d0-4746-99cb-e5ae3cf44225,Ahmed Hossain Chowdhury (Harun),,brochure,images/new2_converted/pdf_pages/popular dhanmondi 2/page_06.pdf,1,False,Neurology,,Neurology,neurologist,,,approved,Fragments resolved exactly
70b94fd5-0d5b-4cc2-954e-6af23e8b5d57,Md. Abdullah Al Mamun,,legacy,legacy_db,0,True,ENT (Otolaryngology),,ENT (Otolaryngology,,ent-specialist,"TAG_NOT_IN_TEXT, UNMAPPED_FRAGMENT",flagged,Unmapped fragments: ENT (Otolaryngology
70bedbe9-eeb4-4e7c-a13e-06692ae10985,Firoz Kader,,brochure,images/new2_converted/pdf_pages/radical hospitals/page_05.pdf,0,True,General Surgery,,General Surgery,general-surgeon,,,approved,Fragments resolved exactly
70bedbe9-eeb4-4e7c-a13e-06692ae10985,Firoz Kader,,brochure,images/new2_converted/pdf_pages/radical hospitals/page_05.pdf,1,False,Laparoscopic Surgery,,Laparoscopic Surgery,laparoscopic-surgeon,,,approved,Fragments resolved exactly
70bedbe9-eeb4-4e7c-a13e-06692ae10985,Firoz Kader,,brochure,images/new2_converted/pdf_pages/radical hospitals/page_05.pdf,2,False,Colorectal Surgery,,Colorectal Surgery,colorectal-surgeon,,,approved,Fragments resolved exactly
70f72782-24d3-4657-92ed-37ee83aa8e9b,Mirza Azizul Hoque,,brochure,images/new2_converted/pdf_pages/popular dhanmondi 2/page_07.pdf,0,True,Endocrinology,,Endocrinology,endocrinologist,,,approved,Fragments resolved exactly
70f72782-24d3-4657-92ed-37ee83aa8e9b,Mirza Azizul Hoque,,brochure,images/new2_converted/pdf_pages/popular dhanmondi 2/page_07.pdf,1,False,Medicine,,Medicine,medicine-specialist,,,approved,Fragments resolved exactly
712fb05b-8330-49f5-88d3-9832dd2a4eb5,Md. Ashraful Islam,,brochure,images/new2_converted/pdf_pages/popular dhanmondi 2/page_12.pdf,0,True,ENT & Head & Neck Surgery,,ENT; Head; Neck Surgery,"ent, head-neck-surgeon",ent-specialist,TAG_NOT_IN_TEXT,approved,Fragments resolved exactly
71339168-a60e-4fad-8213-b2401a4cfa97,Manjura Ara Bokul,,brochure,images/new2_converted/pdf_pages/Japan bangladesh Friendship Hospital/page_06.pdf,0,True,Obstetrics & Gynaecology,,Obstetrics; Gynaecology,gynecologist-obstetrician,medicine-specialist,TAG_NOT_IN_TEXT,approved,Fragments resolved exactly
7160487d-b1a8-417c-beee-e823910bd58f,Tanjila Islam,,legacy,legacy_db,0,True,Radiology & Imaging,,Radiology; Imaging,radiologist,,,approved,Fragments resolved exactly
719c57b9-5fc4-48c8-bae7-525ac9d5c8e7,Mahbubul Islam,A-11387,brochure,images/new2_converted/pdf_pages/popular dhanmondi 2/page_04.pdf,0,True,Chest Medicine,,Chest Medicine,chest-specialist,,,approved,Fragments resolved exactly
719c57b9-5fc4-48c8-bae7-525ac9d5c8e7,Mahbubul Islam,A-11387,brochure,images/new2_converted/pdf_pages/popular dhanmondi 2/page_04.pdf,1,False,Respiratory Medicine,,Respiratory Medicine,chest-specialist,,,approved,Fragments resolved exactly
71fdb5aa-564a-4eeb-bf99-46d73be48b36,Md. Shahabul Huda Chowdhury,,legacy,legacy_db,0,True,General Medicine,,General Medicine,medicine-specialist,,,approved,Fragments resolved exactly
721790c7-1abc-4abd-8c10-70f2f8569aff,Md. Rakan-Uz-Zaman,,brochure,images/new2_converted/Ibn Sina Cards/IMG_5988.jpg,0,True,Neurology,,Neurology,neurologist,,,approved,Fragments resolved exactly
721790c7-1abc-4abd-8c10-70f2f8569aff,Md. Rakan-Uz-Zaman,,brochure,images/new2_converted/Ibn Sina Cards/IMG_5988.jpg,1,False,Internal Medicine,,Internal Medicine,medicine-specialist,,,approved,Fragments resolved exactly
721790c7-1abc-4abd-8c10-70f2f8569aff,Md. Rakan-Uz-Zaman,,brochure,images/new2_converted/Ibn Sina Cards/IMG_5988.jpg,2,False,Interventional Neurology,,Interventional Neurology,interventional-neurologist,,,approved,Fragments resolved exactly
72348ef5-cc4d-44ef-a391-88a865852de0,A.K. Ahmedullah,,brochure,images/new2_converted/Ibn Sina Cards/IMG_5998.jpg,0,True,Rheumatology,,Rheumatology,rheumatologist,,,approved,Fragments resolved exactly
72348ef5-cc4d-44ef-a391-88a865852de0,A.K. Ahmedullah,,brochure,images/new2_converted/Ibn Sina Cards/IMG_5998.jpg,1,False,Internal Medicine,,Internal Medicine,medicine-specialist,,,approved,Fragments resolved exactly
724e54c5-8516-4c3c-84fd-a0159abbab1b,Ruhul Amin,,brochure,images/new2_converted/pdf_pages/popular dhanmondi 2/page_11.pdf,0,True,Paediatrics,,Paediatrics,child-specialist,plastic-surgeon,TAG_NOT_IN_TEXT,approved,Fragments resolved exactly
724e54c5-8516-4c3c-84fd-a0159abbab1b,Ruhul Amin,,brochure,images/new2_converted/pdf_pages/popular dhanmondi 2/page_11.pdf,1,False,Paediatric Pulmonology,,Paediatric Pulmonology,pediatric-pulmonologist,,,approved,Fragments resolved exactly
724fcf82-c0c9-45a2-bbf2-749242c0f845,Fakrul Amin Khan (Mridul),,brochure,images/new2_converted/pdf_pages/popular dhanmondi 2/page_09.pdf,0,True,Orthopedic Surgery,,Orthopedic Surgery,orthopedic-surgeon,,DROPPED_KEYWORD,flagged,Claim text keyword missing from tag umbrellas
729b9bc1-f3d4-486c-b5ae-ee5a9186ae3a,Sujit Kumar Roy,,legacy,legacy_db,0,True,Pediatrics,,Pediatrics,child-specialist,,CREDENTIAL_MISMATCH,flagged,Qualification lacks required specialist credentials
731095d9-4a40-4a8e-8408-1bd73a669ca4,A H M Mustafizur Rahman,,brochure,images/new2_converted/Ibn Sina Cards/IMG_5999.jpg,0,True,Psychiatry,,Psychiatry,psychiatrist,,,approved,Fragments resolved exactly
731095d9-4a40-4a8e-8408-1bd73a669ca4,A H M Mustafizur Rahman,,brochure,images/new2_converted/Ibn Sina Cards/IMG_5999.jpg,1,False,Mental Health,,Mental Health,mental-health,,,approved,Fragments resolved exactly
73237fcc-5153-44ec-9952-670d3e808702,Rezwana Sobhan,,legacy,legacy_db,0,True,Diabetes & Endocrinology,,Diabetes; Endocrinology,"diabetologist, endocrinologist",,,approved,Fragments resolved exactly
73afb0a0-ddaf-4e9a-9ac8-9c6bbfaebc2a,A. B. M. Shakil Gani,,legacy,legacy_db,0,True,"Hepatology, General Medicine, Gastroenterology",,Hepatology; General Medicine; Gastroenterology,"gastroenterologist, hepatologist, medicine-specialist",,,approved,Fragments resolved exactly
743d76c9-a0be-4761-94ca-d8555da7bd19,Sakib Sarwat Haque,,brochure,images/new2_converted/IMG_5973.jpg,0,True,General Surgery,,General Surgery,general-surgeon,,,approved,Fragments resolved exactly
743d76c9-a0be-4761-94ca-d8555da7bd19,Sakib Sarwat Haque,,brochure,images/new2_converted/IMG_5973.jpg,1,False,Colorectal Surgery,,Colorectal Surgery,colorectal-surgeon,,,approved,Fragments resolved exactly
74426235-4c52-4986-8940-b1a11f57deb7,Fowzia Hossain,,legacy,legacy_db,0,True,Infertility & Reproductive Medicine,,Infertility; Reproductive Medicine,infertility-specialist,medicine-specialist,"CREDENTIAL_MISMATCH, TAG_NOT_IN_TEXT",flagged,Qualification lacks required specialist credentials
7462cd82-6d36-4b0b-9d5d-a4a3084eaf89,Mahmud Riyad (Faisal),,legacy,legacy_db,0,True,"General Surgery, Colorectal Surgery",,General Surgery; Colorectal Surgery,"colorectal-surgeon, general-surgeon",,,approved,Fragments resolved exactly
74aae6e7-c8d5-4fe8-ade2-432a24d47ea8,Md. Jamil Jaidur Rahim,,brochure,images/new2_converted/Ibn Sina Cards/IMG_5996.jpg,0,True,Orthopedic Surgery,,Orthopedic Surgery,orthopedic-surgeon,,DROPPED_KEYWORD,flagged,Claim text keyword missing from tag umbrellas
74aae6e7-c8d5-4fe8-ade2-432a24d47ea8,Md. Jamil Jaidur Rahim,,brochure,images/new2_converted/Ibn Sina Cards/IMG_5996.jpg,1,False,Arthroscopy,,Arthroscopy,orthopedic-surgeon,,,approved,Fragments resolved exactly
74aae6e7-c8d5-4fe8-ade2-432a24d47ea8,Md. Jamil Jaidur Rahim,,brochure,images/new2_converted/Ibn Sina Cards/IMG_5996.jpg,2,False,Arthroplasty,,Arthroplasty,orthopedic-surgeon,,,approved,Fragments resolved exactly
74c9c4d3-f78f-4bab-9f38-65c1bc149a4f,Md. Sirajul Islam Khan,,legacy,legacy_db,0,True,General Physician,,General Physician,family-physician-gp,,,approved,Fragments resolved exactly
74d39693-103f-4362-b86c-1566efb085e2,Md. Monjurul Alam,,brochure,images/new2_converted/pdf_pages/popular dhanmondi 2/page_12.pdf,0,True,ENT & Head & Neck Surgery,,ENT; Head; Neck Surgery,"ent, head-neck-surgeon",,,approved,Fragments resolved exactly
75158f4b-e975-4520-bde1-3c6a81d01c22,Anzirun Nahar Asma,,brochure,images/new2_converted/pdf_pages/popular dhanmondi 2/page_16.pdf,0,True,Dermatology,,Dermatology,dermatologist,,,approved,Fragments resolved exactly
75158f4b-e975-4520-bde1-3c6a81d01c22,Anzirun Nahar Asma,,brochure,images/new2_converted/pdf_pages/popular dhanmondi 2/page_16.pdf,1,False,Venereology,,Venereology,sexologist,,,approved,Fragments resolved exactly
75158f4b-e975-4520-bde1-3c6a81d01c22,Anzirun Nahar Asma,,brochure,images/new2_converted/pdf_pages/popular dhanmondi 2/page_16.pdf,2,False,Skin & Laser Surgery,,Skin; Laser Surgery,"dermatologist, laparoscopic-surgeon",,CREDENTIAL_MISMATCH,flagged,Qualification lacks required specialist credentials
7526bfe8-22ab-4b18-88d1-47e5deb797c2,Md. Arifur Rahman,,legacy,legacy_db,0,True,"General Medicine, Cardiology",,General Medicine; Cardiology,"cardiologist, medicine-specialist",,CREDENTIAL_MISMATCH,flagged,Qualification lacks required specialist credentials
7551ee73-0fcf-401b-92b3-61cc51d4d375,Rowshan Ara,,brochure,images/new2_converted/pdf_pages/Ibn Sina Dhanmondi/page_03.pdf,0,True,Infertility,,Infertility,infertility-specialist,,,approved,Fragments resolved exactly
7551ee73-0fcf-401b-92b3-61cc51d4d375,Rowshan Ara,,brochure,images/new2_converted/pdf_pages/Ibn Sina Dhanmondi/page_03.pdf,1,False,Obstetrics,,Obstetrics,gynecologist-obstetrician,,,approved,Fragments resolved exactly
7551ee73-0fcf-401b-92b3-61cc51d4d375,Rowshan Ara,,brochure,images/new2_converted/pdf_pages/Ibn Sina Dhanmondi/page_03.pdf,2,False,Gynaecology,,Gynaecology,gynecologist-obstetrician,,,approved,Fragments resolved exactly
7551ee73-0fcf-401b-92b3-61cc51d4d375,Rowshan Ara,,brochure,images/new2_converted/pdf_pages/Ibn Sina Dhanmondi/page_03.pdf,3,False,Reproductive Endocrinology,,Reproductive Endocrinology,infertility-specialist,,DROPPED_KEYWORD,flagged,Claim text keyword missing from tag umbrellas
7556c989-076c-4ce2-97b8-477a3fe44139,Md. Saidul Islam,,legacy,legacy_db,0,True,Orthopedics,,Orthopedics,orthopedic-surgeon,,"CREDENTIAL_MISMATCH, DROPPED_KEYWORD",flagged,Qualification lacks required specialist credentials; Claim text keyword missing from tag umbrellas
75826750-1026-4f1c-8af5-680813623b62,G M Reza,,brochure,images/new2_converted/pdf_pages/popular dhanmondi 2/page_09.pdf,0,True,Orthopedic Surgery,,Orthopedic Surgery,orthopedic-surgeon,,DROPPED_KEYWORD,flagged,Claim text keyword missing from tag umbrellas
75826750-1026-4f1c-8af5-680813623b62,G M Reza,,brochure,images/new2_converted/pdf_pages/popular dhanmondi 2/page_09.pdf,1,False,Joint Replacement,,Joint Replacement,orthopedic-surgeon,,,approved,Fragments resolved exactly
75a51961-a5ae-4691-a12a-759051b8925b,Md. Golam Nabi,,legacy,legacy_db,0,True,Physical Medicine & Rehabilitation,,Physical Medicine; Rehabilitation,physical-medicine-specialist,,,approved,Fragments resolved exactly
75d4a02f-5196-41c2-b8b2-c6f6f997f8d2,Nazneen Mahmood,,legacy,legacy_db,0,True,"Nephrology, Kidney Diseases, Medicine, Diabetes",,Nephrology; Kidney Diseases; Medicine; Diabetes,"diabetologist, medicine-specialist, nephrologist",,,approved,Fragments resolved exactly
75e22894-5ec4-4474-90d8-ef56239640f7,Kaniz Farhana,,legacy,legacy_db,0,True,"Gynecology & Obstetrics, General Surgery",,Gynecology; Obstetrics; General Surgery,"general-surgeon, gynecologist-obstetrician",medicine-specialist,"CREDENTIAL_MISMATCH, TAG_NOT_IN_TEXT",flagged,Qualification lacks required specialist credentials
765a406b-8447-49c3-844d-214349e1c1e8,Shah Sikandar Tuhin,,brochure,images/new2_converted/pdf_pages/Japan bangladesh Friendship Hospital/page_04.pdf,0,True,ENT,,ENT,ent,,,approved,Fragments resolved exactly
765a406b-8447-49c3-844d-214349e1c1e8,Shah Sikandar Tuhin,,brochure,images/new2_converted/pdf_pages/Japan bangladesh Friendship Hospital/page_04.pdf,1,False,Head & Neck Surgery,,Head; Neck Surgery,head-neck-surgeon,,,approved,Fragments resolved exactly
769c3eaa-0e5a-4f2d-85d7-48c3ac36c0ed,Mohammad Sajjad Hosein,,legacy,legacy_db,0,True,"General Surgery, Orthopedics",,General Surgery; Orthopedics,"general-surgeon, orthopedic-surgeon",,DROPPED_KEYWORD,flagged,Claim text keyword missing from tag umbrellas
76e7fbd5-5d59-43ad-9a0a-141d5b1298ee,Sheuli Begum,,legacy,legacy_db,0,True,"Gynecology & Obstetrics, Infertility & Reproductive Medicine",,Gynecology; Obstetrics; Infertility; Reproductive Medicine,"gynecologist-obstetrician, infertility-specialist",medicine-specialist,"CREDENTIAL_MISMATCH, TAG_NOT_IN_TEXT",flagged,Qualification lacks required specialist credentials
778fcc99-060d-4c1d-a5b5-8577dcb45546,Meherunnesa,,legacy,legacy_db,0,True,General Medicine,,General Medicine,medicine-specialist,,,approved,Fragments resolved exactly
77b1f543-d203-4de5-8754-46166ee0cd05,Nripen Kumar Kundu,,legacy,legacy_db,0,True,"General Surgery, Trauma Surgery, Orthopedics",,General Surgery; Trauma Surgery; Orthopedics,"general-surgeon, orthopedic-surgeon",,DROPPED_KEYWORD,flagged,Claim text keyword missing from tag umbrellas
77b277b2-cae0-4bfb-a382-7d4a85152a71,Syed Sirajul Karim,,legacy,legacy_db,0,True,"Surgical Oncology, General Surgery",,Surgical Oncology; General Surgery,"cancer-surgeon, general-surgeon",,,approved,Fragments resolved exactly
77d6d1e0-5e06-495b-a0be-e6969416ce8d,Ishrat Binte Reza,,legacy,legacy_db,0,True,General Medicine,,General Medicine,medicine-specialist,,,approved,Fragments resolved exactly
77fba5eb-c7e8-4228-8ca5-2c15da8522b9,Mohammad Alauddin Sheikh,,legacy,legacy_db,0,True,ENT (Otolaryngology),,ENT (Otolaryngology,,ent-specialist,"TAG_NOT_IN_TEXT, UNMAPPED_FRAGMENT",flagged,Unmapped fragments: ENT (Otolaryngology
77fcb734-c0e4-4671-9c39-ac6261932bcf,Zaheer Al-Amin,A-12688,legacy,legacy_db,0,True,Ent,,Ent,ent,,,approved,Fragments resolved exactly
7825b65b-c0f1-5bfd-a4cb-19a37c22d45b,Pranab Kumar Karmaker,,legacy,legacy_db,0,True,Orthopedics,,Orthopedics,orthopedic-surgeon,,DROPPED_KEYWORD,flagged,Claim text keyword missing from tag umbrellas
784d4571-4b07-4114-88c2-2b01b2f00c0c,Soheli Akter,,legacy,legacy_db,0,True,"Gynecology & Obstetrics, Infertility & Reproductive Medicine",,Gynecology; Obstetrics; Infertility; Reproductive Medicine,"gynecologist-obstetrician, infertility-specialist",medicine-specialist,"CREDENTIAL_MISMATCH, TAG_NOT_IN_TEXT",flagged,Qualification lacks required specialist credentials
787b97bc-ba14-40c9-a33e-191c61978e2a,N. K. Datta,,legacy,legacy_db,0,True,"Orthopedics, Bone And Joint, Hand Surgery, Plastic Surgery",,Orthopedics; Bone; Joint; Hand Surgery; Plastic Surgery,"orthopedic-surgeon, plastic-surgeon",,DROPPED_KEYWORD,flagged,Claim text keyword missing from tag umbrellas
7880139c-ac3d-433c-b48b-d1f6d40aa316,Jahanara Rahman,,legacy,legacy_db,0,True,"Gynecology & Obstetrics, General Surgery",,Gynecology; Obstetrics; General Surgery,"general-surgeon, gynecologist-obstetrician",medicine-specialist,"CREDENTIAL_MISMATCH, TAG_NOT_IN_TEXT",flagged,Qualification lacks required specialist credentials
78efe8df-e9e3-424b-b1de-417c133863e9,Farzana Alam (Tun),,legacy,legacy_db,0,True,"Radiology & Imaging, Neurosurgery",,Radiology; Imaging; Neurosurgery,"neurosurgeon, radiologist",,CREDENTIAL_MISMATCH,flagged,Qualification lacks required specialist credentials
792d4b34-8223-4612-a1ad-b0d5b49f916d,Abdullah Al Hasan,,brochure,images/new2_converted/pdf_pages/Ibn Sina Dhanmondi/page_06.pdf,0,True,Chest,,Chest,chest-specialist,,,approved,Fragments resolved exactly
792d4b34-8223-4612-a1ad-b0d5b49f916d,Abdullah Al Hasan,,brochure,images/new2_converted/pdf_pages/Ibn Sina Dhanmondi/page_06.pdf,1,False,Medicine,,Medicine,medicine-specialist,,,approved,Fragments resolved exactly
7950d683-0a3c-45cd-9468-f324c140879f,Salah Uddin Ahmed,,legacy,legacy_db,0,True,"Neurosurgery, Spine Surgery",,Neurosurgery; Spine Surgery,"neurosurgeon, spine-surgeon",,,approved,Fragments resolved exactly
79b7de00-a79e-4f4a-9170-27768cbe6ed4,Mohammad Jahidur Rahman,A-65025,brochure,images/new2_converted/Medinova medical cards/IMG_6014.jpg,0,True,Pediatric Surgery,,Pediatric Surgery,pediatric-surgeon,,,approved,Fragments resolved exactly
79b7de00-a79e-4f4a-9170-27768cbe6ed4,Mohammad Jahidur Rahman,A-65025,brochure,images/new2_converted/Medinova medical cards/IMG_6014.jpg,1,False,Neonatal Surgery,,Neonatal Surgery,pediatric-surgeon,,,approved,Fragments resolved exactly
79d6233c-09eb-4aab-9fb8-14bae9e13c43,Sheikh Mahmud Hasan,,legacy,legacy_db,0,True,Neurosurgery,,Neurosurgery,neurosurgeon,,CREDENTIAL_MISMATCH,flagged,Qualification lacks required specialist credentials
7a335916-20ec-44bd-972a-577689d0a7f6,A. K. M. Ekramul Haque,,legacy,legacy_db,0,True,"Thoracic Surgery, Chest Diseases",,Thoracic Surgery; Chest Diseases,"chest-specialist, thoracic-surgeon",,CREDENTIAL_MISMATCH,flagged,Qualification lacks required specialist credentials
7a542e8d-2769-4118-8316-5b95c5e38654,Mohammad Hossain,,brochure,images/new2_converted/pdf_pages/popular dhanmondi 2/page_08.pdf,0,True,Neurosurgery,,Neurosurgery,neurosurgeon,,,approved,Fragments resolved exactly
7a542e8d-2769-4118-8316-5b95c5e38654,Mohammad Hossain,,brochure,images/new2_converted/pdf_pages/popular dhanmondi 2/page_08.pdf,1,False,Spine Surgery,,Spine Surgery,spine-surgeon,,,approved,Fragments resolved exactly
7a6411e6-ab60-46fd-b51a-ae0a9e5d3b7d,M.. Sajjad Hussain,,legacy,legacy_db,0,True,Orthopedics,,Orthopedics,orthopedic-surgeon,,"CREDENTIAL_MISMATCH, DROPPED_KEYWORD",flagged,Qualification lacks required specialist credentials; Claim text keyword missing from tag umbrellas
7a675a3b-4d14-435b-8913-b4a950ded2e6,Imunul Islam Emon,,legacy,legacy_db,0,True,Pediatrics,,Pediatrics,child-specialist,,CREDENTIAL_MISMATCH,flagged,Qualification lacks required specialist credentials
7a7326fe-a2e1-4f1a-ab25-5874f61047eb,Sahara Haque Jerin,,legacy,legacy_db,0,True,"Radiology & Imaging, Pediatrics",,Radiology; Imaging; Pediatrics,"child-specialist, radiologist",,CREDENTIAL_MISMATCH,flagged,Qualification lacks required specialist credentials
7aff3803-4601-4c07-a994-c724f56aa302,H. M. Tanvir Ahmed (Liton),,brochure,images/new2_converted/pdf_pages/Japan bangladesh Friendship Hospital/page_03.pdf,0,True,Hepato-Biliary Surgery,,Hepato-Biliary Surgery,hepatobiliary-surgeon,,,approved,Fragments resolved exactly
7aff3803-4601-4c07-a994-c724f56aa302,H. M. Tanvir Ahmed (Liton),,brochure,images/new2_converted/pdf_pages/Japan bangladesh Friendship Hospital/page_03.pdf,1,False,Liver Transplant,,Liver Transplant,hepatologist,,,approved,Fragments resolved exactly
7b0e3cfc-6444-4b57-8e3d-a48d4afe394d,Syed Khalidur Rahman,A-42375,legacy,legacy_db,0,True,"Orthopedics, Trauma, Arthroscopy, Arthroplasty",,Orthopedics; Trauma; Arthroscopy; Arthroplasty,orthopedic-surgeon,,DROPPED_KEYWORD,flagged,Claim text keyword missing from tag umbrellas
7b2bff08-17c9-4cca-bbf2-b6a3c3ba56e6,Md. Zakaria-Al-Aziz,,legacy,legacy_db,0,True,General Medicine,,General Medicine,medicine-specialist,,,approved,Fragments resolved exactly
7bb48a74-1fc2-4284-9878-c40df12337de,Rezaul Hoque,,legacy,legacy_db,0,True,"General Medicine, Allergy & Immunology, Respiratory Medicine",,General Medicine; Allergy; Immunology; Respiratory Medicine,"allergy-immunologist, chest-specialist, medicine-specialist",,,approved,Fragments resolved exactly
7c07c574-fbfe-4c10-ac36-21a006983ef0,Md. Selimuzzaman,,legacy,legacy_db,0,True,Pediatrics,,Pediatrics,child-specialist,,CREDENTIAL_MISMATCH,flagged,Qualification lacks required specialist credentials
7c1d382c-aade-40a4-a225-4efbae845b76,Md. Mozaffar Hossain,,brochure,images/new2_converted/pdf_pages/Japan bangladesh Friendship Hospital/page_04.pdf,0,True,Critical Care Medicine,,Critical Care Medicine,critical-care-specialist,,,approved,Fragments resolved exactly
7c1d382c-aade-40a4-a225-4efbae845b76,Md. Mozaffar Hossain,,brochure,images/new2_converted/pdf_pages/Japan bangladesh Friendship Hospital/page_04.pdf,1,False,Anaesthesia,,Anaesthesia,anesthesiologist,,,approved,Fragments resolved exactly
7c59b7e1-d6c5-48c5-8ee1-696c91d26665,Md. Shahbub Alam,,brochure,images/new2_converted/Ibn Sina Cards/IMG_6001.jpg,0,True,ENT,,ENT,ent,,,approved,Fragments resolved exactly
7c59b7e1-d6c5-48c5-8ee1-696c91d26665,Md. Shahbub Alam,,brochure,images/new2_converted/Ibn Sina Cards/IMG_6001.jpg,1,False,Otolaryngology,,Otolaryngology,ent-specialist,,,approved,Fragments resolved exactly
7c59b7e1-d6c5-48c5-8ee1-696c91d26665,Md. Shahbub Alam,,brochure,images/new2_converted/Ibn Sina Cards/IMG_6001.jpg,2,False,Head & Neck Surgery,,Head; Neck Surgery,head-neck-surgeon,,,approved,Fragments resolved exactly
7c5e508c-284c-4bf9-b161-29cb7dc714cc,Md. Aminur Rahman,,legacy,legacy_db,0,True,Psychiatry & Mental Health,,Psychiatry; Mental Health,"mental-health, psychiatrist",medicine-specialist,TAG_NOT_IN_TEXT,approved,Fragments resolved exactly
7c75fe9c-18bb-4e85-8985-90ad1aeea9d0,Enamul Karim,,brochure,images/new2_converted/pdf_pages/popular dhanmondi 2/page_03.pdf,0,True,Medicine,,Medicine,medicine-specialist,,,approved,Fragments resolved exactly
7c75fe9c-18bb-4e85-8985-90ad1aeea9d0,Enamul Karim,,brochure,images/new2_converted/pdf_pages/popular dhanmondi 2/page_03.pdf,1,False,Diabetology,,Diabetology,diabetologist,,,approved,Fragments resolved exactly
7c7fc170-bd38-4954-b3a7-3f4ca679684b,Tahmina Sattar,,brochure,images/new2_converted/Ibn Sina Cards/IMG_6001.jpg,0,True,General Surgery,,General Surgery,general-surgeon,,,approved,Fragments resolved exactly
7c7fc170-bd38-4954-b3a7-3f4ca679684b,Tahmina Sattar,,brochure,images/new2_converted/Ibn Sina Cards/IMG_6001.jpg,1,False,Colorectal Surgery,,Colorectal Surgery,colorectal-surgeon,,,approved,Fragments resolved exactly
7c7fc170-bd38-4954-b3a7-3f4ca679684b,Tahmina Sattar,,brochure,images/new2_converted/Ibn Sina Cards/IMG_6001.jpg,2,False,Breast Surgery,,Breast Surgery,breast-surgeon,,,approved,Fragments resolved exactly
7c7fc170-bd38-4954-b3a7-3f4ca679684b,Tahmina Sattar,,brochure,images/new2_converted/Ibn Sina Cards/IMG_6001.jpg,3,False,Plastic Surgery,,Plastic Surgery,plastic-surgeon,,,approved,Fragments resolved exactly
7c8de844-242c-48e6-9fcd-99ea463e1566,Shamsun Nahar Lucky,,brochure,images/new2_converted/pdf_pages/popular dhanmondi 2/page_11.pdf,0,True,Obstetrics & Gynaecology,,Obstetrics; Gynaecology,gynecologist-obstetrician,medicine-specialist,TAG_NOT_IN_TEXT,approved,Fragments resolved exactly
7c8de844-242c-48e6-9fcd-99ea463e1566,Shamsun Nahar Lucky,,brochure,images/new2_converted/pdf_pages/popular dhanmondi 2/page_11.pdf,1,False,Infertility,,Infertility,infertility-specialist,,,approved,Fragments resolved exactly
7c8de844-242c-48e6-9fcd-99ea463e1566,Shamsun Nahar Lucky,,brochure,images/new2_converted/pdf_pages/popular dhanmondi 2/page_11.pdf,2,False,Laparoscopic Surgery,,Laparoscopic Surgery,laparoscopic-surgeon,,,approved,Fragments resolved exactly
7cf0881f-5288-4fdf-95f0-af78902c6608,Ripon Kumar Das,,legacy,legacy_db,0,True,"Orthopedics, Trauma, Pediatric Orthopedics, Arthroplasty",,Orthopedics; Trauma; Pediatric Orthopedics; Arthroplasty,"orthopedic-surgeon, pediatric-orthopedic-surgeon",,CREDENTIAL_MISMATCH,flagged,Qualification lacks required specialist credentials
7cf29a14-9b1f-4b5a-8983-1f07deaa44ec,M. Hafizur Rahman Ansary,,brochure,images/new2_converted/pdf_pages/popular dhanmondi 2/page_05.pdf,0,True,Oncology,,Oncology,cancer-specialist,,,approved,Fragments resolved exactly
7cf29a14-9b1f-4b5a-8983-1f07deaa44ec,M. Hafizur Rahman Ansary,,brochure,images/new2_converted/pdf_pages/popular dhanmondi 2/page_05.pdf,1,False,Radiotherapy,,Radiotherapy,cancer-specialist,,,approved,Fragments resolved exactly
7d650626-5765-49ca-8f7e-5d6476002bd8,K.A.B.M Taiful Alam,,legacy,legacy_db,0,True,"General Surgery, Laparoscopic Surgery, Colorectal Surgery",,General Surgery; Laparoscopic Surgery; Colorectal Surgery,"colorectal-surgeon, general-surgeon, laparoscopic-surgeon",,,approved,Fragments resolved exactly
7d904965-84bc-449c-9c42-902cb4662fdd,Syed Mahbub Morshed,,legacy,legacy_db,0,True,"Nephrology, General Medicine",,Nephrology; General Medicine,"medicine-specialist, nephrologist",,,approved,Fragments resolved exactly
7dee429c-65ba-4b1b-86d7-882da99c9b17,Fazilatunnesa Nazneen,,brochure,images/new2_converted/Ibn Sina Cards/IMG_5993.jpg,0,True,Obstetrics & Gynaecology,,Obstetrics; Gynaecology,gynecologist-obstetrician,medicine-specialist,TAG_NOT_IN_TEXT,approved,Fragments resolved exactly
7e091e86-4829-4daf-9cc3-c1d1cf6ebdfd,Dewan Saifuddin Ahmed,,brochure,images/new2_converted/Ibn Sina Cards/IMG_5990.jpg,0,True,Medicine,,Medicine,medicine-specialist,,,approved,Fragments resolved exactly
7e091e86-4829-4daf-9cc3-c1d1cf6ebdfd,Dewan Saifuddin Ahmed,,brochure,images/new2_converted/Ibn Sina Cards/IMG_5990.jpg,1,False,Gastroenterology,,Gastroenterology,gastroenterologist,,,approved,Fragments resolved exactly
7e091e86-4829-4daf-9cc3-c1d1cf6ebdfd,Dewan Saifuddin Ahmed,,brochure,images/new2_converted/Ibn Sina Cards/IMG_5990.jpg,2,False,Hepatology,,Hepatology,hepatologist,,,approved,Fragments resolved exactly
7e33ea1b-f1ee-4f4b-a546-e5a8c485078e,Md. Mohiuddin Sharif,,legacy,legacy_db,0,True,General Medicine,,General Medicine,medicine-specialist,,,approved,Fragments resolved exactly
7e5e96b2-b4b4-4df3-b295-3536d33520d2,Jhunu Shamsun Nahar,,brochure,images/new2_converted/Ibn Sina Cards/IMG_5996.jpg,0,True,Psychiatry,,Psychiatry,psychiatrist,,,approved,Fragments resolved exactly
7e5e96b2-b4b4-4df3-b295-3536d33520d2,Jhunu Shamsun Nahar,,brochure,images/new2_converted/Ibn Sina Cards/IMG_5996.jpg,1,False,Psychotherapy,,Psychotherapy,psychiatrist,,,approved,Fragments resolved exactly
7ebc6fc2-9f52-4184-91c2-8f117584c63d,Farhana Sharmin Bithi,,brochure,images/new2_converted/pdf_pages/Japan bangladesh Friendship Hospital/page_06.pdf,0,True,Gynecological Oncology,,Gynecological Oncology,gynecological-oncologist,medicine-specialist,TAG_NOT_IN_TEXT,approved,Fragments resolved exactly
7ebc6fc2-9f52-4184-91c2-8f117584c63d,Farhana Sharmin Bithi,,brochure,images/new2_converted/pdf_pages/Japan bangladesh Friendship Hospital/page_06.pdf,1,False,Obstetrics & Gynaecology,,Obstetrics; Gynaecology,gynecologist-obstetrician,,,approved,Fragments resolved exactly
7ec20fd1-48ff-462f-91c9-a9264c5f869e,Akhlaque Ahmed,,legacy,legacy_db,0,True,"General Medicine, Gastroenterology, Hepatology",,General Medicine; Gastroenterology; Hepatology,"gastroenterologist, hepatologist, medicine-specialist",,,approved,Fragments resolved exactly
7f0476ae-4eb1-48d6-b4ce-d8ca74343030,Rakibul Hasan (Opu),,legacy,legacy_db,0,True,Vascular Surgery,,Vascular Surgery,vascular-surgeon,,CREDENTIAL_MISMATCH,flagged,Qualification lacks required specialist credentials
7f639c0c-a6a2-4a95-b8cc-db03e2b5bfea,Tariq Akhter Khan,,legacy,legacy_db,0,True,"Colorectal Surgery, General Surgery",,Colorectal Surgery; General Surgery,"colorectal-surgeon, general-surgeon",,CREDENTIAL_MISMATCH,flagged,Qualification lacks required specialist credentials
802fcdca-3fc5-4ba2-995e-acb3ac17307e,Md. Monir-Uz-Zaman,,legacy,legacy_db,0,True,"Cardiology, General Medicine",,Cardiology; General Medicine,"cardiologist, medicine-specialist",,CREDENTIAL_MISMATCH,flagged,Qualification lacks required specialist credentials
80429de0-7f72-441c-b9fe-6c6c8ab35a61,Meghla Sarkar,,legacy,legacy_db,0,True,Psychiatry & Mental Health,,Psychiatry; Mental Health,"mental-health, psychiatrist",medicine-specialist,TAG_NOT_IN_TEXT,approved,Fragments resolved exactly
804ecb9c-d35f-4101-8e88-ae8585e283f7,Md. Shahnewaz Biswas,,legacy,legacy_db,0,True,"Neurosurgery, Spine Surgery",,Neurosurgery; Spine Surgery,"neurosurgeon, spine-surgeon",,,approved,Fragments resolved exactly
804f43ab-5236-4516-b54b-f4a521303587,Shamimul Alam Siddiki,,brochure,images/new2_converted/pdf_pages/Ibn Sina Dhanmondi/page_06.pdf,0,True,Neurosurgery,,Neurosurgery,neurosurgeon,,,approved,Fragments resolved exactly
80516817-d79c-442e-9b20-483e1287334d,Md. Rokibul Islam (Rakib),,brochure,images/new2_converted/pdf_pages/popular dhanmondi 2/page_08.pdf,0,True,Neurosurgery,,Neurosurgery,neurosurgeon,,,approved,Fragments resolved exactly
80516817-d79c-442e-9b20-483e1287334d,Md. Rokibul Islam (Rakib),,brochure,images/new2_converted/pdf_pages/popular dhanmondi 2/page_08.pdf,1,False,Spine Surgery,,Spine Surgery,spine-surgeon,,,approved,Fragments resolved exactly
8068afe0-17fb-4d91-995c-0055fc4d4a6c,Md. Rafiqul Islam,,legacy,legacy_db,0,True,"General Surgery, Hepatobiliary Surgery",,General Surgery; Hepatobiliary Surgery,"general-surgeon, hepatobiliary-surgeon",,CREDENTIAL_MISMATCH,flagged,Qualification lacks required specialist credentials
80ad892d-3d58-4bea-bc25-9f69d2f9e8e6,Anjirun Nahar Asma,,legacy,legacy_db,0,True,Dermatology & Venereology,,Dermatology; Venereology,"dermatologist, sexologist",,,approved,Fragments resolved exactly
810b6651-9285-4382-ab52-ab0781ffb177,Nusrat Akhtar,এ-৫৪৭২১,brochure,images/new2_converted/pdf_pages/radical hospitals/page_02.pdf,0,True,Obstetrics & Gynaecology,,Obstetrics; Gynaecology,gynecologist-obstetrician,medicine-specialist,TAG_NOT_IN_TEXT,approved,Fragments resolved exactly
817b6892-5d09-4f58-951e-24d62b68fffc,M. M. Zaman,,legacy,legacy_db,0,True,"Physical Medicine & Rehabilitation, Rheumatology",,Physical Medicine; Rehabilitation; Rheumatology,"physical-medicine-specialist, rheumatologist",,,approved,Fragments resolved exactly
81be85d7-be94-4bbc-9a5a-30aa396fc113,Zahidul Haq,,brochure,images/new2_converted/pdf_pages/popular dhanmondi 2/page_09.pdf,0,True,Colorectal Surgery,,Colorectal Surgery,colorectal-surgeon,,,approved,Fragments resolved exactly
81be85d7-be94-4bbc-9a5a-30aa396fc113,Zahidul Haq,,brochure,images/new2_converted/pdf_pages/popular dhanmondi 2/page_09.pdf,1,False,Laparoscopic Surgery,,Laparoscopic Surgery,laparoscopic-surgeon,,,approved,Fragments resolved exactly
81be85d7-be94-4bbc-9a5a-30aa396fc113,Zahidul Haq,,brochure,images/new2_converted/pdf_pages/popular dhanmondi 2/page_09.pdf,2,False,General Surgery,,General Surgery,general-surgeon,,,approved,Fragments resolved exactly
81fbac17-c8cf-47aa-83e6-e1dee4e10a85,Khondoker Kamrul Islam,,legacy,legacy_db,0,True,Cardiology,,Cardiology,cardiologist,,,approved,Fragments resolved exactly
820309b2-2911-4a37-9b64-98535460317f,Sm Hafiz,,brochure,images/new2_converted/pdf_pages/popular dhanmondi 2/page_03.pdf,0,True,Medicine,,Medicine,medicine-specialist,,,approved,Fragments resolved exactly
820309b2-2911-4a37-9b64-98535460317f,Sm Hafiz,,brochure,images/new2_converted/pdf_pages/popular dhanmondi 2/page_03.pdf,1,False,Internal Medicine,,Internal Medicine,medicine-specialist,,,approved,Fragments resolved exactly
820309b2-2911-4a37-9b64-98535460317f,Sm Hafiz,,brochure,images/new2_converted/pdf_pages/popular dhanmondi 2/page_03.pdf,2,False,Diabetology,,Diabetology,diabetologist,,,approved,Fragments resolved exactly
820a134c-dd18-45d0-9db9-90404c377be5,Saki Md. Zakirul Alam,,legacy,legacy_db,0,True,General Medicine,,General Medicine,medicine-specialist,,,approved,Fragments resolved exactly
82264c06-a689-4910-ab1e-910e8b5f5869,Sehelly Jahan,,brochure,images/new2_converted/pdf_pages/popular dhanmondi 2/page_05.pdf,0,True,Neurology,,Neurology,neurologist,,,approved,Fragments resolved exactly
82931119-d31d-47e9-acbc-a57ba86edb88,Iqbal Ahmed,,brochure,images/new2_converted/pdf_pages/popular dhanmondi 2/page_13.pdf,0,True,Diabetology,,Diabetology,diabetologist,,,approved,Fragments resolved exactly
83136bbb-a5cb-48bf-8dd3-7421e65cb390,Farhat Hossain,,brochure,images/new2_converted/pdf_pages/popular dhanmondi 2/page_10.pdf,0,True,Obstetrics & Gynaecology,,Obstetrics; Gynaecology,gynecologist-obstetrician,medicine-specialist,TAG_NOT_IN_TEXT,approved,Fragments resolved exactly
83136bbb-a5cb-48bf-8dd3-7421e65cb390,Farhat Hossain,,brochure,images/new2_converted/pdf_pages/popular dhanmondi 2/page_10.pdf,1,False,Gynecological Oncology,,Gynecological Oncology,gynecological-oncologist,,CREDENTIAL_MISMATCH,flagged,Qualification lacks required specialist credentials
838800d4-a409-45d2-9a6c-18c0b387d2c0,A.. F.. M.. Selim,,legacy,legacy_db,0,True,Pediatrics,,Pediatrics,child-specialist,,CREDENTIAL_MISMATCH,flagged,Qualification lacks required specialist credentials
83b26c3c-1263-4829-af3f-4cad2f955931,Mahmudul Hasan Banna,,legacy,legacy_db,0,True,"Respiratory Medicine, General Medicine, Diabetes & Endocrinology",,Respiratory Medicine; General Medicine; Diabetes; Endocrinology,"chest-specialist, diabetologist, endocrinologist, medicine-specialist",,,approved,Fragments resolved exactly
83c09cfc-5a40-42a4-ae0f-3c5b3d563e67,Utpala Mazumder,,brochure,images/new2_converted/pdf_pages/popular dhanmondi 2/page_14.pdf,0,True,Obstetrics & Gynaecology,,Obstetrics; Gynaecology,gynecologist-obstetrician,medicine-specialist,TAG_NOT_IN_TEXT,approved,Fragments resolved exactly
83c9c6cf-a914-4e0e-8570-6975428f2110,Md. Zahiruddin,,brochure,images/new2_converted/pdf_pages/popular dhanmondi 2/page_15.pdf,0,True,Internal Medicine,,Internal Medicine,medicine-specialist,,,approved,Fragments resolved exactly
83c9c6cf-a914-4e0e-8570-6975428f2110,Md. Zahiruddin,,brochure,images/new2_converted/pdf_pages/popular dhanmondi 2/page_15.pdf,1,False,Chest,,Chest,chest-specialist,,,approved,Fragments resolved exactly
83c9c6cf-a914-4e0e-8570-6975428f2110,Md. Zahiruddin,,brochure,images/new2_converted/pdf_pages/popular dhanmondi 2/page_15.pdf,2,False,Rheumatic Disease,,Rheumatic Disease,rheumatologist,,,approved,Fragments resolved exactly
83c9c6cf-a914-4e0e-8570-6975428f2110,Md. Zahiruddin,,brochure,images/new2_converted/pdf_pages/popular dhanmondi 2/page_15.pdf,3,False,Diabetes,,Diabetes,diabetologist,,,approved,Fragments resolved exactly
83dff3c2-fd47-4578-a5db-ba97175e086c,Md. Abdus Sabur,,brochure,images/new2_converted/pdf_pages/radical hospitals/page_04.pdf,0,True,Cardiovascular Surgery,,Cardiovascular Surgery,cardiac-surgeon,orthopedic-surgeon,"CREDENTIAL_MISMATCH, TAG_NOT_IN_TEXT",flagged,Qualification lacks required specialist credentials
83dff3c2-fd47-4578-a5db-ba97175e086c,Md. Abdus Sabur,,brochure,images/new2_converted/pdf_pages/radical hospitals/page_04.pdf,1,False,Thoracic Surgery,,Thoracic Surgery,thoracic-surgeon,,CREDENTIAL_MISMATCH,flagged,Qualification lacks required specialist credentials
840ec164-de33-4411-a0de-63a609b256c6,Kamrun Sattar (Dalia),,brochure,images/new2_converted/Ibn Sina Cards/IMG_5989.jpg,0,True,Obstetrics & Gynaecology,,Obstetrics; Gynaecology,gynecologist-obstetrician,medicine-specialist,TAG_NOT_IN_TEXT,approved,Fragments resolved exactly
841d4924-a290-44d3-8487-04b96db71962,Md. Ibrahim Khalil (Shahin),,legacy,legacy_db,0,True,Colorectal Surgery,,Colorectal Surgery,colorectal-surgeon,,CREDENTIAL_MISMATCH,flagged,Qualification lacks required specialist credentials
8454b090-8dcc-4f44-a362-f0af36999a46,Syeda Tabassum Alam,,legacy,legacy_db,0,True,Pediatric Neurology,,Pediatric Neurology,pediatric-neurologist,,CREDENTIAL_MISMATCH,flagged,Qualification lacks required specialist credentials
84848d67-051f-4c6d-8188-b69704065d58,Asraf Said,,brochure,images/new2_converted/pdf_pages/radical hospitals/page_04.pdf,0,True,Ophthalmology,,Ophthalmology,eye-specialist,,,approved,Fragments resolved exactly
848ac240-c005-4798-96bb-e5ac820a1461,Rehnuma Sadia Siddiquee,,legacy,legacy_db,0,True,General Physician,,General Physician,family-physician-gp,,,approved,Fragments resolved exactly
84d3b988-a6be-4199-85a8-2577587156a9,Md. Abu Yousuf Fakir,,legacy,legacy_db,0,True,General Physician,,General Physician,family-physician-gp,,,approved,Fragments resolved exactly
853aebcb-0627-4ebb-a624-8d8ee71b5f01,Dev Prasad Pal,,brochure,images/new2_converted/pdf_pages/radical hospitals/page_04.pdf,0,True,Urology,,Urology,urologist,cancer-specialist,TAG_NOT_IN_TEXT,approved,Fragments resolved exactly
853aebcb-0627-4ebb-a624-8d8ee71b5f01,Dev Prasad Pal,,brochure,images/new2_converted/pdf_pages/radical hospitals/page_04.pdf,1,False,Uro-Oncology,,Uro-Oncology,urologist,,DROPPED_KEYWORD,flagged,Claim text keyword missing from tag umbrellas
853aebcb-0627-4ebb-a624-8d8ee71b5f01,Dev Prasad Pal,,brochure,images/new2_converted/pdf_pages/radical hospitals/page_04.pdf,2,False,Kidney Surgery,,Kidney Surgery,urologist,,,approved,Fragments resolved exactly
8541effa-cf1f-49a5-b1c5-8edfccbc56ce,M Mujibul Hoque,,brochure,images/new2_converted/pdf_pages/popular dhanmondi 2/page_12.pdf,0,True,Dermatology & Venereology,,Dermatology; Venereology,"dermatologist, sexologist",,,approved,Fragments resolved exactly
857f731c-18ad-40e9-aaac-19648cee7ab1,Naresh Chandra Mandal,,legacy,legacy_db,0,True,"Cardiac Surgery, Vascular Surgery",,Cardiac Surgery; Vascular Surgery,"cardiac-surgeon, vascular-surgeon",,,approved,Fragments resolved exactly
857f7ad7-0f69-4364-a82b-5ae44c4a374a,Nupur Kar,,legacy,legacy_db,0,True,"Interventional Cardiology, Cardiology",,Interventional Cardiology; Cardiology,"cardiologist, interventional-cardiologist",,,approved,Fragments resolved exactly
85cc251c-446e-4180-8fd3-e09b6bbd8ccc,Md. Mokhlesur Rahman,,legacy,legacy_db,0,True,"General Medicine, Cardiology",,General Medicine; Cardiology,"cardiologist, medicine-specialist",,,approved,Fragments resolved exactly
8623825e-b88a-4359-abfb-468643bb258c,M.. A.. Joysarder,,legacy,legacy_db,0,True,Pediatrics,,Pediatrics,child-specialist,,CREDENTIAL_MISMATCH,flagged,Qualification lacks required specialist credentials
8662d02d-3dde-4ece-9369-670fa3460c97,M. A. Sayem,,brochure,images/new2_converted/pdf_pages/popular dhanmondi 2/page_13.pdf,0,True,Diabetology,,Diabetology,diabetologist,,,approved,Fragments resolved exactly
866d5cca-5201-468a-b213-8dd8f76a3cd0,Fazilatunnesa Naznin,,brochure,images/new2_converted/Ibn Sina Cards/IMG_5988.jpg,0,True,Obstetrics & Gynaecology,,Obstetrics; Gynaecology,gynecologist-obstetrician,medicine-specialist,TAG_NOT_IN_TEXT,approved,Fragments resolved exactly
8687e8f5-c100-4ddc-b7f5-32b07784aa9c,Md. Abu Sayeed,,legacy,legacy_db,0,True,"Pediatrics, Pediatric Cardiology",,Pediatrics; Pediatric Cardiology,"child-specialist, pediatric-cardiologist",,,approved,Fragments resolved exactly
87375ea6-db61-472c-bc5e-efc4d51f8239,A. M. Fachiul Alam,A-34639,legacy,legacy_db,0,True,"Orthopedics, Arthroscopy, Arthroplasty",,Orthopedics; Arthroscopy; Arthroplasty,orthopedic-surgeon,,DROPPED_KEYWORD,flagged,Claim text keyword missing from tag umbrellas
87c7feb4-cca7-4ac3-b173-60055d068d5c,Khandaker Qamrul Islam,,brochure,images/new2_converted/pdf_pages/popular dhanmondi 2/page_02.pdf,0,True,Cardiology,,Cardiology,cardiologist,,,approved,Fragments resolved exactly
87c7feb4-cca7-4ac3-b173-60055d068d5c,Khandaker Qamrul Islam,,brochure,images/new2_converted/pdf_pages/popular dhanmondi 2/page_02.pdf,1,False,Interventional Cardiology,,Interventional Cardiology,interventional-cardiologist,,,approved,Fragments resolved exactly
87d7c723-fdda-43e8-b5a7-499d6335b0e9,Muhammad Sayedul Arefin,এ-৪৩৩৭৩,brochure,images/new2_converted/pdf_pages/radical hospitals/page_02.pdf,0,True,Gastroenterology,,Gastroenterology,gastroenterologist,,,approved,Fragments resolved exactly
87d7c723-fdda-43e8-b5a7-499d6335b0e9,Muhammad Sayedul Arefin,এ-৪৩৩৭৩,brochure,images/new2_converted/pdf_pages/radical hospitals/page_02.pdf,1,False,Medicine,,Medicine,medicine-specialist,,,approved,Fragments resolved exactly
8802edbc-3b79-40f6-9ca5-5594e67567ac,Sharmin Akhtar Rupa,,brochure,images/new2_converted/pdf_pages/popular dhanmondi 2/page_13.pdf,0,True,Radiology,,Radiology,radiologist,,,approved,Fragments resolved exactly
8802edbc-3b79-40f6-9ca5-5594e67567ac,Sharmin Akhtar Rupa,,brochure,images/new2_converted/pdf_pages/popular dhanmondi 2/page_13.pdf,1,False,Imaging,,Imaging,radiologist,,,approved,Fragments resolved exactly
8847b375-8f34-484e-bcd4-1f8b3230c4ef,Sultana Afroz Shila,,brochure,images/new2_converted/pdf_pages/Japan bangladesh Friendship Hospital/page_06.pdf,0,True,Obstetrics & Gynaecology,,Obstetrics; Gynaecology,gynecologist-obstetrician,medicine-specialist,TAG_NOT_IN_TEXT,approved,Fragments resolved exactly
8847b375-8f34-484e-bcd4-1f8b3230c4ef,Sultana Afroz Shila,,brochure,images/new2_converted/pdf_pages/Japan bangladesh Friendship Hospital/page_06.pdf,1,False,Infertility,,Infertility,infertility-specialist,,,approved,Fragments resolved exactly
8847b375-8f34-484e-bcd4-1f8b3230c4ef,Sultana Afroz Shila,,brochure,images/new2_converted/pdf_pages/Japan bangladesh Friendship Hospital/page_06.pdf,2,False,Laparoscopic Surgery,,Laparoscopic Surgery,laparoscopic-surgeon,,CREDENTIAL_MISMATCH,flagged,Qualification lacks required specialist credentials
88494b97-c055-4b74-8943-2eab63c36118,Uttam Karmakar,A-30892,legacy,legacy_db,0,True,"Urology, Laparoscopic Surgery",,Urology; Laparoscopic Surgery,"laparoscopic-surgeon, urologist",,,approved,Fragments resolved exactly
8859419a-03fd-439b-88f7-ab265743a5de,Towhidul Islam,,brochure,images/new2_converted/pdf_pages/Japan bangladesh Friendship Hospital/page_05.pdf,0,True,Oncology,,Oncology,cancer-specialist,,,approved,Fragments resolved exactly
8859419a-03fd-439b-88f7-ab265743a5de,Towhidul Islam,,brochure,images/new2_converted/pdf_pages/Japan bangladesh Friendship Hospital/page_05.pdf,1,False,Clinical Oncology,,Clinical Oncology,cancer-specialist,,,approved,Fragments resolved exactly
885a2616-04d7-469b-a50c-ef13a5d2099e,Kazi Tariqul Islam,,legacy,legacy_db,0,True,General Medicine,,General Medicine,medicine-specialist,,,approved,Fragments resolved exactly
8887ab97-4032-4096-91ee-a294742d3561,Md. Golam Nobi,,brochure,images/new2_converted/pdf_pages/Japan bangladesh Friendship Hospital/page_07.pdf,0,True,Physical Medicine & Rehabilitation,,Physical Medicine; Rehabilitation,physical-medicine-specialist,,,approved,Fragments resolved exactly
88a87850-de45-4371-9aac-90dfeb28f8f1,Immul Islam Emon,,legacy,legacy_db,0,True,Pediatrics,,Pediatrics,child-specialist,,CREDENTIAL_MISMATCH,flagged,Qualification lacks required specialist credentials
88c19434-398f-45e8-a36d-9b03e22d05e7,Mostafizur Rahman,,brochure,images/new2_converted/Ibn Sina Cards/IMG_5989.jpg,0,True,Neurosurgery,,Neurosurgery,neurosurgeon,,,approved,Fragments resolved exactly
88c35d3e-19ac-44b6-b78c-4e813bc1dd73,Md. Mehraj Islam Sheikh (Mehraj),,legacy,legacy_db,0,True,"Neurology, General Medicine",,Neurology; General Medicine,"medicine-specialist, neurologist",,,approved,Fragments resolved exactly
88d2e5e9-4648-4fff-abf4-68b698eedbb7,Rayhana Awal Sumi,,brochure,images/new2_converted/pdf_pages/Ibn Sina Dhanmondi/page_04.pdf,0,True,Plastic Surgery,,Plastic Surgery,plastic-surgeon,,,approved,Fragments resolved exactly
893878e5-fedd-40f5-9079-f7728cd543e4,Abdul Quddus,,legacy,legacy_db,0,True,Radiology & Imaging,,Radiology; Imaging,radiologist,,,approved,Fragments resolved exactly
8958c885-3537-464f-970a-c93551883b8a,Shahana Parveen,,brochure,images/new2_converted/pdf_pages/Ibn Sina Dhanmondi/page_07.pdf,0,True,Endocrinology,,Endocrinology,endocrinologist,,,approved,Fragments resolved exactly
8958c885-3537-464f-970a-c93551883b8a,Shahana Parveen,,brochure,images/new2_converted/pdf_pages/Ibn Sina Dhanmondi/page_07.pdf,1,False,Diabetes & Metabolism,,Diabetes; Metabolism,"diabetologist, endocrinologist",,,approved,Fragments resolved exactly
8958c885-3537-464f-970a-c93551883b8a,Shahana Parveen,,brochure,images/new2_converted/pdf_pages/Ibn Sina Dhanmondi/page_07.pdf,2,False,Thyroid,,Thyroid,endocrinologist,,,approved,Fragments resolved exactly
89836776-a2f4-4a91-b645-9615ac2abc99,Md. Khairul Anam,,brochure,images/new2_converted/pdf_pages/popular dhanmondi 2/page_04.pdf,0,True,Chest Medicine,,Chest Medicine,chest-specialist,,,approved,Fragments resolved exactly
89836776-a2f4-4a91-b645-9615ac2abc99,Md. Khairul Anam,,brochure,images/new2_converted/pdf_pages/popular dhanmondi 2/page_04.pdf,1,False,Allergy,,Allergy,allergy-immunologist,,,approved,Fragments resolved exactly
89836776-a2f4-4a91-b645-9615ac2abc99,Md. Khairul Anam,,brochure,images/new2_converted/pdf_pages/popular dhanmondi 2/page_04.pdf,2,False,Asthma,,Asthma,chest-specialist,,,approved,Fragments resolved exactly
89836776-a2f4-4a91-b645-9615ac2abc99,Md. Khairul Anam,,brochure,images/new2_converted/pdf_pages/popular dhanmondi 2/page_04.pdf,3,False,TB,,TB,chest-specialist,,,approved,Fragments resolved exactly
89fd1d83-c54d-4d31-be60-f738e497d366,Farzana Khan,,legacy,legacy_db,0,True,Radiology & Imaging,,Radiology; Imaging,radiologist,,,approved,Fragments resolved exactly
8a234760-dc01-4871-adcc-b1e3199eb89f,Md. Zillur Rahman Bhuiyan,,brochure,images/new2_converted/pdf_pages/popular dhanmondi 2/page_05.pdf,0,True,Oncology,,Oncology,cancer-specialist,,CREDENTIAL_MISMATCH,flagged,Qualification lacks required specialist credentials
8a486196-b1a5-4c53-9608-01e75b4dacb1,Shah Md. Rajibul Islam,,brochure,images/new2_converted/pdf_pages/Ibn Sina Dhanmondi/page_02.pdf,0,True,Ophthalmology,,Ophthalmology,eye-specialist,,,approved,Fragments resolved exactly
8a4d30eb-85a6-4081-8029-63e6bda09080,Muhammad Rabiul Haque,,legacy,legacy_db,0,True,Neurosurgery,,Neurosurgery,neurosurgeon,,CREDENTIAL_MISMATCH,flagged,Qualification lacks required specialist credentials
8a56ad68-b125-45d1-b555-323ef3b57a11,Asma Ahmed,,brochure,images/new2_converted/pdf_pages/radical hospitals/page_04.pdf,0,True,Sonology,,Sonology,sonologist,,,approved,Fragments resolved exactly
8a56ad68-b125-45d1-b555-323ef3b57a11,Asma Ahmed,,brochure,images/new2_converted/pdf_pages/radical hospitals/page_04.pdf,1,False,Ultrasonography,,Ultrasonography,sonologist,,,approved,Fragments resolved exactly
8b07acec-fc22-4121-a0e1-6d3009423cfc,Kaniz Sultana,,legacy,legacy_db,0,True,"Nutrition & Dietetics, Pediatric Gastroenterology, Nutrition",,Nutrition; Dietetics; Pediatric Gastroenterology; Nutrition,"nutritionist-dietitian, pediatric-gastroenterologist",medicine-specialist,TAG_NOT_IN_TEXT,approved,Fragments resolved exactly
8b1629bc-15fa-467c-9223-6c38f3e05504,Mainul Haque Sarker,A-11789,brochure,images/new2_converted/Medinova medical cards/IMG_6006.jpg,0,True,Neurosurgery,,Neurosurgery,neurosurgeon,,,approved,Fragments resolved exactly
8b1629bc-15fa-467c-9223-6c38f3e05504,Mainul Haque Sarker,A-11789,brochure,images/new2_converted/Medinova medical cards/IMG_6006.jpg,1,False,Brain and Spine Surgery,,Brain; Spine Surgery,"neurologist, spine-surgeon",,,approved,Fragments resolved exactly
8b57b14e-6326-4761-8566-7e5ba7c825bd,Selina Khanom,,legacy,legacy_db,0,True,General Physician,,General Physician,family-physician-gp,,,approved,Fragments resolved exactly
8b5f5398-330c-46a6-8c01-2019f10c929e,Junaid Shafique,,brochure,images/new2_converted/pdf_pages/Japan bangladesh Friendship Hospital/page_03.pdf,0,True,Pain Medicine,,Pain Medicine,pain-specialist,,,approved,Fragments resolved exactly
8b8f22b3-8539-4464-b16c-f077371d6795,Mahfuza Akhter,,brochure,images/new2_converted/pdf_pages/popular dhanmondi 2/page_12.pdf,0,True,Dermatology & Venereology,,Dermatology; Venereology,"dermatologist, sexologist",,,approved,Fragments resolved exactly
8b9e09d5-6893-40d9-8daa-af2bae2ebd46,Kamruzzaman,,brochure,images/new2_converted/pdf_pages/popular dhanmondi 2/page_05.pdf,0,True,Haematology,,Haematology,hematologist,,,approved,Fragments resolved exactly
8bac07b5-4261-47ef-94c3-00d94797c0b5,Kanoj Kumar Barman,,legacy,legacy_db,0,True,Neurology,,Neurology,neurologist,,,approved,Fragments resolved exactly
8bbce890-71c8-4c09-8419-8ffcb5942c59,Anjuman Ara,,legacy,legacy_db,0,True,"Gynecology, Obstetrics, Laparoscopic Surgery",,Gynecology; Obstetrics; Laparoscopic Surgery,"gynecologist-obstetrician, laparoscopic-surgeon",,CREDENTIAL_MISMATCH,flagged,Qualification lacks required specialist credentials
8bdc802a-56f1-4794-b7a9-be9064e9a5e0,Sardar A. Nayeem,,brochure,images/new2_converted/pdf_pages/Japan bangladesh Friendship Hospital/page_03.pdf,0,True,Urology,,Urology,urologist,,,approved,Fragments resolved exactly
8bdc802a-56f1-4794-b7a9-be9064e9a5e0,Sardar A. Nayeem,,brochure,images/new2_converted/pdf_pages/Japan bangladesh Friendship Hospital/page_03.pdf,1,False,Laparoscopic Surgery,,Laparoscopic Surgery,laparoscopic-surgeon,,,approved,Fragments resolved exactly
8bf68b7b-da20-4656-8249-44e7af4176bc,Badrul Alam Mukul,,legacy,legacy_db,0,True,General Physician,,General Physician,family-physician-gp,,,approved,Fragments resolved exactly
8cad5867-e57b-4e7a-8911-ad4db2f3ddf3,S. M. Siddiqur Rahman,,brochure,images/new2_converted/Ibn Sina Cards/IMG_6002.jpg,0,True,Cardiology,,Cardiology,cardiologist,,,approved,Fragments resolved exactly
8cad5867-e57b-4e7a-8911-ad4db2f3ddf3,S. M. Siddiqur Rahman,,brochure,images/new2_converted/Ibn Sina Cards/IMG_6002.jpg,1,False,Interventional Cardiology,,Interventional Cardiology,interventional-cardiologist,,,approved,Fragments resolved exactly
8cad5867-e57b-4e7a-8911-ad4db2f3ddf3,S. M. Siddiqur Rahman,,brochure,images/new2_converted/Ibn Sina Cards/IMG_6002.jpg,2,False,Clinical Cardiology,,Clinical Cardiology,cardiologist,,,approved,Fragments resolved exactly
8cea6dd8-44ab-4fa0-9782-00072837f7b7,Sushmita Bardhan,,legacy,legacy_db,0,True,Gynecology & Obstetrics,,Gynecology; Obstetrics,gynecologist-obstetrician,medicine-specialist,"CREDENTIAL_MISMATCH, TAG_NOT_IN_TEXT",flagged,Qualification lacks required specialist credentials
8d0ca83e-dde7-46c1-acf9-147878d6871a,A.K.M. Motiur Rahman Bhuiyan,,legacy,legacy_db,0,True,"General Medicine, Rheumatology",,General Medicine; Rheumatology,"medicine-specialist, rheumatologist",,,approved,Fragments resolved exactly
8e225234-4f60-4053-99a4-f9e4893b5ea8,Saleh Uddin Mahmood,,brochure,images/new2_converted/pdf_pages/popular dhanmondi 2/page_04.pdf,0,True,Sports Medicine,,Sports Medicine,sports-medicine-specialist,,,approved,Fragments resolved exactly
8e225234-4f60-4053-99a4-f9e4893b5ea8,Saleh Uddin Mahmood,,brochure,images/new2_converted/pdf_pages/popular dhanmondi 2/page_04.pdf,1,False,Exercise Medicine,,Exercise Medicine,sports-medicine-specialist,,,approved,Fragments resolved exactly
8e312278-d63b-46c9-a5e5-58ca9e1ab7b5,S..M.. Ehteshamul Haque,,legacy,legacy_db,0,True,Orthopedics,,Orthopedics,orthopedic-surgeon,,"CREDENTIAL_MISMATCH, DROPPED_KEYWORD",flagged,Qualification lacks required specialist credentials; Claim text keyword missing from tag umbrellas
8e3125db-2df6-43d5-beee-1f3cbb96d2ee,Nusrat Jahan Dusti,,brochure,images/new2_converted/pdf_pages/Japan bangladesh Friendship Hospital/page_05.pdf,0,True,Dermatology,,Dermatology,dermatologist,,,approved,Fragments resolved exactly
8e3125db-2df6-43d5-beee-1f3cbb96d2ee,Nusrat Jahan Dusti,,brochure,images/new2_converted/pdf_pages/Japan bangladesh Friendship Hospital/page_05.pdf,1,False,Cosmetology,,Cosmetology,plastic-surgeon,,CREDENTIAL_MISMATCH,flagged,Qualification lacks required specialist credentials
8e3125db-2df6-43d5-beee-1f3cbb96d2ee,Nusrat Jahan Dusti,,brochure,images/new2_converted/pdf_pages/Japan bangladesh Friendship Hospital/page_05.pdf,2,False,Sexual Medicine,,Sexual Medicine,sexologist,,,approved,Fragments resolved exactly
8e4cfa39-b98b-4815-896e-4931d86d465d,A T M Rezaul Karim,A-27828,brochure,images/new2_converted/Medinova medical cards/IMG_6004.jpg,0,True,Dermatology,,Dermatology,dermatologist,,,approved,Fragments resolved exactly
8e4cfa39-b98b-4815-896e-4931d86d465d,A T M Rezaul Karim,A-27828,brochure,images/new2_converted/Medinova medical cards/IMG_6004.jpg,1,False,Venereology,,Venereology,sexologist,,,approved,Fragments resolved exactly
8e4cfa39-b98b-4815-896e-4931d86d465d,A T M Rezaul Karim,A-27828,brochure,images/new2_converted/Medinova medical cards/IMG_6004.jpg,2,False,Cosmetic Surgery,,Cosmetic Surgery,plastic-surgeon,,CREDENTIAL_MISMATCH,flagged,Qualification lacks required specialist credentials
8e4cfa39-b98b-4815-896e-4931d86d465d,A T M Rezaul Karim,A-27828,brochure,images/new2_converted/Medinova medical cards/IMG_6004.jpg,3,False,Laser Surgery,,Laser Surgery,laparoscopic-surgeon,,CREDENTIAL_MISMATCH,flagged,Qualification lacks required specialist credentials
8e5255f0-7f41-4be0-b116-713d0653fd28,Md. Ibrahim Khalil (Shahin),,legacy,legacy_db,0,True,General Physician,,General Physician,family-physician-gp,,,approved,Fragments resolved exactly
8e63b223-0204-4adb-916a-c64d141ba79b,HAM Nazmul Ahsan,,brochure,images/new2_converted/pdf_pages/popular dhanmondi 2/page_03.pdf,0,True,Medicine,,Medicine,medicine-specialist,,,approved,Fragments resolved exactly
8e8a8ede-1df8-475e-9bfc-f1381822c03d,Faizul Islam Chowdhury,,brochure,images/new2_converted/pdf_pages/popular dhanmondi 2/page_03.pdf,0,True,Medicine,,Medicine,medicine-specialist,,,approved,Fragments resolved exactly
8e8a8ede-1df8-475e-9bfc-f1381822c03d,Faizul Islam Chowdhury,,brochure,images/new2_converted/pdf_pages/popular dhanmondi 2/page_03.pdf,1,False,Neurology,,Neurology,neurologist,,,approved,Fragments resolved exactly
8e92cc9a-e901-444d-b122-23a5098cdf3d,Anuradha Karmakar,,brochure,images/new2_converted/pdf_pages/Japan bangladesh Friendship Hospital/page_06.pdf,0,True,Obstetrics & Gynaecology,,Obstetrics; Gynaecology,gynecologist-obstetrician,medicine-specialist,TAG_NOT_IN_TEXT,approved,Fragments resolved exactly
8ebdd967-c403-4d5a-a3cc-d543602ebd8d,Nirmal Pal,,brochure,images/new2_converted/pdf_pages/popular dhanmondi 2/page_15.pdf,0,True,Dermatology,,Dermatology,dermatologist,,,approved,Fragments resolved exactly
8ebdd967-c403-4d5a-a3cc-d543602ebd8d,Nirmal Pal,,brochure,images/new2_converted/pdf_pages/popular dhanmondi 2/page_15.pdf,1,False,Venereology,,Venereology,sexologist,,,approved,Fragments resolved exactly
8ebdd967-c403-4d5a-a3cc-d543602ebd8d,Nirmal Pal,,brochure,images/new2_converted/pdf_pages/popular dhanmondi 2/page_15.pdf,2,False,Medicine,,Medicine,medicine-specialist,,,approved,Fragments resolved exactly
8ef0fa4b-accf-438b-8413-4226e0bbcdd8,N. C. Nath,,legacy,legacy_db,0,True,"Hepatology, General Medicine, Gastroenterology",,Hepatology; General Medicine; Gastroenterology,"gastroenterologist, hepatologist, medicine-specialist",,,approved,Fragments resolved exactly
8ef71876-3506-40ee-9ccf-f4fcec97ea1f,Lima Asrin Sayami,,brochure,images/new2_converted/pdf_pages/popular dhanmondi 2/page_14.pdf,0,True,Cardiology,,Cardiology,cardiologist,,,approved,Fragments resolved exactly
8ef71876-3506-40ee-9ccf-f4fcec97ea1f,Lima Asrin Sayami,,brochure,images/new2_converted/pdf_pages/popular dhanmondi 2/page_14.pdf,1,False,Medicine,,Medicine,medicine-specialist,,,approved,Fragments resolved exactly
8f18ffcf-bdfa-4c7f-99ba-cafc7b25d461,Moinuddin Ahmad Chowdhury,,legacy,legacy_db,0,True,General Physician,,General Physician,family-physician-gp,,,approved,Fragments resolved exactly
8f19b05c-a857-438b-a141-797eb0dd0df6,A S M A Raihan,,legacy,legacy_db,0,True,"Gastroenterology, Hepatology",,Gastroenterology; Hepatology,"gastroenterologist, hepatologist",,,approved,Fragments resolved exactly
8f1aa5da-71a7-4857-9713-44cfc8840100,Rakibul Islam,A-69963,legacy,legacy_db,0,True,"Pediatric Surgery, Pediatric Neurosurgery",,Pediatric Surgery; Pediatric Neurosurgery,"pediatric-neurosurgeon, pediatric-surgeon",,,approved,Fragments resolved exactly
8f2e26e5-712c-466b-98bf-9563e7d48837,Md. Abu Zafar,,legacy,legacy_db,0,True,Pediatric Surgery,,Pediatric Surgery,pediatric-surgeon,,CREDENTIAL_MISMATCH,flagged,Qualification lacks required specialist credentials
8f4fdc04-5b95-4e29-9200-ec63e96ff530,Iftekhar Ibn Mannan,,legacy,legacy_db,0,True,Plastic & Cosmetic Surgery,,Plastic; Cosmetic Surgery,plastic-surgeon,medicine-specialist,"CREDENTIAL_MISMATCH, TAG_NOT_IN_TEXT",flagged,Qualification lacks required specialist credentials
8f6ea9ca-0a90-4755-b78f-24abb60f7177,Murshidul Arefin,,legacy,legacy_db,0,True,Hepatobiliary Surgery,,Hepatobiliary Surgery,hepatobiliary-surgeon,,CREDENTIAL_MISMATCH,flagged,Qualification lacks required specialist credentials
8f705771-7338-4621-baa3-f4236a1b4ce7,Khondokar Parvez Ahmed,,legacy,legacy_db,0,True,"Neurology, General Medicine, Diabetes & Endocrinology",,Neurology; General Medicine; Diabetes; Endocrinology,"diabetologist, endocrinologist, medicine-specialist, neurologist",,,approved,Fragments resolved exactly
8fb65040-6d8c-46e2-bd9b-a96741961c8f,Taufique Ahmed,,legacy,legacy_db,0,True,"Respiratory Medicine, Cardiac Surgery, Vascular Surgery",,Respiratory Medicine; Cardiac Surgery; Vascular Surgery,"cardiac-surgeon, chest-specialist, vascular-surgeon",,,approved,Fragments resolved exactly
8ff50def-3840-4175-a467-92c306db53a8,Md. Saifullah Ehtesham (Rana),A-48568,legacy,legacy_db,0,True,"Neuromedicine, Neurology",,Neuromedicine; Neurology,neurologist,,,approved,Fragments resolved exactly
8ff8e75c-bd06-499b-9cde-7d6ae6fa001c,Sumanta Kundu,,legacy,legacy_db,0,True,Plastic & Cosmetic Surgery,,Plastic; Cosmetic Surgery,plastic-surgeon,medicine-specialist,"CREDENTIAL_MISMATCH, TAG_NOT_IN_TEXT",flagged,Qualification lacks required specialist credentials
901b196c-5fb0-4b27-aa14-29f041510d3b,A. K. M. A. Sobhan,,legacy,legacy_db,0,True,ENT (Otolaryngology),,ENT (Otolaryngology,,ent-specialist,"TAG_NOT_IN_TEXT, UNMAPPED_FRAGMENT",flagged,Unmapped fragments: ENT (Otolaryngology
903dd40b-7827-4eb0-9eaf-c8c7c5b889c9,Nilima Jahan,,legacy,legacy_db,0,True,"Surgical Oncology, Colorectal Surgery, General Surgery",,Surgical Oncology; Colorectal Surgery; General Surgery,"cancer-surgeon, colorectal-surgeon, general-surgeon",,,approved,Fragments resolved exactly
904a0709-bb6d-4e93-8a10-4a5b0529b125,Md. Golam Sarwar,,legacy,legacy_db,0,True,"Plastic & Cosmetic Surgery, Orthopedics",,Plastic; Cosmetic Surgery; Orthopedics,"orthopedic-surgeon, plastic-surgeon",medicine-specialist,"CREDENTIAL_MISMATCH, DROPPED_KEYWORD, TAG_NOT_IN_TEXT",flagged,Qualification lacks required specialist credentials; Claim text keyword missing from tag umbrellas
9068c821-c894-4c47-b6c8-58c7416e0b3f,Nabila Khondkar,,brochure,images/new2_converted/pdf_pages/Ibn Sina Dhanmondi/page_04.pdf,0,True,General Surgery,,General Surgery,general-surgeon,,,approved,Fragments resolved exactly
9068c821-c894-4c47-b6c8-58c7416e0b3f,Nabila Khondkar,,brochure,images/new2_converted/pdf_pages/Ibn Sina Dhanmondi/page_04.pdf,1,False,Laparoscopic Surgery,,Laparoscopic Surgery,laparoscopic-surgeon,,,approved,Fragments resolved exactly
907e11bc-6dbf-4dcc-aa9f-0469b42cd241,Noushin Taslima Hossain,,brochure,images/new2_converted/pdf_pages/radical hospitals/page_03.pdf,0,True,Oncology,,Oncology,cancer-specialist,,,approved,Fragments resolved exactly
90a74e58-98d1-4205-8f7c-3e2717391f00,ABM Abdus Salam,,brochure,images/new2_converted/pdf_pages/Alliance hospital/page_06.pdf,0,True,Pediatric Cardiology,,Pediatric Cardiology,pediatric-cardiologist,,CREDENTIAL_MISMATCH,flagged,Qualification lacks required specialist credentials
90a74e58-98d1-4205-8f7c-3e2717391f00,ABM Abdus Salam,,brochure,images/new2_converted/pdf_pages/Alliance hospital/page_06.pdf,1,False,Pediatrics,,Pediatrics,child-specialist,,CREDENTIAL_MISMATCH,flagged,Qualification lacks required specialist credentials
90ce7832-dc13-4753-976b-a32a70b897b7,Md. Abu Tayeb,,brochure,images/new2_converted/pdf_pages/Alliance hospital/page_04.pdf,0,True,Pediatrics,,Pediatrics,child-specialist,,,approved,Fragments resolved exactly
90ce7832-dc13-4753-976b-a32a70b897b7,Md. Abu Tayeb,,brochure,images/new2_converted/pdf_pages/Alliance hospital/page_04.pdf,1,False,Newborn & Child Specialist,,Newborn; Child Specialist,"child-specialist, neonatologist",,,approved,Fragments resolved exactly
9103d071-f1ee-4453-861f-44ae27960ba6,M.. Rezaul Karim,,legacy,legacy_db,0,True,General Medicine,,General Medicine,medicine-specialist,,,approved,Fragments resolved exactly
91292860-def5-4aec-b650-a046ea6793d4,Farzana Rahman,,brochure,images/new2_converted/pdf_pages/popular dhanmondi 2/page_16.pdf,0,True,Paediatrics,,Paediatrics,child-specialist,,,approved,Fragments resolved exactly
915a1e59-f4b9-420c-9d18-c5112afa4065,A.. K.. M.. Asad-Ud-Doza,,legacy,legacy_db,0,True,Physical Medicine & Rehabilitation,,Physical Medicine; Rehabilitation,physical-medicine-specialist,,,approved,Fragments resolved exactly
916475b8-7a90-4322-96a3-537b7daf1780,K.. U.. M.. Shamsun Nahar,,legacy,legacy_db,0,True,"Nephrology, Diabetes & Endocrinology",,Nephrology; Diabetes; Endocrinology,"diabetologist, endocrinologist, nephrologist",,,approved,Fragments resolved exactly
916fb84f-fb88-485a-bc22-cfd6969794e0,A.K.M. Mazharul Islam,,brochure,images/new2_converted/pdf_pages/radical hospitals/page_02.pdf,0,True,Medicine,,Medicine,medicine-specialist,,,approved,Fragments resolved exactly
916fb84f-fb88-485a-bc22-cfd6969794e0,A.K.M. Mazharul Islam,,brochure,images/new2_converted/pdf_pages/radical hospitals/page_02.pdf,1,False,Rheumatology,,Rheumatology,rheumatologist,,,approved,Fragments resolved exactly
920dd579-2795-47d8-af29-413ce179bc92,Nabil Junaed Siddiqui,,brochure,images/new2_converted/pdf_pages/radical hospitals/page_05.pdf,0,True,Orthopedics,,Orthopedics,orthopedic-surgeon,,"CREDENTIAL_MISMATCH, DROPPED_KEYWORD",flagged,Qualification lacks required specialist credentials; Claim text keyword missing from tag umbrellas
9239a04b-c07c-4072-9c50-f06f365b8840,Md. Mostaque Mahmud,,legacy,legacy_db,0,True,Dermatology & Venereology,,Dermatology; Venereology,"dermatologist, sexologist",,,approved,Fragments resolved exactly
92ae0737-f1ba-4d76-84e7-bd07672bb49d,A. M. Abdullah Al Yousuf,,legacy,legacy_db,0,True,"General Medicine, Hepatology, Gastroenterology",,General Medicine; Hepatology; Gastroenterology,"gastroenterologist, hepatologist, medicine-specialist",,,approved,Fragments resolved exactly
92bc3414-aff6-433b-b14f-4c9ad36e5aa8,Sheikh Mahmood Hasan,,brochure,images/new2_converted/pdf_pages/popular dhanmondi 2/page_08.pdf,0,True,Neurosurgery,,Neurosurgery,neurosurgeon,,,approved,Fragments resolved exactly
92ce0b0b-4fc8-4b4f-a1f9-8627f43db1c5,Maleka Ali,,legacy,legacy_db,0,True,Nephrology,,Nephrology,nephrologist,,,approved,Fragments resolved exactly
92f1d308-8230-4cf7-bf3f-2094015ff058,Md. Nur-A.-Khoda,,legacy,legacy_db,0,True,Cardiology,,Cardiology,cardiologist,,CREDENTIAL_MISMATCH,flagged,Qualification lacks required specialist credentials
92f90336-95af-440c-887f-d1b70b8423a1,M. M. Monzur Hasan,,legacy,legacy_db,0,True,General Medicine,,General Medicine,medicine-specialist,,,approved,Fragments resolved exactly
93179c33-45d2-488f-b7db-8fa3140d5903,Titu Miah,,brochure,images/new2_converted/pdf_pages/popular dhanmondi 2/page_03.pdf,0,True,Medicine,,Medicine,medicine-specialist,,,approved,Fragments resolved exactly
93179c33-45d2-488f-b7db-8fa3140d5903,Titu Miah,,brochure,images/new2_converted/pdf_pages/popular dhanmondi 2/page_03.pdf,1,False,Rheumatology,,Rheumatology,rheumatologist,,,approved,Fragments resolved exactly
9350b2d0-ef32-492e-8ba3-fa181466db08,Khandaker A. B. M. Abdullah Al Hasan,,legacy,legacy_db,0,True,"General Surgery, Surgical Oncology",,General Surgery; Surgical Oncology,"cancer-surgeon, general-surgeon",,CREDENTIAL_MISMATCH,flagged,Qualification lacks required specialist credentials
9371cc5d-31b7-41c7-ad6f-47e0efdf3b7c,Md. Fazlul Hoque,,brochure,images/new2_converted/Northern hospital Cards/IMG_6020.jpg,0,True,Internal Medicine,,Internal Medicine,medicine-specialist,general-surgeon,TAG_NOT_IN_TEXT,approved,Fragments resolved exactly
93757e84-c72e-4b86-bacc-fd884564436b,M.. S. Zahirul Haque Chowdhury,,legacy,legacy_db,0,True,Neurology,,Neurology,neurologist,,,approved,Fragments resolved exactly
938677a1-ceaa-4313-b74e-b7746f439229,Md. Ruhul Mokaddir (Ronju),,legacy,legacy_db,0,True,"Neurosurgery, Spine Surgery",,Neurosurgery; Spine Surgery,"neurosurgeon, spine-surgeon",,CREDENTIAL_MISMATCH,flagged,Qualification lacks required specialist credentials
9386af44-2955-4f31-a035-bb04a4a067b8,Mohammad Safiuddin,,brochure,images/new2_converted/pdf_pages/popular dhanmondi 2/page_02.pdf,0,True,Cardiology,,Cardiology,cardiologist,,,approved,Fragments resolved exactly
9386af44-2955-4f31-a035-bb04a4a067b8,Mohammad Safiuddin,,brochure,images/new2_converted/pdf_pages/popular dhanmondi 2/page_02.pdf,1,False,Interventional Cardiology,,Interventional Cardiology,interventional-cardiologist,,,approved,Fragments resolved exactly
93ad7f34-5112-4d25-a282-824cc00ee539,A. H. M. Rowshon,,legacy,legacy_db,0,True,"General Medicine, Gastroenterology, Hepatology",,General Medicine; Gastroenterology; Hepatology,"gastroenterologist, hepatologist, medicine-specialist",,,approved,Fragments resolved exactly
93f54450-0858-4ecc-9fd0-3c7298bc603b,N C Nath,,legacy,legacy_db,0,True,"General Medicine, Gastroenterology, Hepatology",,General Medicine; Gastroenterology; Hepatology,"gastroenterologist, hepatologist, medicine-specialist",,,approved,Fragments resolved exactly
94006a44-8af9-436b-9600-fa5f5104838a,Shaheen Mahmud,,brochure,images/new2_converted/pdf_pages/Ibn Sina Dhanmondi/page_07.pdf,0,True,Rheumatology,,Rheumatology,rheumatologist,,,approved,Fragments resolved exactly
94006a44-8af9-436b-9600-fa5f5104838a,Shaheen Mahmud,,brochure,images/new2_converted/pdf_pages/Ibn Sina Dhanmondi/page_07.pdf,1,False,General Medicine,,General Medicine,medicine-specialist,,,approved,Fragments resolved exactly
94006a44-8af9-436b-9600-fa5f5104838a,Shaheen Mahmud,,brochure,images/new2_converted/pdf_pages/Ibn Sina Dhanmondi/page_07.pdf,2,False,Pain Management,,Pain Management,pain-specialist,,,approved,Fragments resolved exactly
940b6e5f-a102-4fc4-9497-940f01cf1be4,Mekhla Sarker,,legacy,legacy_db,0,True,Psychiatry & Mental Health,,Psychiatry; Mental Health,"mental-health, psychiatrist",medicine-specialist,TAG_NOT_IN_TEXT,approved,Fragments resolved exactly
940bec5c-9559-4d73-931c-0a9abecacb9f,Md. Abdullah Al Faruque,,legacy,legacy_db,0,True,Hepatology,,Hepatology,hepatologist,,,approved,Fragments resolved exactly
946fea35-5daa-4484-9efb-771f10f2ce12,Md. Mujibur Rahman,,legacy,legacy_db,0,True,"General Medicine, Rheumatology",,General Medicine; Rheumatology,"medicine-specialist, rheumatologist",,,approved,Fragments resolved exactly
949994f3-15fe-431b-bbaf-7284552ac3b6,Abu Borok Siddique,,brochure,images/new2_converted/pdf_pages/Ibn Sina Dhanmondi/page_03.pdf,0,True,Orthopedics,,Orthopedics,orthopedic-surgeon,,DROPPED_KEYWORD,flagged,Claim text keyword missing from tag umbrellas
949994f3-15fe-431b-bbaf-7284552ac3b6,Abu Borok Siddique,,brochure,images/new2_converted/pdf_pages/Ibn Sina Dhanmondi/page_03.pdf,1,False,Trauma Surgery,,Trauma Surgery,orthopedic-surgeon,,,approved,Fragments resolved exactly
949994f3-15fe-431b-bbaf-7284552ac3b6,Abu Borok Siddique,,brochure,images/new2_converted/pdf_pages/Ibn Sina Dhanmondi/page_03.pdf,2,False,Spine Surgery,,Spine Surgery,spine-surgeon,,,approved,Fragments resolved exactly
94c38272-bd7e-43d0-bffe-25b2e18ce706,S N Nag,,brochure,images/new2_converted/Medinova medical cards/IMG_6015.jpg,0,True,Urology,,Urology,urologist,,,approved,Fragments resolved exactly
94c91e84-99e6-4377-b158-70e6569262ba,Khan Abul Kalam Azad,,brochure,images/new2_converted/pdf_pages/popular dhanmondi 2/page_03.pdf,0,True,Medicine,,Medicine,medicine-specialist,,,approved,Fragments resolved exactly
94cdd365-9ab2-4215-9327-231777847a04,Md. Shahidullah Sikder,,legacy,legacy_db,0,True,General Physician,,General Physician,family-physician-gp,,,approved,Fragments resolved exactly
94e0d364-f6f1-4134-b440-45389a194bf5,Miraj Uddin Molla,A-37013,legacy,legacy_db,0,True,Orthopedics,,Orthopedics,orthopedic-surgeon,,DROPPED_KEYWORD,flagged,Claim text keyword missing from tag umbrellas
94fed3aa-df5a-4dc9-93e3-8c7aea6fb050,Sumon Chowdhury,20264,legacy,legacy_db,0,True,"Pediatrics, Child Health, Clinical Nutrition & Dietetics",,Pediatrics; Child Health; Clinical Nutrition; Dietetics,"child-health, child-specialist, nutritionist-dietitian",,,approved,Fragments resolved exactly
9501bac2-bcec-437f-921d-3b1c6aefa1b0,Syed Mohammad Arif,,brochure,images/new2_converted/Ibn Sina Cards/IMG_5991.jpg,0,True,Medicine,,Medicine,medicine-specialist,,,approved,Fragments resolved exactly
9501bac2-bcec-437f-921d-3b1c6aefa1b0,Syed Mohammad Arif,,brochure,images/new2_converted/Ibn Sina Cards/IMG_5991.jpg,1,False,Gastroenterology,,Gastroenterology,gastroenterologist,,,approved,Fragments resolved exactly
9501bac2-bcec-437f-921d-3b1c6aefa1b0,Syed Mohammad Arif,,brochure,images/new2_converted/Ibn Sina Cards/IMG_5991.jpg,2,False,Hepatology,,Hepatology,hepatologist,,,approved,Fragments resolved exactly
95269b82-79ae-4377-a552-520c6b65a020,Md. Foyzul Islam Chowdhury,,brochure,images/new2_converted/Medinova medical cards/IMG_6016.jpg,0,True,Internal Medicine,,Internal Medicine,medicine-specialist,"cardiologist, nephrologist, neurologist",TAG_NOT_IN_TEXT,approved,Fragments resolved exactly
953ae37d-1d5b-469b-a7f9-767436009267,Akhterun Nahar Alo,,legacy,legacy_db,0,True,Nutrition & Dietetics,,Nutrition; Dietetics,nutritionist-dietitian,medicine-specialist,"CREDENTIAL_MISMATCH, TAG_NOT_IN_TEXT",flagged,Qualification lacks required specialist credentials
95af09db-d157-4d5b-8321-42690a9261d9,Md.. Zillur Rahman Khan (Ratan),,legacy,legacy_db,0,True,Psychiatry & Mental Health,,Psychiatry; Mental Health,"mental-health, psychiatrist",medicine-specialist,TAG_NOT_IN_TEXT,approved,Fragments resolved exactly
95c75369-92cd-47f7-b246-d2668e2e7ff4,Sabrina Akter Quraishi,,legacy,legacy_db,0,True,General Surgery,,General Surgery,general-surgeon,,CREDENTIAL_MISMATCH,flagged,Qualification lacks required specialist credentials
95ce8617-5b04-4a77-b828-e3fd89b23f91,Md. Jahidul Islam,A-33968,legacy,legacy_db,0,True,"Ent, Head And Neck Surgery",,Ent; Head; Neck Surgery,"ent, head-neck-surgeon",,,approved,Fragments resolved exactly
95ed6a6f-a2a4-4ecf-aa83-a49bc8f1fe4c,Ayesha Begum,,legacy,legacy_db,0,True,General Physician,,General Physician,family-physician-gp,,,approved,Fragments resolved exactly
95fcb4ae-5123-46b4-9ae3-e9fbff2f3194,Md. Mahbubul Alam,,brochure,images/new2_converted/pdf_pages/popular dhanmondi 2/page_06.pdf,0,True,Medicine,,Medicine,medicine-specialist,,,approved,Fragments resolved exactly
95fcb4ae-5123-46b4-9ae3-e9fbff2f3194,Md. Mahbubul Alam,,brochure,images/new2_converted/pdf_pages/popular dhanmondi 2/page_06.pdf,1,False,Neurology,,Neurology,neurologist,,,approved,Fragments resolved exactly
96107650-292a-472b-8178-031443edbe37,Azfar Uddin Sheikh,,legacy,legacy_db,0,True,General Physician,,General Physician,family-physician-gp,,,approved,Fragments resolved exactly
9643abef-fae1-4ae1-865f-4b587a1562ca,Md. Saleh Uddin Mahmood (Tushar),,legacy,legacy_db,0,True,General Physician,,General Physician,family-physician-gp,,,approved,Fragments resolved exactly
965bd577-7846-43f7-be4b-649a277472e8,Md. Rajiur Rahman,,legacy,legacy_db,0,True,General Medicine,,General Medicine,medicine-specialist,,,approved,Fragments resolved exactly
965f6bb8-d0a0-4209-a9c5-40622c5ebc4a,Md. Anwarul Hasan,,legacy,legacy_db,0,True,General Physician,,General Physician,family-physician-gp,,,approved,Fragments resolved exactly
966182f7-00d2-43ab-bbff-4af40c6987c9,Indrajit Prasad,,legacy,legacy_db,0,True,General Physician,,General Physician,family-physician-gp,,,approved,Fragments resolved exactly
9694f3d7-ff2c-4679-8c6a-477f5873a0cf,A. S. M. Farhad-Ul-Hasan,,brochure,images/new2_converted/pdf_pages/Alliance hospital/page_03.pdf,0,True,General Surgery,,General Surgery,general-surgeon,,,approved,Fragments resolved exactly
9694f3d7-ff2c-4679-8c6a-477f5873a0cf,A. S. M. Farhad-Ul-Hasan,,brochure,images/new2_converted/pdf_pages/Alliance hospital/page_03.pdf,1,False,Laparoscopic Surgery,,Laparoscopic Surgery,laparoscopic-surgeon,,,approved,Fragments resolved exactly
9694fa53-c731-4210-a463-30f45b2ad29f,Masuda Khatun,,legacy,legacy_db,0,True,Dermatology & Venereology,,Dermatology; Venereology,"dermatologist, sexologist",,,approved,Fragments resolved exactly
96b7727f-6fc1-44ad-8c06-693a0b41e5e6,Md. Azizul Hoque Manik,,legacy,legacy_db,0,True,"Ent, Head And Neck Surgery, Surgical Oncology",,Ent; Head; Neck Surgery; Surgical Oncology,"cancer-surgeon, ent, head-neck-surgeon",,CREDENTIAL_MISMATCH,flagged,Qualification lacks required specialist credentials
96c7b751-f7d9-4a1c-b535-90e59aae5674,Towhid Md. Saiful Hossain (Dipu),,legacy,legacy_db,0,True,"General Surgery, Urology",,General Surgery; Urology,"general-surgeon, urologist",,,approved,Fragments resolved exactly
96d3eeed-090b-49e3-a10c-4b9f8a684e6c,Md. Majidul Islam,এ-৪১৮৮১,legacy,legacy_db,0,True,"Vascular Surgery, Cardiac Surgery",,Vascular Surgery; Cardiac Surgery,"cardiac-surgeon, vascular-surgeon",,CREDENTIAL_MISMATCH,flagged,Qualification lacks required specialist credentials
96d7e916-0f3f-4d02-9459-d266e3268e9f,Kazi Momtaz Uddin Ahmed,,legacy,legacy_db,0,True,General Medicine,,General Medicine,medicine-specialist,,,approved,Fragments resolved exactly
9718be5f-d6f5-4f51-af2a-a42fb9ab3762,Kanak Kanti Barua,,brochure,images/new2_converted/pdf_pages/popular dhanmondi 2/page_08.pdf,0,True,Neurosurgery,,Neurosurgery,neurosurgeon,spine-surgeon,TAG_NOT_IN_TEXT,approved,Fragments resolved exactly
973cf7ef-f0ee-41a7-ad32-aa40778b9f64,Md. Isme Azam (Jiko),,legacy,legacy_db,0,True,Neurosurgery,,Neurosurgery,neurosurgeon,,CREDENTIAL_MISMATCH,flagged,Qualification lacks required specialist credentials
97c0b2a0-14ca-4f32-b374-f1e570f6cdc1,Md. Babrul Alam,,legacy,legacy_db,0,True,Nephrology,,Nephrology,nephrologist,,,approved,Fragments resolved exactly
985f6474-9465-4209-b87e-67c9557b4869,Md. Nahidul Islam,,brochure,images/new2_converted/Ibn Sina Cards/IMG_5998.jpg,0,True,Neurology,,Neurology,neurologist,,,approved,Fragments resolved exactly
9897a823-99d4-4a95-b876-a2a6b4c3a410,Md. Badrul Alam,,brochure,images/new2_converted/pdf_pages/popular dhanmondi 2/page_07.pdf,0,True,Nephrology,,Nephrology,nephrologist,neurologist,TAG_NOT_IN_TEXT,approved,Fragments resolved exactly
9897a823-99d4-4a95-b876-a2a6b4c3a410,Md. Badrul Alam,,brochure,images/new2_converted/pdf_pages/popular dhanmondi 2/page_07.pdf,1,False,Medicine & Kidney,,Medicine; Kidney,"medicine-specialist, nephrologist",,,approved,Fragments resolved exactly
98a68636-39e0-4d97-870b-2967a257d6e3,Md. Abul Kalam Azad,,brochure,images/new2_converted/pdf_pages/popular dhanmondi 2/page_03.pdf,0,True,Medicine,,Medicine,medicine-specialist,"gastroenterologist, hepatologist",TAG_NOT_IN_TEXT,approved,Fragments resolved exactly
98b9c5bb-3652-4e20-9c2f-a5afb5da0851,Farhana Mosleh Uddin,,legacy,legacy_db,0,True,"Neurology, General Medicine",,Neurology; General Medicine,"medicine-specialist, neurologist",,,approved,Fragments resolved exactly
98e3d911-8581-4ad1-9f0c-6b45f191220b,Md. Hasanuzzaman,A-47295,legacy,legacy_db,0,True,"Nephrology, Kidney Diseases",,Nephrology; Kidney Diseases,nephrologist,,,approved,Fragments resolved exactly
98ea85a5-4d45-4db8-bbf5-1887e682f178,Nawreen Anwar,,brochure,images/new2_converted/Medinova medical cards/IMG_6012.jpg,0,True,Ophthalmology,,Ophthalmology,eye-specialist,,,approved,Fragments resolved exactly
98fef6d8-e858-4ee4-aa77-5059ee243092,Md. Abdur Razzak,,brochure,images/new2_converted/pdf_pages/Alliance hospital/page_05.pdf,0,True,ENT,,ENT,ent,nephrologist,TAG_NOT_IN_TEXT,approved,Fragments resolved exactly
98fef6d8-e858-4ee4-aa77-5059ee243092,Md. Abdur Razzak,,brochure,images/new2_converted/pdf_pages/Alliance hospital/page_05.pdf,1,False,Otolaryngology,,Otolaryngology,ent-specialist,,,approved,Fragments resolved exactly
98fef6d8-e858-4ee4-aa77-5059ee243092,Md. Abdur Razzak,,brochure,images/new2_converted/pdf_pages/Alliance hospital/page_05.pdf,2,False,Head & Neck Surgery,,Head; Neck Surgery,head-neck-surgeon,,CREDENTIAL_MISMATCH,flagged,Qualification lacks required specialist credentials
993716dd-583c-42e1-96bb-3be0ccb846da,Feroze Quader,,brochure,images/new2_converted/pdf_pages/popular dhanmondi 2/page_15.pdf,0,True,General Surgery,,General Surgery,general-surgeon,,,approved,Fragments resolved exactly
993716dd-583c-42e1-96bb-3be0ccb846da,Feroze Quader,,brochure,images/new2_converted/pdf_pages/popular dhanmondi 2/page_15.pdf,1,False,Laparoscopic Surgery,,Laparoscopic Surgery,laparoscopic-surgeon,,,approved,Fragments resolved exactly
99812864-3714-44af-9046-a860c1bb0e87,M. A. Alim,,legacy,legacy_db,0,True,"General Surgery, Urology",,General Surgery; Urology,"general-surgeon, urologist",,,approved,Fragments resolved exactly
9a11a5be-e287-4a45-988d-5c3ead5cb5a6,Md. Mofijur Rahman Mia,A-26195,legacy,legacy_db,0,True,Thoracic Surgery,,Thoracic Surgery,thoracic-surgeon,,,approved,Fragments resolved exactly
9a286e5a-cbe3-4d0b-a936-8f40cda50a40,Md. Anisul Goni Khan,,legacy,legacy_db,0,True,"General Medicine, Cardiology",,General Medicine; Cardiology,"cardiologist, medicine-specialist",,,approved,Fragments resolved exactly
9aeb8174-22b6-4d53-bd41-cef2b59e35a2,S..A.. Junaid,,legacy,legacy_db,0,True,General Physician,,General Physician,family-physician-gp,,,approved,Fragments resolved exactly
9b0ab6ee-97e4-4f19-a83d-51ae495f3d02,Md. Nahid Hasan,,legacy,legacy_db,0,True,"General Medicine, Cardiology",,General Medicine; Cardiology,"cardiologist, medicine-specialist",,CREDENTIAL_MISMATCH,flagged,Qualification lacks required specialist credentials
9b0d256e-f606-4bbc-9a0a-3e0a07e5822f,Tanjina Afrin,,legacy,legacy_db,0,True,Hematology,,Hematology,hematologist,,,approved,Fragments resolved exactly
9b2875ca-8877-4355-a9bc-2f181bab9e92,Mahbubul Hakim Miah,,legacy,legacy_db,0,True,"Neurology, General Medicine",,Neurology; General Medicine,"medicine-specialist, neurologist",,,approved,Fragments resolved exactly
9b2d5996-abc8-4310-ade4-906a399f9d2f,Md. Nasir Uddin,,brochure,images/new2_converted/pdf_pages/popular dhanmondi 2/page_08.pdf,0,True,General Surgery,,General Surgery,general-surgeon,,,approved,Fragments resolved exactly
9b2d5996-abc8-4310-ade4-906a399f9d2f,Md. Nasir Uddin,,brochure,images/new2_converted/pdf_pages/popular dhanmondi 2/page_08.pdf,1,False,Laparoscopic Surgery,,Laparoscopic Surgery,laparoscopic-surgeon,,,approved,Fragments resolved exactly
9ba31e88-7ddb-444b-9ea5-132c79d84f43,Mosammat Shahnaz Parveen,,legacy,legacy_db,0,True,"Surgical Oncology, General Surgery",,Surgical Oncology; General Surgery,"cancer-surgeon, general-surgeon",,,approved,Fragments resolved exactly
9ba46552-4b88-4570-91fa-2e11111089aa,Morchalin Rahman,,legacy,legacy_db,0,True,General Surgery,,General Surgery,general-surgeon,,CREDENTIAL_MISMATCH,flagged,Qualification lacks required specialist credentials
9bba4602-98ad-499e-afcb-98e4742145b7,Syed Ali Ahsan,,legacy,legacy_db,0,True,"Cardiology, Interventional Cardiology",,Cardiology; Interventional Cardiology,"cardiologist, interventional-cardiologist",,,approved,Fragments resolved exactly
9bcaca9c-9c18-489b-b593-8e72ec51326f,Misbah Uddin Ahmed,A-21153,brochure,images/new2_converted/pdf_pages/radical hospitals/page_03.pdf,0,True,Urology,,Urology,urologist,,,approved,Fragments resolved exactly
9c03b38a-ca37-4da4-a3c0-4cae5504e64a,Urmi Rahman,,legacy,legacy_db,0,True,Pediatrics,,Pediatrics,child-specialist,,CREDENTIAL_MISMATCH,flagged,Qualification lacks required specialist credentials
9c0ba954-1f5c-47fa-996c-861f8fca5c10,Md. Arifuzzaman,,legacy,legacy_db,0,True,ENT (Otolaryngology),,ENT (Otolaryngology,,ent-specialist,"TAG_NOT_IN_TEXT, UNMAPPED_FRAGMENT",flagged,Unmapped fragments: ENT (Otolaryngology
9c41c056-abc6-42de-8713-8105fd0b23d2,Muhammad Rabiul Hoque,,legacy,legacy_db,0,True,Neurosurgery,,Neurosurgery,neurosurgeon,,,approved,Fragments resolved exactly
9c762620-e806-425c-a2cd-e44f319b71a0,Suraiya Begum,,legacy,legacy_db,0,True,General Physician,,General Physician,family-physician-gp,,,approved,Fragments resolved exactly
9c7caabf-548b-4428-894c-d4fa3ece06f6,Mujibur Rahman,,brochure,images/new2_converted/pdf_pages/popular dhanmondi 2/page_15.pdf,0,True,Rheumatology,,Rheumatology,rheumatologist,,,approved,Fragments resolved exactly
9c7caabf-548b-4428-894c-d4fa3ece06f6,Mujibur Rahman,,brochure,images/new2_converted/pdf_pages/popular dhanmondi 2/page_15.pdf,1,False,Internal Medicine,,Internal Medicine,medicine-specialist,,,approved,Fragments resolved exactly
9c8a3f94-1692-40e7-91e4-ff1cb5e48e61,Md. Kamrul Hasan Sajib,,brochure,images/new2_converted/pdf_pages/Japan bangladesh Friendship Hospital/page_03.pdf,0,True,Rheumatology,,Rheumatology,rheumatologist,,,approved,Fragments resolved exactly
9c8a3f94-1692-40e7-91e4-ff1cb5e48e61,Md. Kamrul Hasan Sajib,,brochure,images/new2_converted/pdf_pages/Japan bangladesh Friendship Hospital/page_03.pdf,1,False,Arthritis,,Arthritis,rheumatologist,,,approved,Fragments resolved exactly
9c951e48-75d1-4a0c-ace0-ab2d575fd9c9,Purnendu Biswas,,brochure,images/new2_converted/pdf_pages/Alliance hospital/page_02.pdf,0,True,Orthopedic Surgery,,Orthopedic Surgery,orthopedic-surgeon,,DROPPED_KEYWORD,flagged,Claim text keyword missing from tag umbrellas
9c951e48-75d1-4a0c-ace0-ab2d575fd9c9,Purnendu Biswas,,brochure,images/new2_converted/pdf_pages/Alliance hospital/page_02.pdf,1,False,Spine Surgery,,Spine Surgery,spine-surgeon,,,approved,Fragments resolved exactly
9c951e48-75d1-4a0c-ace0-ab2d575fd9c9,Purnendu Biswas,,brochure,images/new2_converted/pdf_pages/Alliance hospital/page_02.pdf,2,False,Trauma Surgery,,Trauma Surgery,orthopedic-surgeon,,,approved,Fragments resolved exactly
9cc3eb1a-8f1a-46e7-bf38-cca666e61dfb,Mohd. Taslim Uddin,,brochure,images/new2_converted/pdf_pages/popular dhanmondi 2/page_04.pdf,0,True,Physical Medicine,,Physical Medicine,physical-medicine-specialist,,,approved,Fragments resolved exactly
9cc3eb1a-8f1a-46e7-bf38-cca666e61dfb,Mohd. Taslim Uddin,,brochure,images/new2_converted/pdf_pages/popular dhanmondi 2/page_04.pdf,1,False,Rehabilitation,,Rehabilitation,physical-medicine-specialist,,,approved,Fragments resolved exactly
9cc3eb1a-8f1a-46e7-bf38-cca666e61dfb,Mohd. Taslim Uddin,,brochure,images/new2_converted/pdf_pages/popular dhanmondi 2/page_04.pdf,2,False,Musculoskeletal,,Musculoskeletal,orthopedic-surgeon,,CREDENTIAL_MISMATCH,flagged,Qualification lacks required specialist credentials
9d01ccab-9c92-41a2-8c89-f4531307799a,Farzana Rahman Dalia,,brochure,images/new2_converted/Medinova medical cards/IMG_6015.jpg,0,True,Obstetrics & Gynaecology,,Obstetrics; Gynaecology,gynecologist-obstetrician,medicine-specialist,TAG_NOT_IN_TEXT,approved,Fragments resolved exactly
9d7816ae-320e-48c6-88af-f5c3e6adc121,Md. Nasir Uddin (Kajal),,brochure,images/new2_converted/Medinova medical cards/IMG_6013.jpg,0,True,Urology,,Urology,urologist,,,approved,Fragments resolved exactly
9d7816ae-320e-48c6-88af-f5c3e6adc121,Md. Nasir Uddin (Kajal),,brochure,images/new2_converted/Medinova medical cards/IMG_6013.jpg,1,False,Andrology,,Andrology,andrologist,,,approved,Fragments resolved exactly
9d7816ae-320e-48c6-88af-f5c3e6adc121,Md. Nasir Uddin (Kajal),,brochure,images/new2_converted/Medinova medical cards/IMG_6013.jpg,2,False,Laparoscopic Surgery,,Laparoscopic Surgery,laparoscopic-surgeon,,,approved,Fragments resolved exactly
9dc3f655-82f5-4a53-a67b-41b3d1ce2069,Nihar Ranjan Das,,brochure,images/new2_converted/pdf_pages/Alliance hospital/page_03.pdf,0,True,Medicine,,Medicine,medicine-specialist,,,approved,Fragments resolved exactly
9df8e0f4-1126-4c88-adde-0ff2b2b441da,Md. Rafiqul Islam,,legacy,legacy_db,0,True,General Surgery,,General Surgery,general-surgeon,,CREDENTIAL_MISMATCH,flagged,Qualification lacks required specialist credentials
9e2c6e58-c6b0-4051-b2f1-cba9bcc516ff,Manzur Ahmad,,legacy,legacy_db,0,True,Physical Medicine & Rehabilitation,,Physical Medicine; Rehabilitation,physical-medicine-specialist,,,approved,Fragments resolved exactly
9e2d463d-448a-4a58-8baa-7b278062e870,S..M.. Mahmuduzzaman,,legacy,legacy_db,0,True,Pediatrics,,Pediatrics,child-specialist,,CREDENTIAL_MISMATCH,flagged,Qualification lacks required specialist credentials
9e3ae2a0-c006-48a4-a61a-53197f007115,Sadia Amin,,legacy,legacy_db,0,True,"Respiratory Medicine, General Medicine",,Respiratory Medicine; General Medicine,"chest-specialist, medicine-specialist",,,approved,Fragments resolved exactly
9e7990a4-f876-4bbe-9415-d9f6ee6ee438,Farhana Ahmed,,legacy,legacy_db,0,True,"General Medicine, Cardiology",,General Medicine; Cardiology,"cardiologist, medicine-specialist",,CREDENTIAL_MISMATCH,flagged,Qualification lacks required specialist credentials
9e911859-7d58-4a4c-844f-f713841238a6,Sheikh Hasanur Rahman,,legacy,legacy_db,0,True,"Ent, Head And Neck Surgery",,Ent; Head; Neck Surgery,"ent, head-neck-surgeon",,,approved,Fragments resolved exactly
9e9cf75f-f770-427f-b8bb-93119d119bd0,Helena Begum,,brochure,images/new2_converted/pdf_pages/Alliance hospital/page_04.pdf,0,True,Pediatrics,,Pediatrics,child-specialist,,,approved,Fragments resolved exactly
9e9cf75f-f770-427f-b8bb-93119d119bd0,Helena Begum,,brochure,images/new2_converted/pdf_pages/Alliance hospital/page_04.pdf,1,False,Hematology,,Hematology,hematologist,,,approved,Fragments resolved exactly
9e9cf75f-f770-427f-b8bb-93119d119bd0,Helena Begum,,brochure,images/new2_converted/pdf_pages/Alliance hospital/page_04.pdf,2,False,Newborn & Child Specialist,,Newborn; Child Specialist,"child-specialist, neonatologist",,,approved,Fragments resolved exactly
9f21f419-36f6-424e-a15c-26cda797273f,Asif Almas Haque,,brochure,images/new2_converted/IMG_5973.jpg,0,True,Colorectal Surgery,,Colorectal Surgery,colorectal-surgeon,,,approved,Fragments resolved exactly
9f21f419-36f6-424e-a15c-26cda797273f,Asif Almas Haque,,brochure,images/new2_converted/IMG_5973.jpg,1,False,Laparoscopic Surgery,,Laparoscopic Surgery,laparoscopic-surgeon,,,approved,Fragments resolved exactly
9f21f419-36f6-424e-a15c-26cda797273f,Asif Almas Haque,,brochure,images/new2_converted/IMG_5973.jpg,2,False,Laser Surgery,,Laser Surgery,laparoscopic-surgeon,,,approved,Fragments resolved exactly
9f21f419-36f6-424e-a15c-26cda797273f,Asif Almas Haque,,brochure,images/new2_converted/IMG_5973.jpg,3,False,General Surgery,,General Surgery,general-surgeon,,,approved,Fragments resolved exactly
9f53da13-5cdb-4434-a10b-e7e201df677d,SK. Sader Hossain,,brochure,images/new2_converted/pdf_pages/popular dhanmondi 2/page_08.pdf,0,True,Neurosurgery,,Neurosurgery,neurosurgeon,,,approved,Fragments resolved exactly
9f851688-a18c-4473-bcb8-50c8923e5858,Mahmuda Afrin,,legacy,legacy_db,0,True,Nutrition & Dietetics,,Nutrition; Dietetics,nutritionist-dietitian,medicine-specialist,"CREDENTIAL_MISMATCH, TAG_NOT_IN_TEXT",flagged,Qualification lacks required specialist credentials
9fa5fc78-b279-4a59-97ac-73dbd006bebb,Golam Farhad Bhuiyan,,brochure,images/new2_converted/pdf_pages/Japan bangladesh Friendship Hospital/page_05.pdf,0,True,Nephrology,,Nephrology,nephrologist,,,approved,Fragments resolved exactly
9fa5fc78-b279-4a59-97ac-73dbd006bebb,Golam Farhad Bhuiyan,,brochure,images/new2_converted/pdf_pages/Japan bangladesh Friendship Hospital/page_05.pdf,1,False,Kidney Diseases,,Kidney Diseases,nephrologist,,,approved,Fragments resolved exactly
9fa5fc78-b279-4a59-97ac-73dbd006bebb,Golam Farhad Bhuiyan,,brochure,images/new2_converted/pdf_pages/Japan bangladesh Friendship Hospital/page_05.pdf,2,False,Diabetes,,Diabetes,diabetologist,,,approved,Fragments resolved exactly
9fc0c252-8ce3-451d-913c-a4b59d45d561,Md. Sharif Bhuiyan,,brochure,images/new2_converted/pdf_pages/Japan bangladesh Friendship Hospital/page_05.pdf,0,True,Neurosurgery,,Neurosurgery,neurosurgeon,,,approved,Fragments resolved exactly
9fd5df7a-649d-4033-a3ff-054ce075778e,Md. Atiqur Rahman,,legacy,legacy_db,0,True,Rheumatology,,Rheumatology,rheumatologist,,,approved,Fragments resolved exactly
9ff238fd-432d-4826-9085-682e0f0e581e,A. F. M. Momtazul Haque,,legacy,legacy_db,0,True,Neurosurgery,,Neurosurgery,neurosurgeon,,CREDENTIAL_MISMATCH,flagged,Qualification lacks required specialist credentials
a05c6fab-fc91-44c2-a01b-7ec35530660b,Muhibbur Rahman Rafe,,brochure,images/new2_converted/Ibn Sina Cards/IMG_5994.jpg,0,True,Physical Medicine & Rehabilitation,,Physical Medicine; Rehabilitation,physical-medicine-specialist,,,approved,Fragments resolved exactly
a05c6fab-fc91-44c2-a01b-7ec35530660b,Muhibbur Rahman Rafe,,brochure,images/new2_converted/Ibn Sina Cards/IMG_5994.jpg,1,False,Rheumatology,,Rheumatology,rheumatologist,,,approved,Fragments resolved exactly
a05c6fab-fc91-44c2-a01b-7ec35530660b,Muhibbur Rahman Rafe,,brochure,images/new2_converted/Ibn Sina Cards/IMG_5994.jpg,2,False,Sports Medicine,,Sports Medicine,sports-medicine-specialist,,,approved,Fragments resolved exactly
a05c6fab-fc91-44c2-a01b-7ec35530660b,Muhibbur Rahman Rafe,,brochure,images/new2_converted/Ibn Sina Cards/IMG_5994.jpg,3,False,Neurology,,Neurology,neurologist,,,approved,Fragments resolved exactly
a0b5117d-4304-49ad-8e15-023399e430ac,Sayeba Akter,,legacy,legacy_db,0,True,Gynecology & Obstetrics,,Gynecology; Obstetrics,gynecologist-obstetrician,medicine-specialist,"CREDENTIAL_MISMATCH, TAG_NOT_IN_TEXT",flagged,Qualification lacks required specialist credentials
a0e5d2cf-a671-4e5a-951f-f8f2191f97a7,S. M. Imrul Anwar,,legacy,legacy_db,0,True,Nephrology,,Nephrology,nephrologist,,,approved,Fragments resolved exactly
a11b7543-fd1a-4af3-b7a7-cf7138fa8cdb,Md. Mukhlesur Rahman,,brochure,images/new2_converted/pdf_pages/popular dhanmondi 2/page_02.pdf,0,True,Cardiology,,Cardiology,cardiologist,,,approved,Fragments resolved exactly
a11b7543-fd1a-4af3-b7a7-cf7138fa8cdb,Md. Mukhlesur Rahman,,brochure,images/new2_converted/pdf_pages/popular dhanmondi 2/page_02.pdf,1,False,Interventional Cardiology,,Interventional Cardiology,interventional-cardiologist,,,approved,Fragments resolved exactly
a153747e-b449-4024-8c79-52fbd73d4a40,Md. Asif Ali,,legacy,legacy_db,0,True,Pediatrics,,Pediatrics,child-specialist,,CREDENTIAL_MISMATCH,flagged,Qualification lacks required specialist credentials
a1aa4889-37d5-4efc-9143-fddb28e24d40,Md. Wahiduzzaman Bhuiyan,,legacy,legacy_db,0,True,Radiology & Imaging,,Radiology; Imaging,radiologist,,,approved,Fragments resolved exactly
a267214e-17dd-454e-bea9-9b84803d6a54,Salma Rouf,,brochure,images/new2_converted/Ibn Sina Cards/IMG_5995.jpg,0,True,Obstetrics & Gynaecology,,Obstetrics; Gynaecology,gynecologist-obstetrician,medicine-specialist,TAG_NOT_IN_TEXT,approved,Fragments resolved exactly
a26c95b2-b89f-4e07-a7cf-b1c304c0278b,Dilip Kumar Ghosh,,legacy,legacy_db,0,True,"General Medicine, Gastroenterology, Hepatology",,General Medicine; Gastroenterology; Hepatology,"gastroenterologist, hepatologist, medicine-specialist",,,approved,Fragments resolved exactly
a273b08c-7e5c-4cb3-a8af-1c50385df926,AKM Anwarul Islam,,brochure,images/new2_converted/pdf_pages/popular dhanmondi 2/page_09.pdf,0,True,Urology,,Urology,urologist,,,approved,Fragments resolved exactly
a28cfc06-1cb2-4343-b0c0-9648e32a921f,Mohammad Ashrafuzzaman (Dinar),,brochure,images/new2_converted/pdf_pages/Alliance hospital/page_03.pdf,0,True,Medicine,,Medicine,medicine-specialist,,,approved,Fragments resolved exactly
a28cfc06-1cb2-4343-b0c0-9648e32a921f,Mohammad Ashrafuzzaman (Dinar),,brochure,images/new2_converted/pdf_pages/Alliance hospital/page_03.pdf,1,False,Critical Care Medicine,,Critical Care Medicine,critical-care-specialist,,,approved,Fragments resolved exactly
a2b4c190-f984-405a-b801-91a3f5050288,"S., M., Amjad Hossain",,legacy,legacy_db,0,True,General Surgery,,General Surgery,general-surgeon,,CREDENTIAL_MISMATCH,flagged,Qualification lacks required specialist credentials
a2f9e969-e9a3-4272-90c3-02cf88eceb65,Nazmul Hoque Munna,,brochure,images/new2_converted/pdf_pages/popular dhanmondi 2/page_06.pdf,0,True,Neurology,,Neurology,neurologist,,,approved,Fragments resolved exactly
a2f9e969-e9a3-4272-90c3-02cf88eceb65,Nazmul Hoque Munna,,brochure,images/new2_converted/pdf_pages/popular dhanmondi 2/page_06.pdf,1,False,Medicine,,Medicine,medicine-specialist,,,approved,Fragments resolved exactly
a348c839-e4e5-4cf4-a68d-d38787419c96,M. A. Hamid,,legacy,legacy_db,0,True,Psychiatry & Mental Health,,Psychiatry; Mental Health,"mental-health, psychiatrist",medicine-specialist,TAG_NOT_IN_TEXT,approved,Fragments resolved exactly
a3944286-1d13-4d69-b87e-94ae47ad5cba,Farzana Sorael,,legacy,legacy_db,0,True,Gynecology & Obstetrics,,Gynecology; Obstetrics,gynecologist-obstetrician,medicine-specialist,"CREDENTIAL_MISMATCH, TAG_NOT_IN_TEXT",flagged,Qualification lacks required specialist credentials
a3b8973b-c275-401d-926e-a6cb53349200,Rashed Jahangir Kabir,,brochure,images/new2_converted/pdf_pages/Japan bangladesh Friendship Hospital/page_06.pdf,0,True,Pediatrics,,Pediatrics,child-specialist,hematologist,TAG_NOT_IN_TEXT,approved,Fragments resolved exactly
a3b8973b-c275-401d-926e-a6cb53349200,Rashed Jahangir Kabir,,brochure,images/new2_converted/pdf_pages/Japan bangladesh Friendship Hospital/page_06.pdf,1,False,Pediatric Hematology & Oncology,,Pediatric Hematology; Oncology,"cancer-specialist, pediatric-oncologist",,CREDENTIAL_MISMATCH,flagged,Qualification lacks required specialist credentials
a3b92149-b42d-4184-9606-5f1611aabc67,Md. Abdullah Al Maruf,,legacy,legacy_db,0,True,Oncology,,Oncology,cancer-specialist,,CREDENTIAL_MISMATCH,flagged,Qualification lacks required specialist credentials
a3d4bdd4-83ee-4e17-8218-3e16b88bf195,Md. Atiqul Islam,৩৫৫২৫,legacy,legacy_db,0,True,"Hepatology, General Medicine, Gastroenterology",,Hepatology; General Medicine; Gastroenterology,"gastroenterologist, hepatologist, medicine-specialist",,,approved,Fragments resolved exactly
a3e73122-f612-4fdf-adc2-cbb5a5fbcee3,M A Mohit Kamal,,brochure,images/new2_converted/pdf_pages/popular dhanmondi 2/page_05.pdf,0,True,Psychiatry,,Psychiatry,psychiatrist,medicine-specialist,TAG_NOT_IN_TEXT,approved,Fragments resolved exactly
a488aae7-a56e-4e5e-8ca2-79cde5b462fa,Md. Asif Ali,,legacy,legacy_db,0,True,Pediatrics,,Pediatrics,child-specialist,,CREDENTIAL_MISMATCH,flagged,Qualification lacks required specialist credentials
a4c86fc9-c169-4e14-8978-f1485b03265c,Ayesha Begum,,legacy,legacy_db,0,True,"General Medicine, Diabetes & Endocrinology",,General Medicine; Diabetes; Endocrinology,"diabetologist, endocrinologist, medicine-specialist",,,approved,Fragments resolved exactly
a56fd995-fcc0-44e2-aeb7-d306d1739741,Saumitra Sarkar,,brochure,images/new2_converted/pdf_pages/popular dhanmondi 2/page_08.pdf,0,True,Neurosurgery,,Neurosurgery,neurosurgeon,,,approved,Fragments resolved exactly
a59b4e2b-318e-42f0-9092-69e62d19a85d,Mahfuzul Moyeen,,brochure,images/new2_converted/pdf_pages/radical hospitals/page_05.pdf,0,True,General Surgery,,General Surgery,general-surgeon,,,approved,Fragments resolved exactly
a59b4e2b-318e-42f0-9092-69e62d19a85d,Mahfuzul Moyeen,,brochure,images/new2_converted/pdf_pages/radical hospitals/page_05.pdf,1,False,Breast Surgery,,Breast Surgery,breast-surgeon,,,approved,Fragments resolved exactly
a59b4e2b-318e-42f0-9092-69e62d19a85d,Mahfuzul Moyeen,,brochure,images/new2_converted/pdf_pages/radical hospitals/page_05.pdf,2,False,Colorectal Surgery,,Colorectal Surgery,colorectal-surgeon,,,approved,Fragments resolved exactly
a5be2f72-b4fb-445b-b658-37c2d0c718f6,Mahbub Islam,৬২৮৬৬,brochure,images/new2_converted/pdf_pages/radical hospitals/page_02.pdf,0,True,Chest,,Chest,chest-specialist,,,approved,Fragments resolved exactly
a5be2f72-b4fb-445b-b658-37c2d0c718f6,Mahbub Islam,৬২৮৬৬,brochure,images/new2_converted/pdf_pages/radical hospitals/page_02.pdf,1,False,Medicine,,Medicine,medicine-specialist,,,approved,Fragments resolved exactly
a5be2f72-b4fb-445b-b658-37c2d0c718f6,Mahbub Islam,৬২৮৬৬,brochure,images/new2_converted/pdf_pages/radical hospitals/page_02.pdf,2,False,Asthma,,Asthma,chest-specialist,,,approved,Fragments resolved exactly
a5d3377c-318e-4c4d-a3ef-1dca8d5f4ebc,M. Karim (Reza),,brochure,images/new2_converted/pdf_pages/Alliance hospital/page_02.pdf,0,True,Orthopedic Surgery,,Orthopedic Surgery,orthopedic-surgeon,,DROPPED_KEYWORD,flagged,Claim text keyword missing from tag umbrellas
a5d3377c-318e-4c4d-a3ef-1dca8d5f4ebc,M. Karim (Reza),,brochure,images/new2_converted/pdf_pages/Alliance hospital/page_02.pdf,1,False,Spine Surgery,,Spine Surgery,spine-surgeon,,,approved,Fragments resolved exactly
a5e49553-84da-4b5a-b7aa-951d2edb3035,Jaynab Akter (Jhunu),,brochure,images/new2_converted/pdf_pages/popular dhanmondi 2/page_14.pdf,0,True,Radiology & Imaging,,Radiology; Imaging,radiologist,,,approved,Fragments resolved exactly
a60ef297-de14-4983-a850-1c93b1711a93,Farzana Hamid (Eti),,brochure,images/new2_converted/pdf_pages/popular dhanmondi 2/page_11.pdf,0,True,Obstetrics & Gynaecology,,Obstetrics; Gynaecology,gynecologist-obstetrician,medicine-specialist,TAG_NOT_IN_TEXT,approved,Fragments resolved exactly
a60ef297-de14-4983-a850-1c93b1711a93,Farzana Hamid (Eti),,brochure,images/new2_converted/pdf_pages/popular dhanmondi 2/page_11.pdf,1,False,Fetomaternal Medicine,,Fetomaternal Medicine,fetomaternal-medicine-specialist,,,approved,Fragments resolved exactly
a6321cb5-e277-4f71-83ec-186b10cbfd80,Mahfuzur Rahman,,legacy,legacy_db,0,True,Orthopedics,,Orthopedics,orthopedic-surgeon,,"CREDENTIAL_MISMATCH, DROPPED_KEYWORD",flagged,Qualification lacks required specialist credentials; Claim text keyword missing from tag umbrellas
a6563d44-bb82-41e8-b6c7-e719e354c8b4,Mahin Sarwar,,brochure,images/new2_converted/pdf_pages/Japan bangladesh Friendship Hospital/page_07.pdf,0,True,Dental & Maxillofacial Surgery,,Dental; Maxillofacial Surgery,"dentist, maxillofacial-surgeon",,,approved,Fragments resolved exactly
a6738974-c996-46d9-ae09-730f5203c485,Abida Sultana,,brochure,images/new2_converted/pdf_pages/popular dhanmondi 2/page_12.pdf,0,True,Dermatology & Venereology,,Dermatology; Venereology,"dermatologist, sexologist",,,approved,Fragments resolved exactly
a7528ea3-715b-4602-8489-2b25303fe1ea,Sardar A Baki,,brochure,images/new2_converted/pdf_pages/Japan bangladesh Friendship Hospital/page_05.pdf,0,True,Internal Medicine,,Internal Medicine,medicine-specialist,,,approved,Fragments resolved exactly
a7528ea3-715b-4602-8489-2b25303fe1ea,Sardar A Baki,,brochure,images/new2_converted/pdf_pages/Japan bangladesh Friendship Hospital/page_05.pdf,1,False,Family Medicine,,Family Medicine,family-physician-gp,,,approved,Fragments resolved exactly
a75b7907-6555-4035-acf4-3624425239ad,A.K.M. Asad-Ud-Doza,,brochure,images/new2_converted/pdf_pages/Alliance hospital/page_05.pdf,0,True,Physical Medicine,,Physical Medicine,physical-medicine-specialist,,,approved,Fragments resolved exactly
a75b7907-6555-4035-acf4-3624425239ad,A.K.M. Asad-Ud-Doza,,brochure,images/new2_converted/pdf_pages/Alliance hospital/page_05.pdf,1,False,Rheumatology,,Rheumatology,rheumatologist,,,approved,Fragments resolved exactly
a75b7907-6555-4035-acf4-3624425239ad,A.K.M. Asad-Ud-Doza,,brochure,images/new2_converted/pdf_pages/Alliance hospital/page_05.pdf,2,False,Rehabilitation Medicine,,Rehabilitation Medicine,physical-medicine-specialist,,,approved,Fragments resolved exactly
a77886f2-da3f-434b-8ada-ef20d2ea4f3f,Mohammad Fakhruddin Ahmed Khan,,legacy,legacy_db,0,True,"Allergy & Immunology, Dermatology & Venereology",,Allergy; Immunology; Dermatology; Venereology,"allergy-immunologist, dermatologist, sexologist",,,approved,Fragments resolved exactly
a7ac2a11-18ca-49b5-b027-c59997410251,Gul Jannat Riya,,brochure,images/new2_converted/pdf_pages/Japan bangladesh Friendship Hospital/page_05.pdf,0,True,Nephrology,,Nephrology,nephrologist,,,approved,Fragments resolved exactly
a7ac2a11-18ca-49b5-b027-c59997410251,Gul Jannat Riya,,brochure,images/new2_converted/pdf_pages/Japan bangladesh Friendship Hospital/page_05.pdf,1,False,Kidney Diseases,,Kidney Diseases,nephrologist,,,approved,Fragments resolved exactly
a7ac2a11-18ca-49b5-b027-c59997410251,Gul Jannat Riya,,brochure,images/new2_converted/pdf_pages/Japan bangladesh Friendship Hospital/page_05.pdf,2,False,Internal Medicine,,Internal Medicine,medicine-specialist,,,approved,Fragments resolved exactly
a7d11c39-259a-42ad-9a6b-95471fead440,Mohammad Abu Kawsar,,brochure,images/new2_converted/pdf_pages/Ibn Sina Dhanmondi/page_03.pdf,0,True,Cardiology,,Cardiology,cardiologist,,,approved,Fragments resolved exactly
a8c9e732-995e-4394-a2b9-b079c2cd4905,Tania Akter,,legacy,legacy_db,0,True,Pediatric Surgery,,Pediatric Surgery,pediatric-surgeon,,CREDENTIAL_MISMATCH,flagged,Qualification lacks required specialist credentials
a8ebe44d-89e7-4c76-b220-8b9ef8065616,Shapur Ikhteiar,,brochure,images/new2_converted/pdf_pages/popular dhanmondi 2/page_04.pdf,0,True,Rheumatology,,Rheumatology,rheumatologist,,,approved,Fragments resolved exactly
a8ebe44d-89e7-4c76-b220-8b9ef8065616,Shapur Ikhteiar,,brochure,images/new2_converted/pdf_pages/popular dhanmondi 2/page_04.pdf,1,False,Internal Medicine,,Internal Medicine,medicine-specialist,,,approved,Fragments resolved exactly
a900c5b9-c41d-4ccc-89d6-889aa378f5b4,Ajoy Kumar Sarker,,brochure,images/new2_converted/pdf_pages/popular dhanmondi 2/page_08.pdf,0,True,General Surgery,,General Surgery,general-surgeon,,,approved,Fragments resolved exactly
a996ccd8-66d3-47ec-a67c-c2396c9e2e73,Md. Moazzem Hossain,,brochure,images/new2_converted/pdf_pages/Japan bangladesh Friendship Hospital/page_05.pdf,0,True,Dermatology,,Dermatology,dermatologist,medicine-specialist,TAG_NOT_IN_TEXT,approved,Fragments resolved exactly
a996ccd8-66d3-47ec-a67c-c2396c9e2e73,Md. Moazzem Hossain,,brochure,images/new2_converted/pdf_pages/Japan bangladesh Friendship Hospital/page_05.pdf,1,False,Venereology,,Venereology,sexologist,,,approved,Fragments resolved exactly
a996ccd8-66d3-47ec-a67c-c2396c9e2e73,Md. Moazzem Hossain,,brochure,images/new2_converted/pdf_pages/Japan bangladesh Friendship Hospital/page_05.pdf,2,False,Sexual Health,,Sexual Health,sexologist,,,approved,Fragments resolved exactly
a9adf5db-042e-48a7-87e7-61f8a4ad214d,Nusrat Gaffar,,legacy,legacy_db,0,True,Radiology & Imaging,,Radiology; Imaging,radiologist,,,approved,Fragments resolved exactly
a9fc08f8-7ac4-49f2-b17d-6ba1876efc0c,Md. Shawkat Ali,,legacy,legacy_db,0,True,Cardiology,,Cardiology,cardiologist,,CREDENTIAL_MISMATCH,flagged,Qualification lacks required specialist credentials
aa8ca9c0-c062-4083-8230-1b8fcb841be5,Md. Abdulla Hil Kafi,,brochure,images/new2_converted/Medinova medical cards/IMG_6005.jpg,0,True,ENT,,ENT,ent,,,approved,Fragments resolved exactly
aa8ca9c0-c062-4083-8230-1b8fcb841be5,Md. Abdulla Hil Kafi,,brochure,images/new2_converted/Medinova medical cards/IMG_6005.jpg,1,False,Head Neck Surgery,,Head Neck Surgery,head-neck-surgeon,,CREDENTIAL_MISMATCH,flagged,Qualification lacks required specialist credentials
aaa77854-f310-4754-a700-b37162415380,Ehteshamul Haque Faruqui,,legacy,legacy_db,0,True,"Radiology & Imaging, General Medicine",,Radiology; Imaging; General Medicine,"medicine-specialist, radiologist",,,approved,Fragments resolved exactly
aad4dd3b-b413-4832-b6f5-ab0d6e1121d3,Md. Fakhrul Islam Khaled,,brochure,images/new2_converted/pdf_pages/popular dhanmondi 2/page_02.pdf,0,True,Cardiology,,Cardiology,cardiologist,,,approved,Fragments resolved exactly
aad4dd3b-b413-4832-b6f5-ab0d6e1121d3,Md. Fakhrul Islam Khaled,,brochure,images/new2_converted/pdf_pages/popular dhanmondi 2/page_02.pdf,1,False,Internal Medicine,,Internal Medicine,medicine-specialist,,,approved,Fragments resolved exactly
aaed94e8-ff63-4834-afdf-07f4ac232a52,Md. Nadimul Islam,,brochure,images/new2_converted/pdf_pages/Ibn Sina Dhanmondi/page_02.pdf,0,True,Medicine,,Medicine,medicine-specialist,,,approved,Fragments resolved exactly
aaed94e8-ff63-4834-afdf-07f4ac232a52,Md. Nadimul Islam,,brochure,images/new2_converted/pdf_pages/Ibn Sina Dhanmondi/page_02.pdf,1,False,Hematology,,Hematology,hematologist,,,approved,Fragments resolved exactly
aaed94e8-ff63-4834-afdf-07f4ac232a52,Md. Nadimul Islam,,brochure,images/new2_converted/pdf_pages/Ibn Sina Dhanmondi/page_02.pdf,2,False,Diabetology,,Diabetology,diabetologist,,,approved,Fragments resolved exactly
ab0fb674-dce0-4094-ad1c-51f47307f5be,Utpala Majumder,,legacy,legacy_db,0,True,Gynecology & Obstetrics,,Gynecology; Obstetrics,gynecologist-obstetrician,medicine-specialist,"CREDENTIAL_MISMATCH, TAG_NOT_IN_TEXT",flagged,Qualification lacks required specialist credentials
ab41d214-80e2-4502-abf4-74fd30e14115,Md. Shamsul Arefin,,legacy,legacy_db,0,True,"Neurosurgery, Neurology",,Neurosurgery; Neurology,"neurologist, neurosurgeon",,CREDENTIAL_MISMATCH,flagged,Qualification lacks required specialist credentials
ab4fa8de-5316-4561-bf1a-f91d4d125cd7,Md. Mustafizur Rahman,,legacy,legacy_db,0,True,"General Medicine, Gastroenterology, Hepatology",,General Medicine; Gastroenterology; Hepatology,"gastroenterologist, hepatologist, medicine-specialist",,,approved,Fragments resolved exactly
ab684817-f526-4328-b938-947249dfdd36,Munir Hossain,এ-১৬২১৯,legacy,legacy_db,0,True,Orthopedics,,Orthopedics,orthopedic-surgeon,,"CREDENTIAL_MISMATCH, DROPPED_KEYWORD",flagged,Qualification lacks required specialist credentials; Claim text keyword missing from tag umbrellas
ab914fe9-9805-464f-b5ea-cae34e911a2d,Muhammad Abdullahel Kafi,,brochure,images/new2_converted/pdf_pages/popular dhanmondi 2/page_06.pdf,0,True,Gastroenterology,,Gastroenterology,gastroenterologist,medicine-specialist,TAG_NOT_IN_TEXT,approved,Fragments resolved exactly
ab914fe9-9805-464f-b5ea-cae34e911a2d,Muhammad Abdullahel Kafi,,brochure,images/new2_converted/pdf_pages/popular dhanmondi 2/page_06.pdf,1,False,Liver Disease,,Liver Disease,hepatologist,,,approved,Fragments resolved exactly
abb762fa-c1f5-47f8-add9-b379c1b482df,Nabid Farhan,,legacy,legacy_db,0,True,Psychiatry & Mental Health,,Psychiatry; Mental Health,"mental-health, psychiatrist",medicine-specialist,TAG_NOT_IN_TEXT,approved,Fragments resolved exactly
ac172795-b72c-4d86-9e55-749303421c52,Maleka Ali,,legacy,legacy_db,0,True,Nephrology,,Nephrology,nephrologist,,,approved,Fragments resolved exactly
ac7aecd0-5626-446d-b260-21fb48a47071,Farzana Khan Soma,,legacy,legacy_db,0,True,Physical Medicine & Rehabilitation,,Physical Medicine; Rehabilitation,physical-medicine-specialist,,,approved,Fragments resolved exactly
ace3f66e-56cc-4298-ad5c-e9079cf6c344,Amitabh Banik,,legacy,legacy_db,0,True,Physical Medicine & Rehabilitation,,Physical Medicine; Rehabilitation,physical-medicine-specialist,,,approved,Fragments resolved exactly
acf2156f-6845-46b3-863e-ce06e9dcd40a,Khondker ShehNila Tasmin (Sumi),,brochure,images/new2_converted/pdf_pages/Alliance hospital/page_02.pdf,0,True,Obstetrics & Gynaecology,,Obstetrics; Gynaecology,gynecologist-obstetrician,medicine-specialist,TAG_NOT_IN_TEXT,approved,Fragments resolved exactly
acf2156f-6845-46b3-863e-ce06e9dcd40a,Khondker ShehNila Tasmin (Sumi),,brochure,images/new2_converted/pdf_pages/Alliance hospital/page_02.pdf,1,False,Feto-Maternal Medicine,,Feto-Maternal Medicine,fetomaternal-medicine-specialist,,,approved,Fragments resolved exactly
acf2156f-6845-46b3-863e-ce06e9dcd40a,Khondker ShehNila Tasmin (Sumi),,brochure,images/new2_converted/pdf_pages/Alliance hospital/page_02.pdf,2,False,High-Risk Pregnancy,,High-Risk Pregnancy,fetomaternal-medicine-specialist,,,approved,Fragments resolved exactly
ad100882-d678-4e6c-adcb-de3f24b12da2,Md. Samsul Haque,,legacy,legacy_db,0,True,General Physician,,General Physician,family-physician-gp,,,approved,Fragments resolved exactly
ad1a00de-8fbf-49d1-918f-01c222f0ceeb,Md. Borhan Uddin,,brochure,images/new2_converted/pdf_pages/Japan bangladesh Friendship Hospital/page_02.pdf,0,True,General Physician,,General Physician,family-physician-gp,,,approved,Fragments resolved exactly
ad651645-9232-4e2d-907c-89ec99c305ed,Mu. Masud Alam,,brochure,images/new2_converted/pdf_pages/Alliance hospital/page_05.pdf,0,True,Physical Medicine,,Physical Medicine,physical-medicine-specialist,,,approved,Fragments resolved exactly
ad651645-9232-4e2d-907c-89ec99c305ed,Mu. Masud Alam,,brochure,images/new2_converted/pdf_pages/Alliance hospital/page_05.pdf,1,False,Rheumatology,,Rheumatology,rheumatologist,,,approved,Fragments resolved exactly
ad651645-9232-4e2d-907c-89ec99c305ed,Mu. Masud Alam,,brochure,images/new2_converted/pdf_pages/Alliance hospital/page_05.pdf,2,False,Neuro Rehabilitation,,Neuro Rehabilitation,physical-medicine-specialist,,,approved,Fragments resolved exactly
ad8b6d71-1455-4a41-933a-f6a31afe7c0d,Avijit Dey,,legacy,legacy_db,0,True,Neurosurgery,,Neurosurgery,neurosurgeon,,,approved,Fragments resolved exactly
ada92e30-739e-4f78-b6c6-30da6443e4cd,Md. Shahadat Hossain (Ripon),,legacy,legacy_db,0,True,Physical Medicine & Rehabilitation,,Physical Medicine; Rehabilitation,physical-medicine-specialist,,,approved,Fragments resolved exactly
ae418574-ecb8-451c-b03e-0bc93101dd80,Md. Sadequl Islam Shikder (Shyamal),,legacy,legacy_db,0,True,"General Medicine, Cardiology, Rheumatology",,General Medicine; Cardiology; Rheumatology,"cardiologist, medicine-specialist, rheumatologist",,CREDENTIAL_MISMATCH,flagged,Qualification lacks required specialist credentials
aec9af89-9c1a-4fdd-916a-bc4f78b967b3,Md. A.. B.. Siddiqui,,legacy,legacy_db,0,True,"General Medicine, Gastroenterology, Hepatology",,General Medicine; Gastroenterology; Hepatology,"gastroenterologist, hepatologist, medicine-specialist",,,approved,Fragments resolved exactly
aed54708-d17a-451b-9bbb-bc9b5a935f33,Md. Firoz Hossain,,legacy,legacy_db,0,True,"General Medicine, Diabetes & Endocrinology",,General Medicine; Diabetes; Endocrinology,"diabetologist, endocrinologist, medicine-specialist",,,approved,Fragments resolved exactly
af3c653c-2d5b-46d1-a627-a2ec07d1ab14,Dipanwita Saha,,brochure,images/new2_converted/pdf_pages/Alliance hospital/page_03.pdf,0,True,Medicine,,Medicine,medicine-specialist,,,approved,Fragments resolved exactly
af66d940-c5b4-4bd2-9cdd-b9a03be82a5a,S. M. Baki Billah,,brochure,images/new2_converted/pdf_pages/Japan bangladesh Friendship Hospital/page_06.pdf,0,True,Pediatrics,,Pediatrics,child-specialist,,,approved,Fragments resolved exactly
af66d940-c5b4-4bd2-9cdd-b9a03be82a5a,S. M. Baki Billah,,brochure,images/new2_converted/pdf_pages/Japan bangladesh Friendship Hospital/page_06.pdf,1,False,Neonatology,,Neonatology,neonatologist,,,approved,Fragments resolved exactly
af864ba1-2e61-44a9-988a-7de3ba745a45,Laila Anjuman Banu (Meghla),,legacy,legacy_db,0,True,Gynecology & Obstetrics,,Gynecology; Obstetrics,gynecologist-obstetrician,medicine-specialist,"CREDENTIAL_MISMATCH, TAG_NOT_IN_TEXT",flagged,Qualification lacks required specialist credentials
af94548f-bb0a-4265-a12c-fca9b8274ef9,Tahmina Akter,,legacy,legacy_db,0,True,General Physician,,General Physician,family-physician-gp,,,approved,Fragments resolved exactly
af9ba10f-7987-40db-8cde-f45bf7cf298b,Nasima Akhter,,brochure,images/new2_converted/Ibn Sina Cards/IMG_5993.jpg,0,True,Paediatrics,,Paediatrics,child-specialist,,,approved,Fragments resolved exactly
af9ba10f-7987-40db-8cde-f45bf7cf298b,Nasima Akhter,,brochure,images/new2_converted/Ibn Sina Cards/IMG_5993.jpg,1,False,Child Specialist,,Child Specialist,child-specialist,,,approved,Fragments resolved exactly
b063311c-d63c-4594-97bd-687eac210dc4,A M M Shariful Alam,,brochure,images/new2_converted/pdf_pages/Ibn Sina Dhanmondi/page_08.pdf,0,True,Oncology,,Oncology,cancer-specialist,,CREDENTIAL_MISMATCH,flagged,Qualification lacks required specialist credentials
b063311c-d63c-4594-97bd-687eac210dc4,A M M Shariful Alam,,brochure,images/new2_converted/pdf_pages/Ibn Sina Dhanmondi/page_08.pdf,1,False,Clinical Oncology,,Clinical Oncology,cancer-specialist,,CREDENTIAL_MISMATCH,flagged,Qualification lacks required specialist credentials
b063311c-d63c-4594-97bd-687eac210dc4,A M M Shariful Alam,,brochure,images/new2_converted/pdf_pages/Ibn Sina Dhanmondi/page_08.pdf,2,False,Cancer,,Cancer,cancer-specialist,,CREDENTIAL_MISMATCH,flagged,Qualification lacks required specialist credentials
b07c6e8f-97c9-4e9c-a6a2-885eca03a525,M. Delwar Hossain,,legacy,legacy_db,0,True,"General Medicine, Respiratory Medicine",,General Medicine; Respiratory Medicine,"chest-specialist, medicine-specialist",,,approved,Fragments resolved exactly
b0f54134-0daa-42d2-b3eb-ef7d1451e1a6,Hasan Saidi Khan,,brochure,images/new2_converted/Medinova medical cards/IMG_6007.jpg,0,True,ENT,,ENT,ent,,,approved,Fragments resolved exactly
b0f54134-0daa-42d2-b3eb-ef7d1451e1a6,Hasan Saidi Khan,,brochure,images/new2_converted/Medinova medical cards/IMG_6007.jpg,1,False,Otolaryngology,,Otolaryngology,ent-specialist,,,approved,Fragments resolved exactly
b14001be-52cd-4694-855c-1fdee9fa6848,Afzal Momin,,brochure,images/new2_converted/Ibn Sina Cards/IMG_5991.jpg,0,True,Neurology,,Neurology,neurologist,,,approved,Fragments resolved exactly
b1479a1c-58bb-468d-94da-c113c0a7b4e3,M. A. Baki,,brochure,images/new2_converted/pdf_pages/Japan bangladesh Friendship Hospital/page_03.pdf,0,True,Cardiology,,Cardiology,cardiologist,,CREDENTIAL_MISMATCH,flagged,Qualification lacks required specialist credentials
b1479a1c-58bb-468d-94da-c113c0a7b4e3,M. A. Baki,,brochure,images/new2_converted/pdf_pages/Japan bangladesh Friendship Hospital/page_03.pdf,1,False,Interventional Cardiology,,Interventional Cardiology,interventional-cardiologist,,CREDENTIAL_MISMATCH,flagged,Qualification lacks required specialist credentials
b166c6a2-7cd2-4c5f-a1c6-5cd50ae9693c,Sultana Jebunnahar (Trishna),,brochure,images/new2_converted/Medinova medical cards/IMG_6013.jpg,0,True,Obstetrics & Gynaecology,,Obstetrics; Gynaecology,gynecologist-obstetrician,medicine-specialist,TAG_NOT_IN_TEXT,approved,Fragments resolved exactly
b166c6a2-7cd2-4c5f-a1c6-5cd50ae9693c,Sultana Jebunnahar (Trishna),,brochure,images/new2_converted/Medinova medical cards/IMG_6013.jpg,1,False,Laparoscopic Surgery,,Laparoscopic Surgery,laparoscopic-surgeon,,CREDENTIAL_MISMATCH,flagged,Qualification lacks required specialist credentials
b1748f10-150d-49cb-b140-bd60cb40c07d,Harisul Hoque,,legacy,legacy_db,0,True,Cardiology,,Cardiology,cardiologist,,,approved,Fragments resolved exactly
b18b2705-695c-49cc-9233-19b06968d324,Sheikh Hasanur Rahman,,legacy,legacy_db,0,True,ENT (Otolaryngology),,ENT (Otolaryngology,,ent-specialist,"TAG_NOT_IN_TEXT, UNMAPPED_FRAGMENT",flagged,Unmapped fragments: ENT (Otolaryngology
b198b505-23e2-447a-88f1-cf24e3781d03,Hasiba Muntaha (Priyam),,legacy,legacy_db,0,True,Gynecology & Obstetrics,,Gynecology; Obstetrics,gynecologist-obstetrician,medicine-specialist,"CREDENTIAL_MISMATCH, TAG_NOT_IN_TEXT",flagged,Qualification lacks required specialist credentials
b1a63182-fde9-455d-9fde-a79ee909be6e,Sheikh Mohammad Nur-E-Alam (Diu),,legacy,legacy_db,0,True,Hepatology,,Hepatology,hepatologist,,,approved,Fragments resolved exactly
b1d9078c-3586-466f-bf97-37f12ec7181f,Shamsunnahar Lakhi,,legacy,legacy_db,0,True,"Gynecology & Obstetrics, Infertility & Reproductive Medicine",,Gynecology; Obstetrics; Infertility; Reproductive Medicine,"gynecologist-obstetrician, infertility-specialist",medicine-specialist,"CREDENTIAL_MISMATCH, TAG_NOT_IN_TEXT",flagged,Qualification lacks required specialist credentials
b20132b3-7ea5-4ca3-b9d2-b4b43be737c6,M. Tohidul Haque,,brochure,images/new2_converted/Ibn Sina Cards/IMG_6002.jpg,0,True,Cardiology,,Cardiology,cardiologist,,,approved,Fragments resolved exactly
b20132b3-7ea5-4ca3-b9d2-b4b43be737c6,M. Tohidul Haque,,brochure,images/new2_converted/Ibn Sina Cards/IMG_6002.jpg,1,False,Interventional Cardiology,,Interventional Cardiology,interventional-cardiologist,,,approved,Fragments resolved exactly
b20b8364-f6cb-4a97-86d4-dcccec84ab95,M A Shakur,,brochure,images/new2_converted/Ibn Sina Cards/IMG_5995.jpg,0,True,Physical Medicine & Rehabilitation,,Physical Medicine; Rehabilitation,physical-medicine-specialist,,,approved,Fragments resolved exactly
b2a14eb7-f59a-4dbe-85f1-c044eb90bda2,Sheikh Mohammad Noor-E-Alam (Dew),,brochure,images/new2_converted/pdf_pages/popular dhanmondi 2/page_07.pdf,0,True,Hepatology,,Hepatology,hepatologist,,,approved,Fragments resolved exactly
b2a14eb7-f59a-4dbe-85f1-c044eb90bda2,Sheikh Mohammad Noor-E-Alam (Dew),,brochure,images/new2_converted/pdf_pages/popular dhanmondi 2/page_07.pdf,1,False,Liver,,Liver,hepatologist,,,approved,Fragments resolved exactly
b38d6ea9-b68c-5042-9bcd-2fafef1d7385,Salma Begum,,legacy,legacy_db,0,True,General Physician,,General Physician,family-physician-gp,,,approved,Fragments resolved exactly
b3ccc30e-c4f3-4e63-b7de-cd34f44fc56d,Kartik Chandra Ghosh,A-24276,brochure,images/new2_converted/pdf_pages/Japan bangladesh Friendship Hospital/page_05.pdf,0,True,Urology,,Urology,urologist,,,approved,Fragments resolved exactly
b3ccc30e-c4f3-4e63-b7de-cd34f44fc56d,Kartik Chandra Ghosh,A-24276,brochure,images/new2_converted/pdf_pages/Japan bangladesh Friendship Hospital/page_05.pdf,1,False,Kidney Transplant,,Kidney Transplant,nephrologist,,,approved,Fragments resolved exactly
b3ccf781-6505-48f6-8557-d8204b0b2d67,Md. Isma Azam (Zico),,brochure,images/new2_converted/pdf_pages/popular dhanmondi 2/page_08.pdf,0,True,Neurosurgery,,Neurosurgery,neurosurgeon,,,approved,Fragments resolved exactly
b3ccf781-6505-48f6-8557-d8204b0b2d67,Md. Isma Azam (Zico),,brochure,images/new2_converted/pdf_pages/popular dhanmondi 2/page_08.pdf,1,False,Spine Surgery,,Spine Surgery,spine-surgeon,,,approved,Fragments resolved exactly
b40844c3-128f-41e1-93d3-35d010ed5c83,Muhammad Salahuddin Ulwi,,legacy,legacy_db,0,True,"General Medicine, Cardiology",,General Medicine; Cardiology,"cardiologist, medicine-specialist",,CREDENTIAL_MISMATCH,flagged,Qualification lacks required specialist credentials
b4b68329-ecd1-4367-aaa3-396ac1378346,Md. Mahmudul Hasan,,legacy,legacy_db,0,True,Neurosurgery,,Neurosurgery,neurosurgeon,,CREDENTIAL_MISMATCH,flagged,Qualification lacks required specialist credentials
b4c39810-db53-43c7-a490-4498a7689e71,Md. Borhan Uddin Khan,,legacy,legacy_db,0,True,General Surgery,,General Surgery,general-surgeon,,CREDENTIAL_MISMATCH,flagged,Qualification lacks required specialist credentials
b4e478c6-8d44-477c-8b21-e06c7fcb4022,Md. Abdul Hye,,brochure,images/new2_converted/Ibn Sina Cards/IMG_5992.jpg,0,True,Neurology,,Neurology,neurologist,,,approved,Fragments resolved exactly
b4e478c6-8d44-477c-8b21-e06c7fcb4022,Md. Abdul Hye,,brochure,images/new2_converted/Ibn Sina Cards/IMG_5992.jpg,1,False,Medicine,,Medicine,medicine-specialist,,,approved,Fragments resolved exactly
b4e478c6-8d44-477c-8b21-e06c7fcb4022,Md. Abdul Hye,,brochure,images/new2_converted/Ibn Sina Cards/IMG_5992.jpg,2,False,Interventional Neurology,,Interventional Neurology,interventional-neurologist,,,approved,Fragments resolved exactly
b553298f-e957-4b88-8a44-497d39e56929,Md. Mazharul Islam,,legacy,legacy_db,0,True,"Neurology, General Medicine",,Neurology; General Medicine,"medicine-specialist, neurologist",,,approved,Fragments resolved exactly
b60aa8d9-596f-4229-8b17-b067c6f64c72,A.F. Mohiuddin Khan,,brochure,images/new2_converted/pdf_pages/Japan bangladesh Friendship Hospital/page_02.pdf,0,True,ENT,,ENT,ent,,,approved,Fragments resolved exactly
b60aa8d9-596f-4229-8b17-b067c6f64c72,A.F. Mohiuddin Khan,,brochure,images/new2_converted/pdf_pages/Japan bangladesh Friendship Hospital/page_02.pdf,1,False,Otorhinolaryngology,,Otorhinolaryngology,ent-specialist,,,approved,Fragments resolved exactly
b60aa8d9-596f-4229-8b17-b067c6f64c72,A.F. Mohiuddin Khan,,brochure,images/new2_converted/pdf_pages/Japan bangladesh Friendship Hospital/page_02.pdf,2,False,Head & Neck Surgery,,Head; Neck Surgery,head-neck-surgeon,,,approved,Fragments resolved exactly
b61a7bea-5af1-428b-b2ff-60f84f9e3293,Md. Mesbahul Karim,,legacy,legacy_db,0,True,"Respiratory Medicine, General Medicine, Diabetes & Endocrinology",,Respiratory Medicine; General Medicine; Diabetes; Endocrinology,"chest-specialist, diabetologist, endocrinologist, medicine-specialist",,,approved,Fragments resolved exactly
b61bc2c8-3afe-471d-97b5-7a100d6ae5bf,Sohely Akter,,brochure,images/new2_converted/pdf_pages/popular dhanmondi 2/page_11.pdf,0,True,Obstetrics & Gynaecology,,Obstetrics; Gynaecology,gynecologist-obstetrician,medicine-specialist,TAG_NOT_IN_TEXT,approved,Fragments resolved exactly
b63a1d86-8174-4721-9919-0c8e26086139,Md. Sakhawat Hossain,,legacy,legacy_db,0,True,"Allergy & Immunology, Dermatology & Venereology",,Allergy; Immunology; Dermatology; Venereology,"allergy-immunologist, dermatologist, sexologist",,,approved,Fragments resolved exactly
b6bdc561-c151-44be-8e70-fa46f894cbae,J..I..M..A.. Harun,,legacy,legacy_db,0,True,Pediatrics,,Pediatrics,child-specialist,,CREDENTIAL_MISMATCH,flagged,Qualification lacks required specialist credentials
b6d8dc0a-0869-4f45-9dab-5e4597a2d570,Ferdousi Islam (Lipi),,brochure,images/new2_converted/pdf_pages/popular dhanmondi 2/page_16.pdf,0,True,Obstetrics & Gynaecology,,Obstetrics; Gynaecology,gynecologist-obstetrician,medicine-specialist,TAG_NOT_IN_TEXT,approved,Fragments resolved exactly
b71bb1c3-3fff-47d3-9573-9a398eccd612,Kamrun Nahar,,brochure,images/new2_converted/pdf_pages/popular dhanmondi 2/page_14.pdf,0,True,Obstetrics & Gynaecology,,Obstetrics; Gynaecology,gynecologist-obstetrician,medicine-specialist,TAG_NOT_IN_TEXT,approved,Fragments resolved exactly
b762d393-9360-4a7f-9795-7924f8677b5b,Rashedul Kabir (Rasel),,legacy,legacy_db,0,True,"Pediatrics, Pediatric Cardiology",,Pediatrics; Pediatric Cardiology,"child-specialist, pediatric-cardiologist",,CREDENTIAL_MISMATCH,flagged,Qualification lacks required specialist credentials
b8250fe7-4f6b-4ed8-9bca-610607aeae4d,Bidhan Sarkar,,brochure,images/new2_converted/pdf_pages/radical hospitals/page_04.pdf,0,True,Plastic Surgery,,Plastic Surgery,plastic-surgeon,,,approved,Fragments resolved exactly
b83dee69-7d14-46fd-9d23-2d8545453a10,Sharmin Ahmed,,legacy,legacy_db,0,True,"Medicine, Cardiology",,Medicine; Cardiology,"cardiologist, medicine-specialist",,,approved,Fragments resolved exactly
b84ad3e7-c46d-4234-84a7-fd28321396f3,Md. Mashiur Arefin (Rubel),,legacy,legacy_db,0,True,"General Surgery, Urology",,General Surgery; Urology,"general-surgeon, urologist",,,approved,Fragments resolved exactly
b8595d7a-87ea-430d-b9fb-e92406a3948a,Nazmul Haque Munna,,legacy,legacy_db,0,True,"Neurology, General Medicine",,Neurology; General Medicine,"medicine-specialist, neurologist",,,approved,Fragments resolved exactly
b8718059-f807-4712-8030-ea232a39eba8,Md. Masudul Hasan Khan,,brochure,images/new2_converted/pdf_pages/Ibn Sina Dhanmondi/page_02.pdf,0,True,Medicine,,Medicine,medicine-specialist,,,approved,Fragments resolved exactly
b8718059-f807-4712-8030-ea232a39eba8,Md. Masudul Hasan Khan,,brochure,images/new2_converted/pdf_pages/Ibn Sina Dhanmondi/page_02.pdf,1,False,Diabetology,,Diabetology,diabetologist,,,approved,Fragments resolved exactly
b8976006-9790-426c-b685-50110302ab5e,Md. Safiqul Islam,,legacy,legacy_db,0,True,"General Medicine, Rheumatology",,General Medicine; Rheumatology,"medicine-specialist, rheumatologist",,,approved,Fragments resolved exactly
b8a85650-3f7f-4e15-838c-730fd69ebfb5,Masuda Begum Ranu,,brochure,images/new2_converted/Ibn Sina Cards/IMG_5994.jpg,0,True,Gynaecology & Obstetrics,,Gynaecology; Obstetrics,gynecologist-obstetrician,medicine-specialist,"CREDENTIAL_MISMATCH, TAG_NOT_IN_TEXT",flagged,Qualification lacks required specialist credentials
b8a85650-3f7f-4e15-838c-730fd69ebfb5,Masuda Begum Ranu,,brochure,images/new2_converted/Ibn Sina Cards/IMG_5994.jpg,1,False,Feto Maternal Medicine,,Feto Maternal Medicine,fetomaternal-medicine-specialist,,CREDENTIAL_MISMATCH,flagged,Qualification lacks required specialist credentials
b8bd9399-3c30-4025-8bef-66f9bdaad414,Mohammad Selim,,brochure,images/new2_converted/pdf_pages/popular dhanmondi 2/page_13.pdf,0,True,Critical Care Medicine,,Critical Care Medicine,critical-care-specialist,,,approved,Fragments resolved exactly
b8e7e340-d71e-4fc6-9abf-adc078a3bd4b,Swapan Pal,A-23618,legacy,legacy_db,0,True,"Arthroscopy, Arthroplasty, Orthopedics",,Arthroscopy; Arthroplasty; Orthopedics,orthopedic-surgeon,,DROPPED_KEYWORD,flagged,Claim text keyword missing from tag umbrellas
b8f8e68f-f5f7-4149-b8b2-972d7b64baa6,Sourav Nath Shuva,,legacy,legacy_db,0,True,Orthopedics,,Orthopedics,orthopedic-surgeon,,"CREDENTIAL_MISMATCH, DROPPED_KEYWORD",flagged,Qualification lacks required specialist credentials; Claim text keyword missing from tag umbrellas
b8fd83b4-3a5e-41cc-85be-fad97d08ced1,Moazzem Hossain Talukdar,A-25199,legacy,legacy_db,0,True,"Neurosurgery, Spine Surgery",,Neurosurgery; Spine Surgery,"neurosurgeon, spine-surgeon",,,approved,Fragments resolved exactly
b94b780b-f0d1-4314-a165-9cda18187c33,Farhana Sharmin Jhumur,,brochure,images/new2_converted/pdf_pages/radical hospitals/page_04.pdf,0,True,Dermatology,,Dermatology,dermatologist,,,approved,Fragments resolved exactly
b94b780b-f0d1-4314-a165-9cda18187c33,Farhana Sharmin Jhumur,,brochure,images/new2_converted/pdf_pages/radical hospitals/page_04.pdf,1,False,Clinical Dermatology,,Clinical Dermatology,dermatologist,,,approved,Fragments resolved exactly
b9bbb9dc-172b-48fc-8e31-3ccc763e72bb,"Rafiul Karim Khan, Rony",,legacy,legacy_db,0,True,"Colorectal Surgery, General Surgery",,Colorectal Surgery; General Surgery,"colorectal-surgeon, general-surgeon",,CREDENTIAL_MISMATCH,flagged,Qualification lacks required specialist credentials
b9cc5de9-4c07-43fb-92fb-a1f67e7bc4a7,Sohel Mirza,,brochure,images/new2_converted/Medinova medical cards/IMG_6005.jpg,0,True,Dermatology,,Dermatology,dermatologist,,,approved,Fragments resolved exactly
b9cc5de9-4c07-43fb-92fb-a1f67e7bc4a7,Sohel Mirza,,brochure,images/new2_converted/Medinova medical cards/IMG_6005.jpg,1,False,Venereology,,Venereology,sexologist,,,approved,Fragments resolved exactly
ba23f7c4-9e25-40f7-9236-123b15dc7041,Iftadul Islam,,brochure,images/new2_converted/pdf_pages/popular dhanmondi 2/page_14.pdf,0,True,Radiology & Imaging,,Radiology; Imaging,radiologist,,,approved,Fragments resolved exactly
ba9b0815-0d09-4f70-8083-fe5ad351649f,Khairun Nahar,,legacy,legacy_db,0,True,"Gynecology & Obstetrics, General Surgery",,Gynecology; Obstetrics; General Surgery,"general-surgeon, gynecologist-obstetrician",medicine-specialist,"CREDENTIAL_MISMATCH, TAG_NOT_IN_TEXT",flagged,Qualification lacks required specialist credentials
baeb2b30-0aa5-4f03-994f-8c75317d06d8,Faria Afsana,,brochure,images/new2_converted/pdf_pages/popular dhanmondi 2/page_07.pdf,0,True,Endocrinology,,Endocrinology,endocrinologist,,,approved,Fragments resolved exactly
bb5698f0-6f33-4db5-bc5e-f8de9a237568,M. Alamgir Chowdhury,,legacy,legacy_db,0,True,"Ent, Head And Neck Surgery",,Ent; Head; Neck Surgery,"ent, head-neck-surgeon",,,approved,Fragments resolved exactly
bb57b15b-6ba7-489d-86b1-47c21b702b14,Farzana Afroz (Rimu),,legacy,legacy_db,0,True,Gynecology & Obstetrics,,Gynecology; Obstetrics,gynecologist-obstetrician,medicine-specialist,"CREDENTIAL_MISMATCH, TAG_NOT_IN_TEXT",flagged,Qualification lacks required specialist credentials
bb5aa540-5522-4e67-86bd-aba2dcebd9cf,Rokonuzzaman,A-38936,brochure,images/new2_converted/pdf_pages/radical hospitals/page_05.pdf,0,True,General Surgery,,General Surgery,general-surgeon,,CREDENTIAL_MISMATCH,flagged,Qualification lacks required specialist credentials
bb9893ef-88cc-42ea-b38f-5ea4fc92f0d7,Krisna Rani Majumder,,legacy,legacy_db,0,True,Surgical Oncology,,Surgical Oncology,cancer-surgeon,,,approved,Fragments resolved exactly
bbd733a0-a766-43a5-8066-5f43afc07f49,Mororshed Alam,,brochure,images/new2_converted/pdf_pages/radical hospitals/page_02.pdf,0,True,Nephrology,,Nephrology,nephrologist,,,approved,Fragments resolved exactly
bbd733a0-a766-43a5-8066-5f43afc07f49,Mororshed Alam,,brochure,images/new2_converted/pdf_pages/radical hospitals/page_02.pdf,1,False,Kidney,,Kidney,nephrologist,,,approved,Fragments resolved exactly
bbe65e41-4f97-4fd3-bef7-f5953aae46e1,A. K. M. Saif Uddin,,legacy,legacy_db,0,True,ENT (Otolaryngology),,ENT (Otolaryngology,,ent-specialist,"TAG_NOT_IN_TEXT, UNMAPPED_FRAGMENT",flagged,Unmapped fragments: ENT (Otolaryngology
bbef5852-35e3-4da9-a60c-6b23492fb600,Mohammad Murad Hossain,,brochure,images/new2_converted/pdf_pages/popular dhanmondi 2/page_14.pdf,0,True,Internal Medicine,,Internal Medicine,medicine-specialist,,,approved,Fragments resolved exactly
bbf58262-d684-41e2-8bce-b1b88a8827f3,Kazi Tarikul Islam,,legacy,legacy_db,0,True,General Medicine,,General Medicine,medicine-specialist,,,approved,Fragments resolved exactly
bc0e06f7-87b1-4b24-a7e2-ae6b256d4ee2,Syed Serajul Karim,,brochure,images/new2_converted/pdf_pages/popular dhanmondi 2/page_08.pdf,0,True,General Surgery,,General Surgery,general-surgeon,,,approved,Fragments resolved exactly
bc1b0030-7977-468a-aa08-b5e9c3900cba,A.. K.. M.. Asad-Ud-Doza,,legacy,legacy_db,0,True,Physical Medicine & Rehabilitation,,Physical Medicine; Rehabilitation,physical-medicine-specialist,,,approved,Fragments resolved exactly
bc2240dc-fbcd-4a2b-a7d6-fb266336191d,Mekhala Sarkar,,brochure,images/new2_converted/pdf_pages/popular dhanmondi 2/page_05.pdf,0,True,Psychiatry,,Psychiatry,psychiatrist,,,approved,Fragments resolved exactly
bc3bacf1-be83-4fb6-9f3a-b170557a8313,Syed Ghulam Mogni Mowla,,brochure,images/new2_converted/pdf_pages/popular dhanmondi 2/page_14.pdf,0,True,Medicine,,Medicine,medicine-specialist,,,approved,Fragments resolved exactly
bc3bacf1-be83-4fb6-9f3a-b170557a8313,Syed Ghulam Mogni Mowla,,brochure,images/new2_converted/pdf_pages/popular dhanmondi 2/page_14.pdf,1,False,Fever,,Fever,medicine-specialist,,,approved,Fragments resolved exactly
bc3bacf1-be83-4fb6-9f3a-b170557a8313,Syed Ghulam Mogni Mowla,,brochure,images/new2_converted/pdf_pages/popular dhanmondi 2/page_14.pdf,2,False,Elderly Care,,Elderly Care,medicine-specialist,,,approved,Fragments resolved exactly
bc3bacf1-be83-4fb6-9f3a-b170557a8313,Syed Ghulam Mogni Mowla,,brochure,images/new2_converted/pdf_pages/popular dhanmondi 2/page_14.pdf,3,False,Diabetes & Pain,,Diabetes; Pain,"diabetologist, pain-specialist",,,approved,Fragments resolved exactly
bc3d23a8-7c57-4f3a-a38a-61153cb2fa39,Anjirun Nahar Asma,,legacy,legacy_db,0,True,Dermatology & Venereology,,Dermatology; Venereology,"dermatologist, sexologist",,,approved,Fragments resolved exactly
bc8fa2bb-4c63-4a48-8438-80969190d8d8,Md. Apel Mahmud,93156,legacy,legacy_db,0,True,"General Medicine, Pediatrics",,General Medicine; Pediatrics,"child-specialist, medicine-specialist",,,approved,Fragments resolved exactly
bcd560df-d315-4a90-aa32-821db69a6160,Naima Ferdousi,,brochure,images/new2_converted/pdf_pages/Alliance hospital/page_02.pdf,0,True,Orthopedic Surgery,,Orthopedic Surgery,orthopedic-surgeon,,DROPPED_KEYWORD,flagged,Claim text keyword missing from tag umbrellas
bcf38f09-3c1c-4b4c-99f2-9608873234d1,A. K. M. Rafiqul Bari,,brochure,images/new2_converted/pdf_pages/popular dhanmondi 2/page_04.pdf,0,True,Medicine,,Medicine,medicine-specialist,,,approved,Fragments resolved exactly
bcf38f09-3c1c-4b4c-99f2-9608873234d1,A. K. M. Rafiqul Bari,,brochure,images/new2_converted/pdf_pages/popular dhanmondi 2/page_04.pdf,1,False,Asthma,,Asthma,chest-specialist,,,approved,Fragments resolved exactly
bcf38f09-3c1c-4b4c-99f2-9608873234d1,A. K. M. Rafiqul Bari,,brochure,images/new2_converted/pdf_pages/popular dhanmondi 2/page_04.pdf,2,False,Chest Diseases,,Chest Diseases,chest-specialist,,,approved,Fragments resolved exactly
bcf38f09-3c1c-4b4c-99f2-9608873234d1,A. K. M. Rafiqul Bari,,brochure,images/new2_converted/pdf_pages/popular dhanmondi 2/page_04.pdf,3,False,Allergy,,Allergy,allergy-immunologist,,,approved,Fragments resolved exactly
bd50aea4-0797-4057-a32b-d28956f57309,S.. F.. Farhana Azizi,,legacy,legacy_db,0,True,General Physician,,General Physician,family-physician-gp,,,approved,Fragments resolved exactly
bdcd8f2c-41d1-451a-84bc-c4c2f07fb746,Fatema Doza,,legacy,legacy_db,0,True,Radiology & Imaging,,Radiology; Imaging,radiologist,,,approved,Fragments resolved exactly
bdeaab1b-73c3-4bfd-bc13-bf5b409c5e52,Tushar Shikder,,legacy,legacy_db,0,True,"Allergy & Immunology, Dermatology & Venereology",,Allergy; Immunology; Dermatology; Venereology,"allergy-immunologist, dermatologist, sexologist",,,approved,Fragments resolved exactly
be47b045-b9c1-42fe-8939-0524f9f24703,Khondoker Shahid Hossain,,brochure,images/new2_converted/Ibn Sina Cards/IMG_5996.jpg,0,True,Cardiology,,Cardiology,cardiologist,,,approved,Fragments resolved exactly
be47b045-b9c1-42fe-8939-0524f9f24703,Khondoker Shahid Hossain,,brochure,images/new2_converted/Ibn Sina Cards/IMG_5996.jpg,1,False,Medicine,,Medicine,medicine-specialist,,,approved,Fragments resolved exactly
be47b045-b9c1-42fe-8939-0524f9f24703,Khondoker Shahid Hossain,,brochure,images/new2_converted/Ibn Sina Cards/IMG_5996.jpg,2,False,Interventional Cardiology,,Interventional Cardiology,interventional-cardiologist,,,approved,Fragments resolved exactly
be79c30a-4491-459c-b666-f9f7a49fd89d,Tareq Amin,A-39638,brochure,images/new2_converted/pdf_pages/radical hospitals/page_05.pdf,0,True,Orthopedics,,Orthopedics,orthopedic-surgeon,,DROPPED_KEYWORD,flagged,Claim text keyword missing from tag umbrellas
be830d54-1e24-4896-bc98-969c05a81788,Sk. Zinnat Ara Nasreen,,brochure,images/new2_converted/Medinova medical cards/IMG_6007.jpg,0,True,Obstetrics & Gynaecology,,Obstetrics; Gynaecology,gynecologist-obstetrician,medicine-specialist,TAG_NOT_IN_TEXT,approved,Fragments resolved exactly
beb7c105-d337-41fa-83dd-17f95bafefd6,Shiuly Chowdhury,,brochure,images/new2_converted/pdf_pages/popular dhanmondi 2/page_10.pdf,0,True,Obstetrics & Gynaecology,,Obstetrics; Gynaecology,gynecologist-obstetrician,medicine-specialist,TAG_NOT_IN_TEXT,approved,Fragments resolved exactly
bed44ad5-0f37-4f6a-9c0f-9c1fccd36432,Md. Mohsin Ali Shah,,legacy,legacy_db,0,True,Psychiatry & Mental Health,,Psychiatry; Mental Health,"mental-health, psychiatrist",medicine-specialist,TAG_NOT_IN_TEXT,approved,Fragments resolved exactly
bf240233-f819-40ec-ba59-6e16f1a349c4,Sharbari Dey,,legacy,legacy_db,0,True,"Gynecology & Obstetrics, Infertility & Reproductive Medicine, Diabetes & Endocrinology, Urology",,Gynecology; Obstetrics; Infertility; Reproductive Medicine; Diabetes; Endocrinology; Urology,"diabetologist, endocrinologist, gynecologist-obstetrician, infertility-specialist, urologist",medicine-specialist,"CREDENTIAL_MISMATCH, TAG_NOT_IN_TEXT",flagged,Qualification lacks required specialist credentials
bf2fc1e2-280d-4a50-8abb-46a72cba0d59,Sakhawat Alam,,legacy,legacy_db,0,True,"Pediatric Cardiology, Pediatrics",,Pediatric Cardiology; Pediatrics,"child-specialist, pediatric-cardiologist",,CREDENTIAL_MISMATCH,flagged,Qualification lacks required specialist credentials
bf514624-eec6-4279-8935-1540164255ef,Shapur Ikhteyar,,legacy,legacy_db,0,True,"General Medicine, Rheumatology",,General Medicine; Rheumatology,"medicine-specialist, rheumatologist",,,approved,Fragments resolved exactly
bf677431-41d5-43cc-a3e7-0b2db0591f63,Muhammad Shahid Ullah,,legacy,legacy_db,0,True,Dermatology & Venereology,,Dermatology; Venereology,"dermatologist, sexologist",,,approved,Fragments resolved exactly
bf6e73a3-8554-4fc8-946d-75b1bc53ab71,Md. Shamsuzzaman,,brochure,images/new2_converted/pdf_pages/Japan bangladesh Friendship Hospital/page_03.pdf,0,True,Pain Medicine,,Pain Medicine,pain-specialist,,,approved,Fragments resolved exactly
bf6e73a3-8554-4fc8-946d-75b1bc53ab71,Md. Shamsuzzaman,,brochure,images/new2_converted/pdf_pages/Japan bangladesh Friendship Hospital/page_03.pdf,1,False,Anaesthesiology,,Anaesthesiology,anesthesiologist,,,approved,Fragments resolved exactly
bf82655c-43d4-4f0d-b079-5cef583f6956,Ishtiaque Mosharraf,,legacy,legacy_db,0,True,"Nephrology, General Medicine",,Nephrology; General Medicine,"medicine-specialist, nephrologist",,,approved,Fragments resolved exactly
bfd61d2b-1b84-4160-909c-374a6e5c6877,Md. Mashiur Rahman Mozumder,,brochure,images/new2_converted/Ibn Sina Cards/IMG_6001.jpg,0,True,Neurosurgery,,Neurosurgery,neurosurgeon,,,approved,Fragments resolved exactly
bfd61d2b-1b84-4160-909c-374a6e5c6877,Md. Mashiur Rahman Mozumder,,brochure,images/new2_converted/Ibn Sina Cards/IMG_6001.jpg,1,False,Spine Surgery,,Spine Surgery,spine-surgeon,,,approved,Fragments resolved exactly
bfe6fd9b-d265-4526-b366-8af1b945d0af,M T Rahman,,legacy,legacy_db,0,True,"Gastroenterology, Hepatology",,Gastroenterology; Hepatology,"gastroenterologist, hepatologist",,,approved,Fragments resolved exactly
bff71c69-e679-46fe-95d6-22779effc1b7,Arnab Kumar Chowdhury,,brochure,images/new2_converted/pdf_pages/Alliance hospital/page_03.pdf,0,True,Cardiology,,Cardiology,cardiologist,,,approved,Fragments resolved exactly
bff71c69-e679-46fe-95d6-22779effc1b7,Arnab Kumar Chowdhury,,brochure,images/new2_converted/pdf_pages/Alliance hospital/page_03.pdf,1,False,Medicine,,Medicine,medicine-specialist,,,approved,Fragments resolved exactly
c02865bc-c2cd-4d9a-ba36-08ecc4359ef5,Sanjib Chowdhury,,legacy,legacy_db,0,True,"Interventional Cardiology, Cardiology",,Interventional Cardiology; Cardiology,"cardiologist, interventional-cardiologist",,,approved,Fragments resolved exactly
c03359d4-460f-4d4f-9b8b-0dc7724ce19a,Ayesha Siddika,,brochure,images/new2_converted/pdf_pages/Japan bangladesh Friendship Hospital/page_07.pdf,0,True,Clinical Nutrition & Dietetics,,Clinical Nutrition; Dietetics,nutritionist-dietitian,,,approved,Fragments resolved exactly
c035082b-c731-40a2-8408-924c1091e16c,Md. Mahbub Ali,,legacy,legacy_db,0,True,"Orthopedics, Spine Surgery",,Orthopedics; Spine Surgery,"orthopedic-surgeon, spine-surgeon",,"CREDENTIAL_MISMATCH, DROPPED_KEYWORD",flagged,Qualification lacks required specialist credentials; Claim text keyword missing from tag umbrellas
c052ce2b-8cba-4496-b53c-0d44b7da5255,Mir Mosarraf Hossain,,brochure,images/new2_converted/pdf_pages/popular dhanmondi 2/page_07.pdf,0,True,Endocrinology,,Endocrinology,endocrinologist,,,approved,Fragments resolved exactly
c052ce2b-8cba-4496-b53c-0d44b7da5255,Mir Mosarraf Hossain,,brochure,images/new2_converted/pdf_pages/popular dhanmondi 2/page_07.pdf,1,False,Diabetes,,Diabetes,diabetologist,,,approved,Fragments resolved exactly
c067135b-2ab0-54d1-8b67-58ce852add2b,A. B. M. Abdullah,,legacy,legacy_db,0,True,General Medicine,,General Medicine,medicine-specialist,,,approved,Fragments resolved exactly
c085bfd6-7ae7-4c8e-b649-5a38ddcbe3d7,Samina Chowdhury,,legacy,legacy_db,0,True,Gynecology & Obstetrics,,Gynecology; Obstetrics,gynecologist-obstetrician,medicine-specialist,"CREDENTIAL_MISMATCH, TAG_NOT_IN_TEXT",flagged,Qualification lacks required specialist credentials
c0be6f6d-30d5-4c2c-9569-c1e4bf395655,Nahreen Akhter,,brochure,images/new2_converted/pdf_pages/Ibn Sina Dhanmondi/page_03.pdf,0,True,Obstetrics,,Obstetrics,gynecologist-obstetrician,,,approved,Fragments resolved exactly
c0be6f6d-30d5-4c2c-9569-c1e4bf395655,Nahreen Akhter,,brochure,images/new2_converted/pdf_pages/Ibn Sina Dhanmondi/page_03.pdf,1,False,Gynaecology,,Gynaecology,gynecologist-obstetrician,,,approved,Fragments resolved exactly
c0be6f6d-30d5-4c2c-9569-c1e4bf395655,Nahreen Akhter,,brochure,images/new2_converted/pdf_pages/Ibn Sina Dhanmondi/page_03.pdf,2,False,Fetomaternal Medicine,,Fetomaternal Medicine,fetomaternal-medicine-specialist,,,approved,Fragments resolved exactly
c0d171bc-87fe-468c-b44e-a0e35fb33deb,Farhana Tasnim,,legacy,legacy_db,0,True,General Physician,,General Physician,family-physician-gp,,,approved,Fragments resolved exactly
c0db8887-432b-4dd9-b44a-8d83a64f72fd,Nazma Haque,,legacy,legacy_db,0,True,Gynecology & Obstetrics,,Gynecology; Obstetrics,gynecologist-obstetrician,medicine-specialist,"CREDENTIAL_MISMATCH, TAG_NOT_IN_TEXT",flagged,Qualification lacks required specialist credentials
c0eafdc2-a46d-4536-b306-63c5bde33da8,Mahbuba Ishrat,,brochure,images/new2_converted/pdf_pages/Ibn Sina Dhanmondi/page_04.pdf,0,True,General Surgery,,General Surgery,general-surgeon,,,approved,Fragments resolved exactly
c0eafdc2-a46d-4536-b306-63c5bde33da8,Mahbuba Ishrat,,brochure,images/new2_converted/pdf_pages/Ibn Sina Dhanmondi/page_04.pdf,1,False,Colorectal Surgery,,Colorectal Surgery,colorectal-surgeon,,,approved,Fragments resolved exactly
c0eafdc2-a46d-4536-b306-63c5bde33da8,Mahbuba Ishrat,,brochure,images/new2_converted/pdf_pages/Ibn Sina Dhanmondi/page_04.pdf,2,False,Breast Surgery,,Breast Surgery,breast-surgeon,,,approved,Fragments resolved exactly
c105e405-7568-4f77-a7c2-68a139289c34,S..M.. Eheteshamul Haque,,legacy,legacy_db,0,True,Spine Surgery,,Spine Surgery,spine-surgeon,,CREDENTIAL_MISMATCH,flagged,Qualification lacks required specialist credentials
c11c87d0-170b-4f30-b4c2-96123160fe91,Tosiba Binte Rahman Tora,,brochure,images/new2_converted/pdf_pages/Japan bangladesh Friendship Hospital/page_07.pdf,0,True,Clinical Nutrition & Dietetics,,Clinical Nutrition; Dietetics,nutritionist-dietitian,,,approved,Fragments resolved exactly
c1856b99-b168-42ec-9333-e7c11ffed890,Md. Moniruzzaman Khan,,legacy,legacy_db,0,True,Physical Medicine & Rehabilitation,,Physical Medicine; Rehabilitation,physical-medicine-specialist,,,approved,Fragments resolved exactly
c1e1be98-aae8-4099-9f9f-c3ccc6b268d3,Muhammad Zafar Iqbal Jamali,,brochure,images/new2_converted/pdf_pages/Japan bangladesh Friendship Hospital/page_03.pdf,0,True,Cardiology,,Cardiology,cardiologist,,,approved,Fragments resolved exactly
c1e1be98-aae8-4099-9f9f-c3ccc6b268d3,Muhammad Zafar Iqbal Jamali,,brochure,images/new2_converted/pdf_pages/Japan bangladesh Friendship Hospital/page_03.pdf,1,False,Interventional Cardiology,,Interventional Cardiology,interventional-cardiologist,,,approved,Fragments resolved exactly
c204f960-57bb-4c90-8d6e-93937480afd8,Mohammad Babul Mia,,brochure,images/new2_converted/pdf_pages/Japan bangladesh Friendship Hospital/page_04.pdf,0,True,Medicine,,Medicine,medicine-specialist,,,approved,Fragments resolved exactly
c204f960-57bb-4c90-8d6e-93937480afd8,Mohammad Babul Mia,,brochure,images/new2_converted/pdf_pages/Japan bangladesh Friendship Hospital/page_04.pdf,1,False,Cardiology,,Cardiology,cardiologist,,,approved,Fragments resolved exactly
c204f960-57bb-4c90-8d6e-93937480afd8,Mohammad Babul Mia,,brochure,images/new2_converted/pdf_pages/Japan bangladesh Friendship Hospital/page_04.pdf,2,False,Diabetology,,Diabetology,diabetologist,,,approved,Fragments resolved exactly
c2225278-fc81-4dc1-84cb-57b0558a077b,Afsar Ahmad,,legacy,legacy_db,0,True,Diabetes & Endocrinology,,Diabetes; Endocrinology,"diabetologist, endocrinologist",,,approved,Fragments resolved exactly
c283fbbf-fcb3-47ef-8470-8793f08f9487,Shaoli Sarker,,legacy,legacy_db,0,True,Pediatric Neurology,,Pediatric Neurology,pediatric-neurologist,,CREDENTIAL_MISMATCH,flagged,Qualification lacks required specialist credentials
c286beac-5509-4923-9d1b-c31e68d786e8,Laila Shahana Lipa,,brochure,images/new2_converted/Medinova medical cards/IMG_6013.jpg,0,True,Clinical Nutrition,,Clinical Nutrition,nutritionist-dietitian,,,approved,Fragments resolved exactly
c286beac-5509-4923-9d1b-c31e68d786e8,Laila Shahana Lipa,,brochure,images/new2_converted/Medinova medical cards/IMG_6013.jpg,1,False,Dietetics,,Dietetics,nutritionist-dietitian,,,approved,Fragments resolved exactly
c2f07e82-1a8f-58a2-add5-dce0455260bd,Laila Arjumand Banu,,legacy,legacy_db,0,True,Gynecology & Obstetrics,,Gynecology; Obstetrics,gynecologist-obstetrician,medicine-specialist,TAG_NOT_IN_TEXT,approved,Fragments resolved exactly
c344c015-d781-4ec0-b7c3-043ae23d6677,Abul Kalam Azad,,brochure,images/new2_converted/Medinova medical cards/IMG_6007.jpg,0,True,Orthopedic Surgery,,Orthopedic Surgery,orthopedic-surgeon,spine-surgeon,"DROPPED_KEYWORD, TAG_NOT_IN_TEXT",flagged,Claim text keyword missing from tag umbrellas
c36309a6-36c4-499d-a4fe-92652998b721,Sheikh Zahid Boksh,,brochure,images/new2_converted/pdf_pages/popular dhanmondi 2/page_15.pdf,0,True,Pediatric Surgery,,Pediatric Surgery,pediatric-surgeon,,,approved,Fragments resolved exactly
c3a11400-364b-41c5-8950-a4d0cfffd3eb,Uttam Kumar Saha,,legacy,legacy_db,0,True,"Neurology, Medicine",,Neurology; Medicine,"medicine-specialist, neurologist",,,approved,Fragments resolved exactly
c3b549c5-921d-4d15-902f-7d6efb7ea743,Mohammad Habibur Rahman,,brochure,images/new2_converted/pdf_pages/Alliance hospital/page_04.pdf,0,True,Urology,,Urology,urologist,,,approved,Fragments resolved exactly
c3b549c5-921d-4d15-902f-7d6efb7ea743,Mohammad Habibur Rahman,,brochure,images/new2_converted/pdf_pages/Alliance hospital/page_04.pdf,1,False,Laparoscopic Surgery,,Laparoscopic Surgery,laparoscopic-surgeon,,CREDENTIAL_MISMATCH,flagged,Qualification lacks required specialist credentials
c3b96f00-2e31-4dd8-8005-74aa9a0c9610,Ferdousi Begum,,brochure,images/new2_converted/pdf_pages/popular dhanmondi 2/page_10.pdf,0,True,Obstetrics & Gynaecology,,Obstetrics; Gynaecology,gynecologist-obstetrician,medicine-specialist,TAG_NOT_IN_TEXT,approved,Fragments resolved exactly
c418c6f9-795b-4afa-a99e-2dd036ca1955,Md. Tofiqur Rahman,,brochure,images/new2_converted/pdf_pages/Ibn Sina Dhanmondi/page_05.pdf,0,True,ENT,,ENT,ent,,,approved,Fragments resolved exactly
c418c6f9-795b-4afa-a99e-2dd036ca1955,Md. Tofiqur Rahman,,brochure,images/new2_converted/pdf_pages/Ibn Sina Dhanmondi/page_05.pdf,1,False,Head Neck Surgery,,Head Neck Surgery,head-neck-surgeon,,,approved,Fragments resolved exactly
c43ef86e-cc06-4430-8fe6-9365490cec03,Shaila Sagar,,brochure,images/new2_converted/pdf_pages/Alliance hospital/page_03.pdf,0,True,General Surgery,,General Surgery,general-surgeon,,,approved,Fragments resolved exactly
c43ef86e-cc06-4430-8fe6-9365490cec03,Shaila Sagar,,brochure,images/new2_converted/pdf_pages/Alliance hospital/page_03.pdf,1,False,Laparoscopic Surgery,,Laparoscopic Surgery,laparoscopic-surgeon,,,approved,Fragments resolved exactly
c43ef86e-cc06-4430-8fe6-9365490cec03,Shaila Sagar,,brochure,images/new2_converted/pdf_pages/Alliance hospital/page_03.pdf,2,False,Breast Surgery,,Breast Surgery,breast-surgeon,,,approved,Fragments resolved exactly
c43ef86e-cc06-4430-8fe6-9365490cec03,Shaila Sagar,,brochure,images/new2_converted/pdf_pages/Alliance hospital/page_03.pdf,3,False,Colorectal Surgery,,Colorectal Surgery,colorectal-surgeon,,,approved,Fragments resolved exactly
c43ef86e-cc06-4430-8fe6-9365490cec03,Shaila Sagar,,brochure,images/new2_converted/pdf_pages/Alliance hospital/page_03.pdf,4,False,Foot Care Surgery,,Foot Care Surgery,orthopedic-surgeon,,,approved,Fragments resolved exactly
c45b7a49-4f10-4c73-85e2-273484c8c7ca,Debashis Biswas,,brochure,images/new2_converted/pdf_pages/radical hospitals/page_05.pdf,0,True,General Surgery,,General Surgery,general-surgeon,,,approved,Fragments resolved exactly
c45b7a49-4f10-4c73-85e2-273484c8c7ca,Debashis Biswas,,brochure,images/new2_converted/pdf_pages/radical hospitals/page_05.pdf,1,False,Breast Surgery,,Breast Surgery,breast-surgeon,,,approved,Fragments resolved exactly
c45b7a49-4f10-4c73-85e2-273484c8c7ca,Debashis Biswas,,brochure,images/new2_converted/pdf_pages/radical hospitals/page_05.pdf,2,False,Colorectal Surgery,,Colorectal Surgery,colorectal-surgeon,,,approved,Fragments resolved exactly
c45b7a49-4f10-4c73-85e2-273484c8c7ca,Debashis Biswas,,brochure,images/new2_converted/pdf_pages/radical hospitals/page_05.pdf,3,False,Laparoscopic Surgery,,Laparoscopic Surgery,laparoscopic-surgeon,,,approved,Fragments resolved exactly
c4e67ff7-b6e9-4a46-bd67-1eb9207978f9,Arfatur Ahmad (Shuvo),,brochure,images/new2_converted/pdf_pages/Alliance hospital/page_03.pdf,0,True,Hepatobiliary Surgery,,Hepatobiliary Surgery,hepatobiliary-surgeon,,,approved,Fragments resolved exactly
c4e67ff7-b6e9-4a46-bd67-1eb9207978f9,Arfatur Ahmad (Shuvo),,brochure,images/new2_converted/pdf_pages/Alliance hospital/page_03.pdf,1,False,Pancreatic Surgery,,Pancreatic Surgery,hepatobiliary-surgeon,,,approved,Fragments resolved exactly
c4e67ff7-b6e9-4a46-bd67-1eb9207978f9,Arfatur Ahmad (Shuvo),,brochure,images/new2_converted/pdf_pages/Alliance hospital/page_03.pdf,2,False,Liver Transplant Surgery,,Liver Transplant Surgery,hepatobiliary-surgeon,,,approved,Fragments resolved exactly
c4e67ff7-b6e9-4a46-bd67-1eb9207978f9,Arfatur Ahmad (Shuvo),,brochure,images/new2_converted/pdf_pages/Alliance hospital/page_03.pdf,3,False,General Surgery,,General Surgery,general-surgeon,,,approved,Fragments resolved exactly
c50c8237-fb66-40c0-af62-d530a4a8fc9c,Syeda Shabnam Malik,,brochure,images/new2_converted/pdf_pages/Ibn Sina Dhanmondi/page_06.pdf,0,True,Neurology,,Neurology,neurologist,,,approved,Fragments resolved exactly
c57bea87-21aa-42d8-ae73-5708d3f418d8,Nusrat Sharmin,,brochure,images/new2_converted/pdf_pages/Ibn Sina Dhanmondi/page_07.pdf,0,True,Dental,,Dental,dentist,radiologist,TAG_NOT_IN_TEXT,approved,Fragments resolved exactly
c57bea87-21aa-42d8-ae73-5708d3f418d8,Nusrat Sharmin,,brochure,images/new2_converted/pdf_pages/Ibn Sina Dhanmondi/page_07.pdf,1,False,Cosmetic Dentistry,,Cosmetic Dentistry,dentist,,,approved,Fragments resolved exactly
c5c0ac7a-b57d-46e4-8465-4ebeeda30f9f,Arun Kumar Paul,,brochure,images/new2_converted/pdf_pages/Japan bangladesh Friendship Hospital/page_03.pdf,0,True,Colorectal Surgery,,Colorectal Surgery,colorectal-surgeon,,,approved,Fragments resolved exactly
c5c0ac7a-b57d-46e4-8465-4ebeeda30f9f,Arun Kumar Paul,,brochure,images/new2_converted/pdf_pages/Japan bangladesh Friendship Hospital/page_03.pdf,1,False,Laparoscopic Surgery,,Laparoscopic Surgery,laparoscopic-surgeon,,,approved,Fragments resolved exactly
c656fdf0-33b9-4471-b782-c975ae115921,A. M. Zahidur Rahman,,brochure,images/new2_converted/pdf_pages/radical hospitals/page_05.pdf,0,True,General Surgery,,General Surgery,general-surgeon,,,approved,Fragments resolved exactly
c656fdf0-33b9-4471-b782-c975ae115921,A. M. Zahidur Rahman,,brochure,images/new2_converted/pdf_pages/radical hospitals/page_05.pdf,1,False,Laparoscopic Surgery,,Laparoscopic Surgery,laparoscopic-surgeon,,,approved,Fragments resolved exactly
c6580033-3e35-4a3d-bfa6-dc4eb80f17f5,A. B. M. Shahidul Alam,,legacy,legacy_db,0,True,Pediatrics,,Pediatrics,child-specialist,,CREDENTIAL_MISMATCH,flagged,Qualification lacks required specialist credentials
c67d7618-386c-465a-a44d-f9181bdb4535,M. Amir Hossain,,legacy,legacy_db,0,True,Neurology,,Neurology,neurologist,,,approved,Fragments resolved exactly
c68eeb20-ecf7-43be-abd1-08b372db82cb,ASIT BARAN DAM,A-32453,legacy,legacy_db,0,True,"Bone And Joint, Arthritis, Physical Medicine, Orthopedics, Hand Surgery, Arthroplasty",,Bone; Joint; Arthritis; Physical Medicine; Orthopedics; Hand Surgery; Arthroplasty,"orthopedic-surgeon, physical-medicine-specialist, rheumatologist",,DROPPED_KEYWORD,flagged,Claim text keyword missing from tag umbrellas
c750d4c1-6d91-4192-b9dc-f721294772f3,Shiffin Rijvi,,legacy,legacy_db,0,True,"Gynecology, Obstetrics, Infertility, Laparoscopic Surgery",,Gynecology; Obstetrics; Infertility; Laparoscopic Surgery,"gynecologist-obstetrician, infertility-specialist, laparoscopic-surgeon",,CREDENTIAL_MISMATCH,flagged,Qualification lacks required specialist credentials
c789982c-fdaf-4c11-a613-a1c01cf1ab99,Md. Shakhawat Hossain,,brochure,images/new2_converted/pdf_pages/Japan bangladesh Friendship Hospital/page_06.pdf,0,True,Pediatric Surgery,,Pediatric Surgery,pediatric-surgeon,"allergy-immunologist, dermatologist",TAG_NOT_IN_TEXT,approved,Fragments resolved exactly
c789982c-fdaf-4c11-a613-a1c01cf1ab99,Md. Shakhawat Hossain,,brochure,images/new2_converted/pdf_pages/Japan bangladesh Friendship Hospital/page_06.pdf,1,False,Laparoscopic Surgery,,Laparoscopic Surgery,laparoscopic-surgeon,,,approved,Fragments resolved exactly
c78bf1d7-89b4-4f85-8a29-10475733fb55,Binoy Krishna Tarafder,,legacy,legacy_db,0,True,General Medicine,,General Medicine,medicine-specialist,,,approved,Fragments resolved exactly
c7b04956-6793-4dfb-96c6-dcaa355181e5,Shirin Jahan,,brochure,images/new2_converted/pdf_pages/popular dhanmondi 2/page_11.pdf,0,True,Obstetrics & Gynaecology,,Obstetrics; Gynaecology,gynecologist-obstetrician,medicine-specialist,TAG_NOT_IN_TEXT,approved,Fragments resolved exactly
c7b04956-6793-4dfb-96c6-dcaa355181e5,Shirin Jahan,,brochure,images/new2_converted/pdf_pages/popular dhanmondi 2/page_11.pdf,1,False,Infertility,,Infertility,infertility-specialist,,,approved,Fragments resolved exactly
c7c45fbf-edad-454e-a853-faa8e69e16be,Muhammad Nazmul Alam,,legacy,legacy_db,0,True,"Neurology, Medicine",,Neurology; Medicine,"medicine-specialist, neurologist",,,approved,Fragments resolved exactly
c839270e-b66e-4cba-ad7f-7f9ba4db1029,Amir Mohammad Khan,,legacy,legacy_db,0,True,General Physician,,General Physician,family-physician-gp,,,approved,Fragments resolved exactly
c8815ae1-a036-4eac-961d-27e16a610beb,Juliet Parveen,,legacy,legacy_db,0,True,"Gynecology & Obstetrics, Radiology & Imaging",,Gynecology; Obstetrics; Radiology; Imaging,"gynecologist-obstetrician, radiologist",medicine-specialist,"CREDENTIAL_MISMATCH, TAG_NOT_IN_TEXT",flagged,Qualification lacks required specialist credentials
c8d6b07d-36fd-454c-8be4-6f3085681a5a,P C Biswas,,legacy,legacy_db,0,True,"General Surgery, Urology",,General Surgery; Urology,"general-surgeon, urologist",,,approved,Fragments resolved exactly
c926fe8b-7404-4f6d-b459-b02bc6c16468,Sadia Armin Khan,,brochure,images/new2_converted/pdf_pages/popular dhanmondi 2/page_09.pdf,0,True,Breast Surgery,,Breast Surgery,breast-surgeon,"cancer-surgeon, general-surgeon",TAG_NOT_IN_TEXT,approved,Fragments resolved exactly
c926fe8b-7404-4f6d-b459-b02bc6c16468,Sadia Armin Khan,,brochure,images/new2_converted/pdf_pages/popular dhanmondi 2/page_09.pdf,1,False,Colorectal Surgery,,Colorectal Surgery,colorectal-surgeon,,,approved,Fragments resolved exactly
c926fe8b-7404-4f6d-b459-b02bc6c16468,Sadia Armin Khan,,brochure,images/new2_converted/pdf_pages/popular dhanmondi 2/page_09.pdf,2,False,Laparoscopic Surgery,,Laparoscopic Surgery,laparoscopic-surgeon,,,approved,Fragments resolved exactly
c9658a7a-6343-4ff7-9a8f-06b34ba85cac,Md. Abu Yousuf Fakir,,legacy,legacy_db,0,True,General Physician,,General Physician,family-physician-gp,,,approved,Fragments resolved exactly
c96e6918-02af-4073-bbea-869631d47bb1,Md. Rokonuzzaman Khan,,brochure,images/new2_converted/pdf_pages/Alliance hospital/page_04.pdf,0,True,Urology,,Urology,urologist,,,approved,Fragments resolved exactly
c96e6918-02af-4073-bbea-869631d47bb1,Md. Rokonuzzaman Khan,,brochure,images/new2_converted/pdf_pages/Alliance hospital/page_04.pdf,1,False,Laparoscopic Surgery,,Laparoscopic Surgery,laparoscopic-surgeon,,,approved,Fragments resolved exactly
c99f01d8-2e28-4402-9e48-9e491151e0ba,Shishir Sikta Sarker,,legacy,legacy_db,0,True,"General Medicine, Gastroenterology",,General Medicine; Gastroenterology,"gastroenterologist, medicine-specialist",,,approved,Fragments resolved exactly
c9a4d6f0-b9e6-4b7f-8b2d-d52978489507,A. K. M. Masud,,legacy,legacy_db,0,True,Orthopedics,,Orthopedics,orthopedic-surgeon,,DROPPED_KEYWORD,flagged,Claim text keyword missing from tag umbrellas
c9e6c20c-f470-4e53-99b1-ee671764b973,Md. Mazibar Rahman,,brochure,images/new2_converted/pdf_pages/popular dhanmondi 2/page_08.pdf,0,True,Urology,,Urology,urologist,,,approved,Fragments resolved exactly
c9e6c20c-f470-4e53-99b1-ee671764b973,Md. Mazibar Rahman,,brochure,images/new2_converted/pdf_pages/popular dhanmondi 2/page_08.pdf,1,False,General Surgery,,General Surgery,general-surgeon,,,approved,Fragments resolved exactly
c9e77a37-6b5c-48f7-89ef-dcf0e2bf98a8,Md. Aktaruzzaman,A-26838,legacy,legacy_db,0,True,"Medicine, Chest Diseases, Diabetes, Cardiology, Rheumatic Fever",,Medicine; Chest Diseases; Diabetes; Cardiology; Rheumatic Fever,"cardiologist, chest-specialist, diabetologist, medicine-specialist, rheumatologist",,,approved,Fragments resolved exactly
ca695b3e-18e0-4cb2-871c-f14342ccdab3,Md. Jahangir Alam Sarker,,legacy,legacy_db,0,True,"Medicine, Diabetes, Endocrinology",,Medicine; Diabetes; Endocrinology,"diabetologist, endocrinologist, medicine-specialist",,,approved,Fragments resolved exactly
ca909d07-9bc6-4fa0-91c4-ad7ac8681584,Md. Farid Uddin,,brochure,images/new2_converted/pdf_pages/popular dhanmondi 2/page_07.pdf,0,True,Endocrinology,,Endocrinology,endocrinologist,,,approved,Fragments resolved exactly
ca909d07-9bc6-4fa0-91c4-ad7ac8681584,Md. Farid Uddin,,brochure,images/new2_converted/pdf_pages/popular dhanmondi 2/page_07.pdf,1,False,"Medicine, Diabetes, Thyroid & Hormone",,Medicine; Diabetes; Thyroid; Hormone,"diabetologist, endocrinologist, medicine-specialist",,,approved,Fragments resolved exactly
cab10996-f787-4fcb-80f6-99029c82c801,Shamim Ahmed,,legacy,legacy_db,0,True,General Physician,,General Physician,family-physician-gp,,,approved,Fragments resolved exactly
cae69f9c-ace1-4b5a-94e3-0dbaf5d9fd3d,Md. Shihab Asraf Khan,,brochure,images/new2_converted/pdf_pages/Ibn Sina Dhanmondi/page_05.pdf,0,True,ENT,,ENT,ent,,,approved,Fragments resolved exactly
cae69f9c-ace1-4b5a-94e3-0dbaf5d9fd3d,Md. Shihab Asraf Khan,,brochure,images/new2_converted/pdf_pages/Ibn Sina Dhanmondi/page_05.pdf,1,False,Head Neck Surgery,,Head Neck Surgery,head-neck-surgeon,,,approved,Fragments resolved exactly
cb0f5235-50dd-4c7c-baae-129af17f58b5,Anjirun Nahar Asma,,legacy,legacy_db,0,True,General Physician,,General Physician,family-physician-gp,,,approved,Fragments resolved exactly
cb6f39bf-fe03-4864-8907-e86beecf9719,M. K. I. Kaiyum Chowdhury,,legacy,legacy_db,0,True,Orthopedics,,Orthopedics,orthopedic-surgeon,,"CREDENTIAL_MISMATCH, DROPPED_KEYWORD",flagged,Qualification lacks required specialist credentials; Claim text keyword missing from tag umbrellas
cba7cc30-c681-4571-85a3-d51443781ef6,Muntasir Faisal,,brochure,images/new2_converted/pdf_pages/popular dhanmondi 2/page_08.pdf,0,True,General Surgery,,General Surgery,general-surgeon,cancer-surgeon,TAG_NOT_IN_TEXT,approved,Fragments resolved exactly
cba7cc30-c681-4571-85a3-d51443781ef6,Muntasir Faisal,,brochure,images/new2_converted/pdf_pages/popular dhanmondi 2/page_08.pdf,1,False,Colorectal Surgery,,Colorectal Surgery,colorectal-surgeon,,,approved,Fragments resolved exactly
cbf64dff-e370-4646-bb8a-270c5506e9be,Umme Salma,,legacy,legacy_db,0,True,Radiology & Imaging,,Radiology; Imaging,radiologist,,,approved,Fragments resolved exactly
cc00cf7c-9abe-44e8-a511-19b59e88f680,Ehteshamul Hoq Farrukee,,brochure,images/new2_converted/pdf_pages/popular dhanmondi 2/page_13.pdf,0,True,Radiology,,Radiology,radiologist,,,approved,Fragments resolved exactly
cc00cf7c-9abe-44e8-a511-19b59e88f680,Ehteshamul Hoq Farrukee,,brochure,images/new2_converted/pdf_pages/popular dhanmondi 2/page_13.pdf,1,False,Imaging,,Imaging,radiologist,,,approved,Fragments resolved exactly
cc00cf7c-9abe-44e8-a511-19b59e88f680,Ehteshamul Hoq Farrukee,,brochure,images/new2_converted/pdf_pages/popular dhanmondi 2/page_13.pdf,2,False,Color Doppler,,Color Doppler,sonologist,,,approved,Fragments resolved exactly
cc5a5762-caee-46a7-95da-dbba49e96714,Urmi Rahman,,legacy,legacy_db,0,True,"Neonatology, Pediatrics",,Neonatology; Pediatrics,"child-specialist, neonatologist",,,approved,Fragments resolved exactly
cc76ead4-c4a0-4e0b-810f-84a451af098e,Meena Debi,,legacy,legacy_db,0,True,Gynecology & Obstetrics,,Gynecology; Obstetrics,gynecologist-obstetrician,medicine-specialist,"CREDENTIAL_MISMATCH, TAG_NOT_IN_TEXT",flagged,Qualification lacks required specialist credentials
ccb4c053-ae47-4423-ac03-0d9a728c15d2,Sudhangshu Kumar Saha,,legacy,legacy_db,0,True,"General Medicine, Diabetes & Endocrinology, Nephrology",,General Medicine; Diabetes; Endocrinology; Nephrology,"diabetologist, endocrinologist, medicine-specialist, nephrologist",,,approved,Fragments resolved exactly
cce56997-a60b-459f-92d6-0fcc7e785b1f,Ishtiaq Ahmed,,brochure,images/new2_converted/pdf_pages/Japan bangladesh Friendship Hospital/page_04.pdf,0,True,ENT,,ENT,ent,ent-specialist,TAG_NOT_IN_TEXT,approved,Fragments resolved exactly
cce56997-a60b-459f-92d6-0fcc7e785b1f,Ishtiaq Ahmed,,brochure,images/new2_converted/pdf_pages/Japan bangladesh Friendship Hospital/page_04.pdf,1,False,Head & Neck Surgery,,Head; Neck Surgery,head-neck-surgeon,,CREDENTIAL_MISMATCH,flagged,Qualification lacks required specialist credentials
ccecfa11-44c0-4f8b-973e-b3ade5eff58c,Shayla Imam Kanta,,brochure,images/new2_converted/pdf_pages/Alliance hospital/page_04.pdf,0,True,Pediatric Neurology,,Pediatric Neurology,pediatric-neurologist,child-health,TAG_NOT_IN_TEXT,approved,Fragments resolved exactly
ccecfa11-44c0-4f8b-973e-b3ade5eff58c,Shayla Imam Kanta,,brochure,images/new2_converted/pdf_pages/Alliance hospital/page_04.pdf,1,False,Child Development,,Child Development,child-specialist,,,approved,Fragments resolved exactly
ccedd1a2-b044-4dce-bd33-64f0d99ea057,Nilufar Yasmin,,legacy,legacy_db,0,True,"Gynecology & Obstetrics, General Surgery",,Gynecology; Obstetrics; General Surgery,"general-surgeon, gynecologist-obstetrician",medicine-specialist,"CREDENTIAL_MISMATCH, TAG_NOT_IN_TEXT",flagged,Qualification lacks required specialist credentials
cd36c802-826c-4fbd-a0ec-47f584b33020,Mst. Shahnaj Pervin,,brochure,images/new2_converted/pdf_pages/popular dhanmondi 2/page_15.pdf,0,True,Breast Surgery,,Breast Surgery,breast-surgeon,,CREDENTIAL_MISMATCH,flagged,Qualification lacks required specialist credentials
cd36c802-826c-4fbd-a0ec-47f584b33020,Mst. Shahnaj Pervin,,brochure,images/new2_converted/pdf_pages/popular dhanmondi 2/page_15.pdf,1,False,Colorectal Surgery,,Colorectal Surgery,colorectal-surgeon,,CREDENTIAL_MISMATCH,flagged,Qualification lacks required specialist credentials
cd36c802-826c-4fbd-a0ec-47f584b33020,Mst. Shahnaj Pervin,,brochure,images/new2_converted/pdf_pages/popular dhanmondi 2/page_15.pdf,2,False,Laparoscopy Surgery,,Laparoscopy Surgery,laparoscopic-surgeon,,CREDENTIAL_MISMATCH,flagged,Qualification lacks required specialist credentials
cd36c802-826c-4fbd-a0ec-47f584b33020,Mst. Shahnaj Pervin,,brochure,images/new2_converted/pdf_pages/popular dhanmondi 2/page_15.pdf,3,False,Oncology Surgery,,Oncology Surgery,cancer-surgeon,,CREDENTIAL_MISMATCH,flagged,Qualification lacks required specialist credentials
cd4dceb7-382b-45f2-9376-09a00a7bce8c,Md. Saidul Islam,,legacy,legacy_db,0,True,"Orthopedics, Rheumatology, Trauma Surgery, Trauma, Urology",,Orthopedics; Rheumatology; Trauma Surgery; Trauma; Urology,"orthopedic-surgeon, rheumatologist, urologist",,DROPPED_KEYWORD,flagged,Claim text keyword missing from tag umbrellas
cd56262a-bca2-42d9-a128-22ef0eebe655,Akhter Hossain,,legacy,legacy_db,0,True,"Orthopedics, Spine Surgery, Trauma, Arthroscopy",,Orthopedics; Spine Surgery; Trauma; Arthroscopy,"orthopedic-surgeon, spine-surgeon",,"CREDENTIAL_MISMATCH, DROPPED_KEYWORD",flagged,Qualification lacks required specialist credentials; Claim text keyword missing from tag umbrellas
cd5a632e-beba-470e-a200-bab727b4248d,Kazi Shamim Uzzaman,,legacy,legacy_db,0,True,Orthopedics,,Orthopedics,orthopedic-surgeon,,"CREDENTIAL_MISMATCH, DROPPED_KEYWORD",flagged,Qualification lacks required specialist credentials; Claim text keyword missing from tag umbrellas
cd735c64-50fe-454e-aaf9-1f8a45331fae,SM Nazmul Islam,,brochure,images/new2_converted/pdf_pages/Alliance hospital/page_04.pdf,0,True,Pediatric Surgery,,Pediatric Surgery,pediatric-surgeon,,,approved,Fragments resolved exactly
cdabe713-1e81-4a78-9326-5650f2f2fa66,Syed Wahidur Rahman,,brochure,images/new2_converted/pdf_pages/popular dhanmondi 2/page_05.pdf,0,True,Neurology,,Neurology,neurologist,,,approved,Fragments resolved exactly
cdabe713-1e81-4a78-9326-5650f2f2fa66,Syed Wahidur Rahman,,brochure,images/new2_converted/pdf_pages/popular dhanmondi 2/page_05.pdf,1,False,Neuromedicine,,Neuromedicine,neurologist,,,approved,Fragments resolved exactly
cdce7aaa-5d1b-4475-bbff-b9f1ed0415c4,Tushar Sikdar,,legacy,legacy_db,0,True,"Dermatology, Venereology, Allergy, Sexual Health",,Dermatology; Venereology; Allergy; Sexual Health,"allergy-immunologist, dermatologist, sexologist",,,approved,Fragments resolved exactly
cdd27cfd-a2b6-4e6c-96fc-8c62012e667b,Mohammad Abdullah,,brochure,images/new2_converted/pdf_pages/popular dhanmondi 2/page_12.pdf,0,True,ENT & Head & Neck Surgery,,ENT; Head; Neck Surgery,"ent, head-neck-surgeon",,,approved,Fragments resolved exactly
cde29c9a-d0d6-453b-8cd6-ea172ca4e435,S.A. Junaid,,legacy,legacy_db,0,True,"General Surgery, Orthopedics, Spine Surgery",,General Surgery; Orthopedics; Spine Surgery,"general-surgeon, orthopedic-surgeon, spine-surgeon",,DROPPED_KEYWORD,flagged,Claim text keyword missing from tag umbrellas
ce1252b8-4f00-449b-9fad-7f9648593eb2,Md. Taimur Rahman,,legacy,legacy_db,0,True,"Orthopedics, Spine Surgery",,Orthopedics; Spine Surgery,"orthopedic-surgeon, spine-surgeon",,"CREDENTIAL_MISMATCH, DROPPED_KEYWORD",flagged,Qualification lacks required specialist credentials; Claim text keyword missing from tag umbrellas
ce239d50-87a1-4f4e-a72c-e552dee5bf4f,Muntasir Farhad,,legacy,legacy_db,0,True,General Surgery,,General Surgery,general-surgeon,,CREDENTIAL_MISMATCH,flagged,Qualification lacks required specialist credentials
ce319be3-9801-4965-be0f-be9338e26ac4,Md. Ziaul Hasan,,legacy,legacy_db,0,True,"Spine Surgery, Orthopedics",,Spine Surgery; Orthopedics,"orthopedic-surgeon, spine-surgeon",,"CREDENTIAL_MISMATCH, DROPPED_KEYWORD",flagged,Qualification lacks required specialist credentials; Claim text keyword missing from tag umbrellas
ce80ecd8-e330-4434-bc27-4d0183f53b7d,Sumanta Kumar Saha,,legacy,legacy_db,0,True,"General Medicine, Cardiology",,General Medicine; Cardiology,"cardiologist, medicine-specialist",,,approved,Fragments resolved exactly
ce88dcc1-2285-4fd1-b27b-088fa3a9de62,Abdul Jabbar Jiban,A-28491,legacy,legacy_db,0,True,"Pediatric Cardiology, Pediatrics",,Pediatric Cardiology; Pediatrics,"child-specialist, pediatric-cardiologist",,,approved,Fragments resolved exactly
ce9bcbdf-bc61-476c-ac43-b7eb3d89953c,Mst. Shahnaz Parveen,,legacy,legacy_db,0,True,"General Surgery, Surgical Oncology",,General Surgery; Surgical Oncology,"cancer-surgeon, general-surgeon",,CREDENTIAL_MISMATCH,flagged,Qualification lacks required specialist credentials
ceadb1e0-7f01-4f41-8016-b3ad688636b3,Md. Shah Alam,,brochure,images/new2_converted/pdf_pages/popular dhanmondi 2/page_05.pdf,0,True,Psychiatry,,Psychiatry,psychiatrist,,,approved,Fragments resolved exactly
cebe9460-62bd-43c2-8c8e-0f4bc256eb7c,Asif Moazzem Barkat Ullah,,legacy,legacy_db,0,True,General Physician,,General Physician,family-physician-gp,,,approved,Fragments resolved exactly
cf40c3fe-b1ff-45b4-8150-4d0d8e2cfab2,A.. K.. M.. Rafiqul Bari,,legacy,legacy_db,0,True,"Allergy & Immunology, Respiratory Medicine, General Medicine",,Allergy; Immunology; Respiratory Medicine; General Medicine,"allergy-immunologist, chest-specialist, medicine-specialist",,,approved,Fragments resolved exactly
cf649ae0-ea01-4b84-9032-0c53ab3ee54a,Md. Shah Jahan Chowdhury (Abdullah),,legacy,legacy_db,0,True,"Pediatric Neurology, Pediatrics",,Pediatric Neurology; Pediatrics,"child-specialist, pediatric-neurologist",,,approved,Fragments resolved exactly
cf79631a-47e2-4fed-aa2f-9740cd347acd,Ruchita Aman,,legacy,legacy_db,0,True,Diabetes & Endocrinology,,Diabetes; Endocrinology,"diabetologist, endocrinologist",,,approved,Fragments resolved exactly
cf7b06c4-a179-4fe9-9966-2f027c11818b,Khabiruddin Ahmed,,brochure,images/new2_converted/pdf_pages/popular dhanmondi 2/page_16.pdf,0,True,ENT,,ENT,ent,ent-specialist,TAG_NOT_IN_TEXT,approved,Fragments resolved exactly
cf7b06c4-a179-4fe9-9966-2f027c11818b,Khabiruddin Ahmed,,brochure,images/new2_converted/pdf_pages/popular dhanmondi 2/page_16.pdf,1,False,Head-Neck Surgery,,Head-Neck Surgery,head-neck-surgeon,,,approved,Fragments resolved exactly
cfe2a8fe-6cb2-4dcc-901a-91571e6e9d96,M. Abu Hena Chowdhury,,brochure,images/new2_converted/pdf_pages/Ibn Sina Dhanmondi/page_06.pdf,0,True,Dermatology,,Dermatology,dermatologist,,,approved,Fragments resolved exactly
cfeca3d5-3ef2-405f-ab71-44b86dce2c88,Shukha Ranjan Das,,brochure,images/new2_converted/pdf_pages/popular dhanmondi 2/page_11.pdf,0,True,Pain Medicine,,Pain Medicine,pain-specialist,,,approved,Fragments resolved exactly
cfeca3d5-3ef2-405f-ab71-44b86dce2c88,Shukha Ranjan Das,,brochure,images/new2_converted/pdf_pages/popular dhanmondi 2/page_11.pdf,1,False,Anaesthesiology,,Anaesthesiology,anesthesiologist,,,approved,Fragments resolved exactly
d0164cee-083d-479c-bde2-645f8bf5d6ae,Fatima Zohra,,brochure,images/new2_converted/pdf_pages/Japan bangladesh Friendship Hospital/page_07.pdf,0,True,Psychiatry,,Psychiatry,psychiatrist,,,approved,Fragments resolved exactly
d0e6b6e6-c3ed-49d3-873e-ba0f8f618c16,Md.. Mazharul Islam,,legacy,legacy_db,0,True,Neurology,,Neurology,neurologist,,,approved,Fragments resolved exactly
d0ef3f01-5af0-4502-b46d-512f4e7110a6,A.H.M. Shahidul Islam,,legacy,legacy_db,0,True,General Physician,,General Physician,family-physician-gp,,,approved,Fragments resolved exactly
d1268bfa-4aa6-409f-8a80-2e2232c9b956,Nurul Alam Bashar,,brochure,images/new2_converted/pdf_pages/popular dhanmondi 2/page_06.pdf,0,True,Neurology,,Neurology,neurologist,,,approved,Fragments resolved exactly
d1268bfa-4aa6-409f-8a80-2e2232c9b956,Nurul Alam Bashar,,brochure,images/new2_converted/pdf_pages/popular dhanmondi 2/page_06.pdf,1,False,Medicine,,Medicine,medicine-specialist,,,approved,Fragments resolved exactly
d13ded27-209a-4490-b076-78f60488edd5,Asma Binte Anwar,এ-৪৮৫৭০,legacy,legacy_db,0,True,Pediatrics,,Pediatrics,child-specialist,,CREDENTIAL_MISMATCH,flagged,Qualification lacks required specialist credentials
d142eb90-2203-4121-841c-47e70a97d111,Rashida Khanom,,legacy,legacy_db,0,True,"Gynecology & Obstetrics, General Surgery",,Gynecology; Obstetrics; General Surgery,"general-surgeon, gynecologist-obstetrician",medicine-specialist,"CREDENTIAL_MISMATCH, TAG_NOT_IN_TEXT",flagged,Qualification lacks required specialist credentials
d1751dd7-7500-4d16-a6a0-738e133e297c,Golam Mursalin,,brochure,images/new2_converted/pdf_pages/Japan bangladesh Friendship Hospital/page_07.pdf,0,True,Cardiovascular & Thoracic Surgery,,Cardiovascular; Thoracic Surgery,"cardiac-surgeon, thoracic-surgeon",,,approved,Fragments resolved exactly
d182fbf0-9849-428d-923e-25af921dfacd,Mohammad Abdullah Hel Kafi,,brochure,images/new2_converted/Ibn Sina Cards/IMG_5997.jpg,0,True,Gastroenterology,,Gastroenterology,gastroenterologist,,,approved,Fragments resolved exactly
d182fbf0-9849-428d-923e-25af921dfacd,Mohammad Abdullah Hel Kafi,,brochure,images/new2_converted/Ibn Sina Cards/IMG_5997.jpg,1,False,Hepatology,,Hepatology,hepatologist,,,approved,Fragments resolved exactly
d1e0e3e4-bf01-4648-ab2f-62ede6e28d7f,Nusrat Ghafoor,,brochure,images/new2_converted/pdf_pages/popular dhanmondi 2/page_13.pdf,0,True,Radiology,,Radiology,radiologist,,,approved,Fragments resolved exactly
d1e0e3e4-bf01-4648-ab2f-62ede6e28d7f,Nusrat Ghafoor,,brochure,images/new2_converted/pdf_pages/popular dhanmondi 2/page_13.pdf,1,False,Imaging,,Imaging,radiologist,,,approved,Fragments resolved exactly
d1e0e3e4-bf01-4648-ab2f-62ede6e28d7f,Nusrat Ghafoor,,brochure,images/new2_converted/pdf_pages/popular dhanmondi 2/page_13.pdf,2,False,Cardiac MRI,,Cardiac MRI,cardiac-surgeon,,CREDENTIAL_MISMATCH,flagged,Qualification lacks required specialist credentials
d21fd1d3-8123-4f79-a842-8fed51c19df4,SM Khorshed Mazumder,,legacy,legacy_db,0,True,"Ent, Head And Neck Surgery",,Ent; Head; Neck Surgery,"ent, head-neck-surgeon",,,approved,Fragments resolved exactly
d2209210-99ae-4216-9bb0-ae83ee97dc79,Rezwanur Rahman,,legacy,legacy_db,0,True,Nephrology,,Nephrology,nephrologist,,,approved,Fragments resolved exactly
d2228f46-a26d-4fd1-8a79-f86288be5331,Farzana Islam Shawon,,brochure,images/new2_converted/pdf_pages/Alliance hospital/page_02.pdf,0,True,Obstetrics & Gynaecology,,Obstetrics; Gynaecology,gynecologist-obstetrician,medicine-specialist,TAG_NOT_IN_TEXT,approved,Fragments resolved exactly
d2228f46-a26d-4fd1-8a79-f86288be5331,Farzana Islam Shawon,,brochure,images/new2_converted/pdf_pages/Alliance hospital/page_02.pdf,1,False,Infertility,,Infertility,infertility-specialist,,,approved,Fragments resolved exactly
d2228f46-a26d-4fd1-8a79-f86288be5331,Farzana Islam Shawon,,brochure,images/new2_converted/pdf_pages/Alliance hospital/page_02.pdf,2,False,Reproductive Endocrinology,,Reproductive Endocrinology,infertility-specialist,,DROPPED_KEYWORD,flagged,Claim text keyword missing from tag umbrellas
d2320c48-923a-4db5-ad07-c5ff6e88b785,A..S..M. Bazlul Karim,,legacy,legacy_db,0,True,"Pediatrics, Gastroenterology",,Pediatrics; Gastroenterology,"child-specialist, gastroenterologist",,CREDENTIAL_MISMATCH,flagged,Qualification lacks required specialist credentials
d265dd9e-acfd-4b00-acbc-218c94f80b92,M. A. Rahman,,legacy,legacy_db,0,True,Pediatrics,,Pediatrics,child-specialist,,CREDENTIAL_MISMATCH,flagged,Qualification lacks required specialist credentials
d2778465-ea99-44a2-96c5-4bd58d481e69,Meena Debi,,legacy,legacy_db,0,True,Gynecology & Obstetrics,,Gynecology; Obstetrics,gynecologist-obstetrician,medicine-specialist,"CREDENTIAL_MISMATCH, TAG_NOT_IN_TEXT",flagged,Qualification lacks required specialist credentials
d27e3328-f1e3-4d22-a3a2-af24cc1c0cd0,Q. Tarikul Islam,,brochure,images/new2_converted/pdf_pages/popular dhanmondi 2/page_03.pdf,0,True,Medicine,,Medicine,medicine-specialist,,,approved,Fragments resolved exactly
d2ab8128-ec1a-4686-b031-b8a204e10873,Mohammad Ali,,legacy,legacy_db,0,True,"Dermatology, Venereology, Psychiatry & Mental Health",,Dermatology; Venereology; Psychiatry; Mental Health,"dermatologist, mental-health, psychiatrist, sexologist",medicine-specialist,TAG_NOT_IN_TEXT,approved,Fragments resolved exactly
d2bb1339-7695-4bb2-9af0-b3886ad7ea26,Mohammad Mahbub Ullah,,legacy,legacy_db,0,True,Radiology & Imaging,,Radiology; Imaging,radiologist,,,approved,Fragments resolved exactly
d2d95d08-7ce2-455e-8f80-9efd3f8c6988,Ummi Rahman,,legacy,legacy_db,0,True,Pediatrics,,Pediatrics,child-specialist,,CREDENTIAL_MISMATCH,flagged,Qualification lacks required specialist credentials
d3024faf-353a-4249-a934-7af8e8c294a6,Md. Fazle Elahi,,legacy,legacy_db,0,True,Nephrology,,Nephrology,nephrologist,,,approved,Fragments resolved exactly
d30fe90c-7359-4c18-a460-1b5c88afd0bc,Towhid Karim Majumder,,legacy,legacy_db,0,True,"Hepatology, Gastroenterology",,Hepatology; Gastroenterology,"gastroenterologist, hepatologist",,,approved,Fragments resolved exactly
d33488f7-c111-4404-8dae-aba5da543697,Sanjit Kumar Banik,,legacy,legacy_db,0,True,General Surgery,,General Surgery,general-surgeon,,CREDENTIAL_MISMATCH,flagged,Qualification lacks required specialist credentials
d337a385-5589-422b-85ed-dd0c167ab105,Manas Chandra Sarkar,,brochure,images/new2_converted/pdf_pages/Alliance hospital/page_02.pdf,0,True,Orthopedic Surgery,,Orthopedic Surgery,orthopedic-surgeon,,DROPPED_KEYWORD,flagged,Claim text keyword missing from tag umbrellas
d337a385-5589-422b-85ed-dd0c167ab105,Manas Chandra Sarkar,,brochure,images/new2_converted/pdf_pages/Alliance hospital/page_02.pdf,1,False,Trauma Surgery,,Trauma Surgery,orthopedic-surgeon,,,approved,Fragments resolved exactly
d337a385-5589-422b-85ed-dd0c167ab105,Manas Chandra Sarkar,,brochure,images/new2_converted/pdf_pages/Alliance hospital/page_02.pdf,2,False,Hand Surgery,,Hand Surgery,orthopedic-surgeon,,,approved,Fragments resolved exactly
d3451206-482d-4127-8c07-665e66161d51,Fahim Chowdhury (Sony),,legacy,legacy_db,0,True,"Colorectal Surgery, General Surgery",,Colorectal Surgery; General Surgery,"colorectal-surgeon, general-surgeon",,CREDENTIAL_MISMATCH,flagged,Qualification lacks required specialist credentials
d3d2911c-8c28-42ba-97b3-4622d45c02f6,Sukriti Das,,legacy,legacy_db,0,True,Neurosurgery,,Neurosurgery,neurosurgeon,,CREDENTIAL_MISMATCH,flagged,Qualification lacks required specialist credentials
d3f1e42a-9546-4dc5-ab5d-6e0b94347b41,Mir M. Siddiq,,legacy,legacy_db,0,True,"Dermatology, Venereology, Laser Surgery",,Dermatology; Venereology; Laser Surgery,"dermatologist, laparoscopic-surgeon, sexologist",,CREDENTIAL_MISMATCH,flagged,Qualification lacks required specialist credentials
d418a39c-0859-4434-9801-df34fe5ef398,Madhusudan Paul,,legacy,legacy_db,0,True,Orthopedics,,Orthopedics,orthopedic-surgeon,,"CREDENTIAL_MISMATCH, DROPPED_KEYWORD",flagged,Qualification lacks required specialist credentials; Claim text keyword missing from tag umbrellas
d43c7fab-329d-41f6-b952-7a60ca778487,Tanbeen Rahman,,legacy,legacy_db,0,True,Hematology,,Hematology,hematologist,,,approved,Fragments resolved exactly
d484bb08-ba89-496b-89b8-6d9c638f218f,Suraiya Begum,,legacy,legacy_db,0,True,Pediatrics,,Pediatrics,child-specialist,,,approved,Fragments resolved exactly
d4b185dc-b02c-4566-affb-1884dadf7fb8,Mst. Farhat Hossain,,legacy,legacy_db,0,True,Gynecology & Obstetrics,,Gynecology; Obstetrics,gynecologist-obstetrician,medicine-specialist,"CREDENTIAL_MISMATCH, TAG_NOT_IN_TEXT",flagged,Qualification lacks required specialist credentials
d4cd3054-b037-4f16-a57e-e133c18bf62e,Jaglul Gaffar Khan (Zia),,brochure,images/new2_converted/pdf_pages/radical hospitals/page_05.pdf,0,True,Pediatric Surgery,,Pediatric Surgery,pediatric-surgeon,,CREDENTIAL_MISMATCH,flagged,Qualification lacks required specialist credentials
d50b3b5c-9241-4fa8-b6c0-f4f33254b765,Md. Saleh Uddin Mahmud (Tushar),,legacy,legacy_db,0,True,General Physician,,General Physician,family-physician-gp,,,approved,Fragments resolved exactly
d50c5338-387b-45fa-a85e-ca216b3e7ffe,Nishat Jahan,,brochure,images/new2_converted/pdf_pages/Alliance hospital/page_04.pdf,0,True,Neonatology,,Neonatology,neonatologist,,,approved,Fragments resolved exactly
d50c5338-387b-45fa-a85e-ca216b3e7ffe,Nishat Jahan,,brochure,images/new2_converted/pdf_pages/Alliance hospital/page_04.pdf,1,False,Pediatrics,,Pediatrics,child-specialist,,,approved,Fragments resolved exactly
d536d057-7745-4a52-b0f1-48a5f94f70fd,Shahriar Md. Kabir Hasan,,legacy,legacy_db,0,True,Urology,,Urology,urologist,,,approved,Fragments resolved exactly
d56273d7-10c7-40dd-9b80-c084619528e0,Mohammad Khurshed Alam,,brochure,images/new2_converted/pdf_pages/popular dhanmondi 2/page_09.pdf,0,True,Orthopedic Surgery,,Orthopedic Surgery,orthopedic-surgeon,,DROPPED_KEYWORD,flagged,Claim text keyword missing from tag umbrellas
d56273d7-10c7-40dd-9b80-c084619528e0,Mohammad Khurshed Alam,,brochure,images/new2_converted/pdf_pages/popular dhanmondi 2/page_09.pdf,1,False,Arthroscopic Surgery,,Arthroscopic Surgery,orthopedic-surgeon,,,approved,Fragments resolved exactly
d56273d7-10c7-40dd-9b80-c084619528e0,Mohammad Khurshed Alam,,brochure,images/new2_converted/pdf_pages/popular dhanmondi 2/page_09.pdf,2,False,Arthroplasty,,Arthroplasty,orthopedic-surgeon,,,approved,Fragments resolved exactly
d56273d7-10c7-40dd-9b80-c084619528e0,Mohammad Khurshed Alam,,brochure,images/new2_converted/pdf_pages/popular dhanmondi 2/page_09.pdf,3,False,Trauma Surgery,,Trauma Surgery,orthopedic-surgeon,,,approved,Fragments resolved exactly
d5957335-1bef-424a-9aa3-28aed6cf1b06,Nazmul Haque Sarkar,,brochure,images/new2_converted/pdf_pages/radical hospitals/page_04.pdf,0,True,Dermatology,,Dermatology,dermatologist,,,approved,Fragments resolved exactly
d5957335-1bef-424a-9aa3-28aed6cf1b06,Nazmul Haque Sarkar,,brochure,images/new2_converted/pdf_pages/radical hospitals/page_04.pdf,1,False,Venereology,,Venereology,sexologist,,,approved,Fragments resolved exactly
d5957335-1bef-424a-9aa3-28aed6cf1b06,Nazmul Haque Sarkar,,brochure,images/new2_converted/pdf_pages/radical hospitals/page_04.pdf,2,False,Cosmetic Surgery,,Cosmetic Surgery,plastic-surgeon,,CREDENTIAL_MISMATCH,flagged,Qualification lacks required specialist credentials
d5e48462-ac77-4a14-a764-84d5fe8c209c,Niamul Kabir Khan Siddique (Asif),A-32971,legacy,legacy_db,0,True,"Medicine, Critical Care",,Medicine; Critical Care,"critical-care-specialist, medicine-specialist",,,approved,Fragments resolved exactly
d5e552cd-6a3c-4fc2-96b0-0e398fabd912,Sayeda Farida Begum,,brochure,images/new2_converted/Medinova medical cards/IMG_6006.jpg,0,True,Obstetrics & Gynaecology,,Obstetrics; Gynaecology,gynecologist-obstetrician,medicine-specialist,"CREDENTIAL_MISMATCH, TAG_NOT_IN_TEXT",flagged,Qualification lacks required specialist credentials
d6013bb1-c0e8-4ec2-bb41-92457a115308,A F M Khalilur Rahman,,brochure,images/new2_converted/pdf_pages/Ibn Sina Dhanmondi/page_08.pdf,0,True,General Physician,,General Physician,family-physician-gp,,,approved,Fragments resolved exactly
d6013bb1-c0e8-4ec2-bb41-92457a115308,A F M Khalilur Rahman,,brochure,images/new2_converted/pdf_pages/Ibn Sina Dhanmondi/page_08.pdf,1,False,Neurology,,Neurology,neurologist,,,approved,Fragments resolved exactly
d62e20a3-22df-4957-95eb-f5a88d604f9c,Ahsan Habib (Helal),,brochure,images/new2_converted/pdf_pages/popular dhanmondi 2/page_06.pdf,0,True,Neurology,,Neurology,neurologist,,,approved,Fragments resolved exactly
d62e20a3-22df-4957-95eb-f5a88d604f9c,Ahsan Habib (Helal),,brochure,images/new2_converted/pdf_pages/popular dhanmondi 2/page_06.pdf,1,False,Parkinson's Disease & Movement Disorder,,Parkinson's Disease; Movement Disorder,neurologist,,,approved,Fragments resolved exactly
d6871dd7-d76f-4549-81b3-b6a6941c6bd0,Md.. Al-Sadi,,legacy,legacy_db,0,True,Diabetes & Endocrinology,,Diabetes; Endocrinology,"diabetologist, endocrinologist",,,approved,Fragments resolved exactly
d6c80c06-b586-46c0-a499-ea3289fe2e7a,Rabeya Sultana,,brochure,images/new2_converted/pdf_pages/Alliance hospital/page_02.pdf,0,True,Obstetrics & Gynaecology,,Obstetrics; Gynaecology,gynecologist-obstetrician,medicine-specialist,TAG_NOT_IN_TEXT,approved,Fragments resolved exactly
d6c80c06-b586-46c0-a499-ea3289fe2e7a,Rabeya Sultana,,brochure,images/new2_converted/pdf_pages/Alliance hospital/page_02.pdf,1,False,Gynecological Oncology,,Gynecological Oncology,gynecological-oncologist,,,approved,Fragments resolved exactly
d703b893-e214-4728-a3d8-fe5fba83fb6f,Jayashree Saha,,legacy,legacy_db,0,True,Gynecology & Obstetrics,,Gynecology; Obstetrics,gynecologist-obstetrician,medicine-specialist,"CREDENTIAL_MISMATCH, TAG_NOT_IN_TEXT",flagged,Qualification lacks required specialist credentials
d703d1c4-0142-4f5a-b678-4d239554304f,Md. Rezaul Amin (Titu),,legacy,legacy_db,0,True,Neurosurgery,,Neurosurgery,neurosurgeon,,CREDENTIAL_MISMATCH,flagged,Qualification lacks required specialist credentials
d70a392f-0463-4c1d-be16-99d6a73f3ea3,M. A. Rahim,,brochure,images/new2_converted/pdf_pages/popular dhanmondi 2/page_07.pdf,0,True,Hepatology,,Hepatology,hepatologist,,,approved,Fragments resolved exactly
d70a392f-0463-4c1d-be16-99d6a73f3ea3,M. A. Rahim,,brochure,images/new2_converted/pdf_pages/popular dhanmondi 2/page_07.pdf,1,False,Gastroenterology,,Gastroenterology,gastroenterologist,,,approved,Fragments resolved exactly
d8088c8c-e522-4d0a-b1d8-dfbc4e059eaa,Humaira Tahsin Hossain,,legacy,legacy_db,0,True,"General Medicine, Diabetes & Endocrinology",,General Medicine; Diabetes; Endocrinology,"diabetologist, endocrinologist, medicine-specialist",,,approved,Fragments resolved exactly
d82af9a8-9041-4a67-80b5-94f9d1b8e585,J.I.M.A. Harun,,brochure,images/new2_converted/pdf_pages/popular dhanmondi 2/page_11.pdf,0,True,Paediatrics,,Paediatrics,child-specialist,,,approved,Fragments resolved exactly
d84cefb6-fb70-4329-91d9-5cabd778fa6e,Saki Md. Zakirul Alam,,legacy,legacy_db,0,True,General Medicine,,General Medicine,medicine-specialist,,,approved,Fragments resolved exactly
d862afa2-9edd-4bc5-b3b7-56145b78f8de,Rehana Begum,,brochure,images/new2_converted/pdf_pages/popular dhanmondi 2/page_09.pdf,0,True,Breast Health & Breast Surgery / Oncology,,Breast Health; Breast Surgery; Oncology,"breast-health-specialist, breast-surgeon, cancer-specialist",,CREDENTIAL_MISMATCH,flagged,Qualification lacks required specialist credentials
d862afa2-9edd-4bc5-b3b7-56145b78f8de,Rehana Begum,,brochure,images/new2_converted/pdf_pages/popular dhanmondi 2/page_09.pdf,1,False,Weight Management & Dietetics,,Weight Management; Dietetics,"nutritionist-dietitian, weight-management-specialist",,,approved,Fragments resolved exactly
d86ca3c6-46ff-4f71-a7d4-92ffef6e6caa,Md Azizul Haque,,brochure,images/new2_converted/pdf_pages/popular dhanmondi 2/page_14.pdf,0,True,Medicine,,Medicine,medicine-specialist,,,approved,Fragments resolved exactly
d87240db-aaf0-4cf7-866d-8f1e9d46887a,Md. Shafiqul Alam Chowdhury (Shamim),,legacy,legacy_db,0,True,"General Surgery, Urology",,General Surgery; Urology,"general-surgeon, urologist",,,approved,Fragments resolved exactly
d8e4592e-ca18-477e-8e17-682c350c7760,Nasreen Sultana Rumi,,legacy,legacy_db,0,True,"Gynecology & Obstetrics, General Surgery, Radiology & Imaging",,Gynecology; Obstetrics; General Surgery; Radiology; Imaging,"general-surgeon, gynecologist-obstetrician, radiologist",medicine-specialist,"CREDENTIAL_MISMATCH, TAG_NOT_IN_TEXT",flagged,Qualification lacks required specialist credentials
d8fd84e3-5517-4c63-8e51-ee2de649fa55,Md. Pervez Amin,,brochure,images/new2_converted/pdf_pages/popular dhanmondi 2/page_14.pdf,0,True,Neurology,,Neurology,neurologist,,,approved,Fragments resolved exactly
d9111618-487b-46bb-8b22-c0e401c5e49e,Afrina Huda Rifa,,brochure,images/new2_converted/pdf_pages/Ibn Sina Dhanmondi/page_07.pdf,0,True,Dental,,Dental,dentist,,,approved,Fragments resolved exactly
d9111618-487b-46bb-8b22-c0e401c5e49e,Afrina Huda Rifa,,brochure,images/new2_converted/pdf_pages/Ibn Sina Dhanmondi/page_07.pdf,1,False,Conservative Dentistry,,Conservative Dentistry,dentist,,,approved,Fragments resolved exactly
d9111618-487b-46bb-8b22-c0e401c5e49e,Afrina Huda Rifa,,brochure,images/new2_converted/pdf_pages/Ibn Sina Dhanmondi/page_07.pdf,2,False,Endodontics,,Endodontics,dentist,,,approved,Fragments resolved exactly
d912a2a0-44f2-4a42-bea3-359e79863eb6,Md. Mirajul Hasan,,legacy,legacy_db,0,True,"Nephrology, General Medicine, Diabetes & Endocrinology",,Nephrology; General Medicine; Diabetes; Endocrinology,"diabetologist, endocrinologist, medicine-specialist, nephrologist",,,approved,Fragments resolved exactly
d9136b36-4545-4432-80b8-90bfce630fa5,Raisa Binte Alam,,legacy,legacy_db,0,True,Psychiatry & Mental Health,,Psychiatry; Mental Health,"mental-health, psychiatrist",medicine-specialist,TAG_NOT_IN_TEXT,approved,Fragments resolved exactly
d9417748-9927-4873-81d6-77329b654763,Md. Enamul Karim,,brochure,images/new2_converted/Ibn Sina Cards/IMG_6002.jpg,0,True,Medicine,,Medicine,medicine-specialist,endocrinologist,TAG_NOT_IN_TEXT,approved,Fragments resolved exactly
d9417748-9927-4873-81d6-77329b654763,Md. Enamul Karim,,brochure,images/new2_converted/Ibn Sina Cards/IMG_6002.jpg,1,False,Diabetes,,Diabetes,diabetologist,,,approved,Fragments resolved exactly
d9591978-a382-45fb-98c8-c2b1c473ceff,Mohammad Niamat Elahi,,brochure,images/new2_converted/pdf_pages/Ibn Sina Dhanmondi/page_06.pdf,0,True,Dermatology,,Dermatology,dermatologist,,,approved,Fragments resolved exactly
d9a322ba-8ee7-42b8-b63c-16d4e5e53462,Md. Mizanur Rahman,,brochure,images/new2_converted/pdf_pages/Ibn Sina Dhanmondi/page_05.pdf,0,True,Neonatology,,Neonatology,neonatologist,"andrologist, urologist",TAG_NOT_IN_TEXT,approved,Fragments resolved exactly
d9a322ba-8ee7-42b8-b63c-16d4e5e53462,Md. Mizanur Rahman,,brochure,images/new2_converted/pdf_pages/Ibn Sina Dhanmondi/page_05.pdf,1,False,Pediatrics,,Pediatrics,child-specialist,,,approved,Fragments resolved exactly
d9a9b594-d2db-471f-b4f2-379780e92c4c,Md. Titu Miah,,brochure,images/new2_converted/pdf_pages/popular dhanmondi 2/page_14.pdf,0,True,Internal Medicine,,Internal Medicine,medicine-specialist,,,approved,Fragments resolved exactly
d9a9b594-d2db-471f-b4f2-379780e92c4c,Md. Titu Miah,,brochure,images/new2_converted/pdf_pages/popular dhanmondi 2/page_14.pdf,1,False,Rheumatology,,Rheumatology,rheumatologist,,,approved,Fragments resolved exactly
d9d97d6c-4fa9-4d0d-9510-28c2e059677e,Md. Harun-Or-Rashid,,legacy,legacy_db,0,True,Neurosurgery,,Neurosurgery,neurosurgeon,,CREDENTIAL_MISMATCH,flagged,Qualification lacks required specialist credentials
d9e5924f-bfc4-4027-9186-af884e3ce386,Sukh Ranjan Das,,legacy,legacy_db,0,True,Pain Management,,Pain Management,pain-specialist,,,approved,Fragments resolved exactly
da01bc77-c8b3-4d67-9b43-e02016435d09,Afroza Suraya Majumder,,legacy,legacy_db,0,True,"Ent, Head And Neck Surgery",,Ent; Head; Neck Surgery,"ent, head-neck-surgeon",,CREDENTIAL_MISMATCH,flagged,Qualification lacks required specialist credentials
da53fc35-f6dd-4cfa-9a74-ddaa4c0642e8,Kamrul Islam,A-43730,brochure,images/new2_converted/pdf_pages/radical hospitals/page_04.pdf,0,True,Urology,,Urology,urologist,nephrologist,TAG_NOT_IN_TEXT,approved,Fragments resolved exactly
da53fc35-f6dd-4cfa-9a74-ddaa4c0642e8,Kamrul Islam,A-43730,brochure,images/new2_converted/pdf_pages/radical hospitals/page_04.pdf,1,False,Kidney Transplantation,,Kidney Transplantation,urologist,,,approved,Fragments resolved exactly
da53fc35-f6dd-4cfa-9a74-ddaa4c0642e8,Kamrul Islam,A-43730,brochure,images/new2_converted/pdf_pages/radical hospitals/page_04.pdf,2,False,Laparoscopic Surgery,,Laparoscopic Surgery,laparoscopic-surgeon,,,approved,Fragments resolved exactly
da87353b-18a6-4afc-a7d9-b60e05ce1660,Habiba Khatun,,brochure,images/new2_converted/pdf_pages/Japan bangladesh Friendship Hospital/page_02.pdf,0,True,Obstetrics & Gynecology,,Obstetrics; Gynecology,gynecologist-obstetrician,medicine-specialist,TAG_NOT_IN_TEXT,approved,Fragments resolved exactly
dabd7e0c-d162-40fb-80de-635d666247c3,Md. Kamruzzaman,,legacy,legacy_db,0,True,Hematology,,Hematology,hematologist,,,approved,Fragments resolved exactly
db023092-0bf0-4be7-be80-92636e2b971a,Merina Khanom,,brochure,images/new2_converted/pdf_pages/popular dhanmondi 2/page_10.pdf,0,True,Obstetrics & Gynaecology,,Obstetrics; Gynaecology,gynecologist-obstetrician,medicine-specialist,TAG_NOT_IN_TEXT,approved,Fragments resolved exactly
db023092-0bf0-4be7-be80-92636e2b971a,Merina Khanom,,brochure,images/new2_converted/pdf_pages/popular dhanmondi 2/page_10.pdf,1,False,Infertility,,Infertility,infertility-specialist,,,approved,Fragments resolved exactly
db0b23ef-a383-403d-9eeb-8e63f48bee7c,Khaledunnesa,,legacy,legacy_db,0,True,Gynecology & Obstetrics,,Gynecology; Obstetrics,gynecologist-obstetrician,medicine-specialist,"CREDENTIAL_MISMATCH, TAG_NOT_IN_TEXT",flagged,Qualification lacks required specialist credentials
db242f5d-bf41-405d-acae-df1bea4f4d33,Manjuman Ara Sarker,,legacy,legacy_db,0,True,Gynecology & Obstetrics,,Gynecology; Obstetrics,gynecologist-obstetrician,medicine-specialist,"CREDENTIAL_MISMATCH, TAG_NOT_IN_TEXT",flagged,Qualification lacks required specialist credentials
db24baba-9b7f-4d53-880e-05a61ead783c,Taiyeb Ibn Jahangir,,legacy,legacy_db,0,True,Psychiatry & Mental Health,,Psychiatry; Mental Health,"mental-health, psychiatrist",medicine-specialist,TAG_NOT_IN_TEXT,approved,Fragments resolved exactly
db292452-1fa2-4177-9430-5e0099f659ab,Md. Mashhur Arefin (Rubel),,legacy,legacy_db,0,True,Urology,,Urology,urologist,,,approved,Fragments resolved exactly
db5dfecd-9efb-4050-9f16-b412480bbca7,Happy Haque,,brochure,images/new2_converted/pdf_pages/popular dhanmondi 2/page_05.pdf,0,True,Oncology,,Oncology,cancer-specialist,,,approved,Fragments resolved exactly
db5dfecd-9efb-4050-9f16-b412480bbca7,Happy Haque,,brochure,images/new2_converted/pdf_pages/popular dhanmondi 2/page_05.pdf,1,False,Breast Cancer,,Breast Cancer,breast-health-specialist,,,approved,Fragments resolved exactly
db642a0b-b939-46d2-acdd-5d0015f27109,Sabrin Farhad,,brochure,images/new2_converted/pdf_pages/radical hospitals/page_02.pdf,0,True,Obstetrics & Gynaecology,,Obstetrics; Gynaecology,gynecologist-obstetrician,medicine-specialist,TAG_NOT_IN_TEXT,approved,Fragments resolved exactly
db642a0b-b939-46d2-acdd-5d0015f27109,Sabrin Farhad,,brochure,images/new2_converted/pdf_pages/radical hospitals/page_02.pdf,1,False,Infertility,,Infertility,infertility-specialist,,,approved,Fragments resolved exactly
db77f2db-0aab-405f-9aac-9a18f3cff69d,Mohammad Abdul Wahab,,legacy,legacy_db,0,True,General Physician,,General Physician,family-physician-gp,,,approved,Fragments resolved exactly
db81cfee-ef32-4993-987a-c38afa4848d0,Zaynab Akter (Jhunu),,legacy,legacy_db,0,True,Radiology & Imaging,,Radiology; Imaging,radiologist,,,approved,Fragments resolved exactly
db898f89-0a95-44f0-a587-f14da1863f8b,Homayra Tahseen Hossain,,brochure,images/new2_converted/pdf_pages/popular dhanmondi 2/page_15.pdf,0,True,Internal Medicine,,Internal Medicine,medicine-specialist,,,approved,Fragments resolved exactly
dbb8c9dc-8dba-4f61-ba8b-2b297db7cc0d,Munim Ahmed,,brochure,images/new2_converted/pdf_pages/Japan bangladesh Friendship Hospital/page_07.pdf,0,True,Hematology,,Hematology,hematologist,,,approved,Fragments resolved exactly
dbd4c064-17ec-4c24-9a28-42a401d70089,Mahbub Mayukh Rishad,,brochure,images/new2_converted/pdf_pages/popular dhanmondi 2/page_14.pdf,0,True,Medicine,,Medicine,medicine-specialist,,,approved,Fragments resolved exactly
dc3d77e5-85dc-4052-bd8a-c38d43f02754,Nripen Kumar Kundu,,legacy,legacy_db,0,True,"Pediatric Orthopedics, Trauma, Orthopedics",,Pediatric Orthopedics; Trauma; Orthopedics,"orthopedic-surgeon, pediatric-orthopedic-surgeon",,CREDENTIAL_MISMATCH,flagged,Qualification lacks required specialist credentials
dc46aa49-b721-4395-8933-56676589faf6,Md. Rakibul Islam (Rakib),,legacy,legacy_db,0,True,Neurosurgery,,Neurosurgery,neurosurgeon,,CREDENTIAL_MISMATCH,flagged,Qualification lacks required specialist credentials
dcc1c807-d0fe-4bb3-8d07-c4fdb806a549,Uday Shankar Roy,,legacy,legacy_db,0,True,Cardiology,,Cardiology,cardiologist,,CREDENTIAL_MISMATCH,flagged,Qualification lacks required specialist credentials
dcdac9e5-7e14-428c-8250-6a1f0d5292c3,Md. Rabiul Karim,,legacy,legacy_db,0,True,Neurosurgery,,Neurosurgery,neurosurgeon,,CREDENTIAL_MISMATCH,flagged,Qualification lacks required specialist credentials
dd354ecf-a240-4d64-9729-e87652cbfbaf,Fazle Rabbi Chowdhury,,legacy,legacy_db,0,True,General Medicine,,General Medicine,medicine-specialist,,,approved,Fragments resolved exactly
dd38ea90-5686-4c37-ae19-c6d18b5a5059,Abdullah Al Mamun Khan,,legacy,legacy_db,0,True,Oncology,,Oncology,cancer-specialist,,,approved,Fragments resolved exactly
dd406b33-b72a-4eee-a8b5-2bda5a590e17,Nazlima Nargis,,brochure,images/new2_converted/Ibn Sina Cards/IMG_5995.jpg,0,True,Obstetrics & Gynaecology,,Obstetrics; Gynaecology,gynecologist-obstetrician,medicine-specialist,TAG_NOT_IN_TEXT,approved,Fragments resolved exactly
dd406b33-b72a-4eee-a8b5-2bda5a590e17,Nazlima Nargis,,brochure,images/new2_converted/Ibn Sina Cards/IMG_5995.jpg,1,False,Laparoscopic Surgery,,Laparoscopic Surgery,laparoscopic-surgeon,,CREDENTIAL_MISMATCH,flagged,Qualification lacks required specialist credentials
dd406b33-b72a-4eee-a8b5-2bda5a590e17,Nazlima Nargis,,brochure,images/new2_converted/Ibn Sina Cards/IMG_5995.jpg,2,False,Infertility,,Infertility,infertility-specialist,,,approved,Fragments resolved exactly
dd440c7c-bd27-468f-b5de-ac8a5f86733d,Ahmed Rakib,,legacy,legacy_db,0,True,ENT (Otolaryngology),,ENT (Otolaryngology,,ent-specialist,"TAG_NOT_IN_TEXT, UNMAPPED_FRAGMENT",flagged,Unmapped fragments: ENT (Otolaryngology
dd457bfc-7b89-4529-b914-1c6f089788a5,Md. Ali Faisal (Liton),,legacy,legacy_db,0,True,Orthopedics,,Orthopedics,orthopedic-surgeon,,"CREDENTIAL_MISMATCH, DROPPED_KEYWORD",flagged,Qualification lacks required specialist credentials; Claim text keyword missing from tag umbrellas
dd6ee64b-811d-4024-aefd-540ba06da757,Md. Delower Hossain,,brochure,images/new2_converted/pdf_pages/Alliance hospital/page_04.pdf,0,True,Pediatric Surgery,,Pediatric Surgery,pediatric-surgeon,,CREDENTIAL_MISMATCH,flagged,Qualification lacks required specialist credentials
dd6ee64b-811d-4024-aefd-540ba06da757,Md. Delower Hossain,,brochure,images/new2_converted/pdf_pages/Alliance hospital/page_04.pdf,1,False,Pediatric Neurosurgery,,Pediatric Neurosurgery,pediatric-neurosurgeon,,CREDENTIAL_MISMATCH,flagged,Qualification lacks required specialist credentials
dd8ddb6b-dce4-4a88-ae3e-3417fe2c74d1,Abu Nayeem,,brochure,images/new2_converted/pdf_pages/popular dhanmondi 2/page_06.pdf,0,True,Medicine,,Medicine,medicine-specialist,,,approved,Fragments resolved exactly
dd8ddb6b-dce4-4a88-ae3e-3417fe2c74d1,Abu Nayeem,,brochure,images/new2_converted/pdf_pages/popular dhanmondi 2/page_06.pdf,1,False,Neurology,,Neurology,neurologist,,,approved,Fragments resolved exactly
ddc0f176-a625-4a40-beb8-82af0a3c6cb0,Mahbuba Yasmin,,brochure,images/new2_converted/pdf_pages/Alliance hospital/page_02.pdf,0,True,Obstetrics & Gynaecology,,Obstetrics; Gynaecology,gynecologist-obstetrician,medicine-specialist,TAG_NOT_IN_TEXT,approved,Fragments resolved exactly
ddf33110-6ece-4490-8365-05e940d0d97a,Shahrin Sultana,,legacy,legacy_db,0,True,General Medicine,,General Medicine,medicine-specialist,,,approved,Fragments resolved exactly
de7acfd6-2d73-40ab-a9d4-01ce685d9f42,Salma Khatun,,brochure,images/new2_converted/pdf_pages/popular dhanmondi 2/page_13.pdf,0,True,Radiology,,Radiology,radiologist,,,approved,Fragments resolved exactly
de7acfd6-2d73-40ab-a9d4-01ce685d9f42,Salma Khatun,,brochure,images/new2_converted/pdf_pages/popular dhanmondi 2/page_13.pdf,1,False,Imaging,,Imaging,radiologist,,,approved,Fragments resolved exactly
dea45eba-bee0-4a74-9ec1-c99d812bc3ea,Nazia Sultana Daisy,,legacy,legacy_db,0,True,"Gynecology & Obstetrics, Infertility & Reproductive Medicine",,Gynecology; Obstetrics; Infertility; Reproductive Medicine,"gynecologist-obstetrician, infertility-specialist",medicine-specialist,"CREDENTIAL_MISMATCH, TAG_NOT_IN_TEXT",flagged,Qualification lacks required specialist credentials
dec2f349-f071-497c-b731-ff3694011861,Md. Ismail Hossain,,legacy,legacy_db,0,True,Pediatrics,,Pediatrics,child-specialist,,CREDENTIAL_MISMATCH,flagged,Qualification lacks required specialist credentials
dee28e13-cd9b-4f6b-b3a5-78fca3018577,Rajashis Chakraborty,,legacy,legacy_db,0,True,"General Medicine, Respiratory Medicine",,General Medicine; Respiratory Medicine,"chest-specialist, medicine-specialist",,,approved,Fragments resolved exactly
dee3893f-8cf3-4dc2-a148-d4215d0ddbb1,Shah Jesmin Bachir (Tamanna),,brochure,images/new2_converted/pdf_pages/radical hospitals/page_02.pdf,0,True,Obstetrics & Gynaecology,,Obstetrics; Gynaecology,gynecologist-obstetrician,medicine-specialist,TAG_NOT_IN_TEXT,approved,Fragments resolved exactly
dee3893f-8cf3-4dc2-a148-d4215d0ddbb1,Shah Jesmin Bachir (Tamanna),,brochure,images/new2_converted/pdf_pages/radical hospitals/page_02.pdf,1,False,Infertility,,Infertility,infertility-specialist,,,approved,Fragments resolved exactly
df42c3e2-0183-43b6-bbf4-b2dfc4d41166,Md. Shahjahan Kabir,,legacy,legacy_db,0,True,ENT (Otolaryngology),,ENT (Otolaryngology,,ent-specialist,"TAG_NOT_IN_TEXT, UNMAPPED_FRAGMENT",flagged,Unmapped fragments: ENT (Otolaryngology
df4bb8af-af55-4135-82b7-a7581d999647,Zakir Hossain Galib,,brochure,images/new2_converted/Ibn Sina Cards/IMG_5988.jpg,0,True,Dermatology,,Dermatology,dermatologist,,,approved,Fragments resolved exactly
df4bb8af-af55-4135-82b7-a7581d999647,Zakir Hossain Galib,,brochure,images/new2_converted/Ibn Sina Cards/IMG_5988.jpg,1,False,Venereology,,Venereology,sexologist,,,approved,Fragments resolved exactly
df4bb8af-af55-4135-82b7-a7581d999647,Zakir Hossain Galib,,brochure,images/new2_converted/Ibn Sina Cards/IMG_5988.jpg,2,False,Allergy,,Allergy,allergy-immunologist,,,approved,Fragments resolved exactly
df527772-c04b-4ec7-a4e7-0aa9d3198464,M. Abdullah-Al-Safi Majumder,,brochure,images/new2_converted/pdf_pages/popular dhanmondi 2/page_02.pdf,0,True,Cardiology,,Cardiology,cardiologist,,,approved,Fragments resolved exactly
df53c7a8-c244-4446-87e4-a36b7167e09b,Md. Gufran Sen,,brochure,images/new2_converted/pdf_pages/Japan bangladesh Friendship Hospital/page_04.pdf,0,True,Pulmonology,,Pulmonology,chest-specialist,,,approved,Fragments resolved exactly
df53c7a8-c244-4446-87e4-a36b7167e09b,Md. Gufran Sen,,brochure,images/new2_converted/pdf_pages/Japan bangladesh Friendship Hospital/page_04.pdf,1,False,Medicine,,Medicine,medicine-specialist,,,approved,Fragments resolved exactly
e034b822-bdd7-4a72-b1b8-d75ace56b334,Md. Zayedul Islam,,legacy,legacy_db,0,True,"Laparoscopic Surgery, Hepatobiliary Surgery, General Surgery, Colorectal Surgery",,Laparoscopic Surgery; Hepatobiliary Surgery; General Surgery; Colorectal Surgery,"colorectal-surgeon, general-surgeon, hepatobiliary-surgeon, laparoscopic-surgeon",,,approved,Fragments resolved exactly
e0610c15-3ed8-407d-8221-22c8aac85cb7,Foujia Sharmin,,brochure,images/new2_converted/pdf_pages/popular dhanmondi 2/page_11.pdf,0,True,Obstetrics & Gynaecology,,Obstetrics; Gynaecology,gynecologist-obstetrician,medicine-specialist,TAG_NOT_IN_TEXT,approved,Fragments resolved exactly
e0610c15-3ed8-407d-8221-22c8aac85cb7,Foujia Sharmin,,brochure,images/new2_converted/pdf_pages/popular dhanmondi 2/page_11.pdf,1,False,Gynaecological Oncology,,Gynaecological Oncology,gynecological-oncologist,,CREDENTIAL_MISMATCH,flagged,Qualification lacks required specialist credentials
e0a05232-78df-4010-ab97-af9964f903cb,Mir Mosharraf Hosain,,legacy,legacy_db,0,True,Diabetes & Endocrinology,,Diabetes; Endocrinology,"diabetologist, endocrinologist",,,approved,Fragments resolved exactly
e1177cde-ab19-46b4-be4e-c98f13648592,Liaquat Amin,,brochure,images/new2_converted/pdf_pages/radical hospitals/page_04.pdf,0,True,General Surgery,,General Surgery,general-surgeon,,,approved,Fragments resolved exactly
e1177cde-ab19-46b4-be4e-c98f13648592,Liaquat Amin,,brochure,images/new2_converted/pdf_pages/radical hospitals/page_04.pdf,1,False,Laparoscopic Surgery,,Laparoscopic Surgery,laparoscopic-surgeon,,,approved,Fragments resolved exactly
e1177cde-ab19-46b4-be4e-c98f13648592,Liaquat Amin,,brochure,images/new2_converted/pdf_pages/radical hospitals/page_04.pdf,2,False,Colorectal Surgery,,Colorectal Surgery,colorectal-surgeon,,,approved,Fragments resolved exactly
e177979c-328b-49e6-8682-eb6f02346d0a,Shamim Ahmed,307,legacy,legacy_db,0,True,"General Medicine, Rheumatology",,General Medicine; Rheumatology,"medicine-specialist, rheumatologist",,,approved,Fragments resolved exactly
e1b609e9-acf3-4027-8ebc-90b18125200b,Ipnita Biswas,,legacy,legacy_db,0,True,Pediatric Surgery,,Pediatric Surgery,pediatric-surgeon,,CREDENTIAL_MISMATCH,flagged,Qualification lacks required specialist credentials
e1becbb6-4a41-4ac5-96ad-5cc8ca94f1e3,Kazi Hamida Banu Barsha,,brochure,images/new2_converted/pdf_pages/radical hospitals/page_03.pdf,0,True,Nutrition & Dietetics,,Nutrition; Dietetics,nutritionist-dietitian,,,approved,Fragments resolved exactly
e1c24789-ed26-41d4-8cc3-414a41e78a41,Zahurul Haque,,legacy,legacy_db,0,True,General Physician,,General Physician,family-physician-gp,,,approved,Fragments resolved exactly
e1d6baf6-2a88-4bd7-80d7-3345989c5809,Md. Abdullah-Al-Amin,,legacy,legacy_db,0,True,General Physician,,General Physician,family-physician-gp,,,approved,Fragments resolved exactly
e204b3f4-fb22-4b63-806a-00c08dcf1ec8,Md. Dabir Hossain,,brochure,images/new2_converted/Medinova medical cards/IMG_6014.jpg,0,True,Medicine,,Medicine,medicine-specialist,,,approved,Fragments resolved exactly
e210c88e-ef90-4e5a-8ca3-6471abe8015c,Muhammad Shahinur Rahman,,brochure,images/new2_converted/pdf_pages/radical hospitals/page_02.pdf,0,True,Chest,,Chest,chest-specialist,"colorectal-surgeon, general-surgeon, laparoscopic-surgeon",TAG_NOT_IN_TEXT,approved,Fragments resolved exactly
e210c88e-ef90-4e5a-8ca3-6471abe8015c,Muhammad Shahinur Rahman,,brochure,images/new2_converted/pdf_pages/radical hospitals/page_02.pdf,1,False,Medicine,,Medicine,medicine-specialist,,,approved,Fragments resolved exactly
e210c88e-ef90-4e5a-8ca3-6471abe8015c,Muhammad Shahinur Rahman,,brochure,images/new2_converted/pdf_pages/radical hospitals/page_02.pdf,2,False,Asthma,,Asthma,chest-specialist,,,approved,Fragments resolved exactly
e2205e3e-d99f-4dbe-a08c-567531408964,Sanajida Afarin,,brochure,images/new2_converted/pdf_pages/radical hospitals/page_02.pdf,0,True,Obstetrics & Gynaecology,,Obstetrics; Gynaecology,gynecologist-obstetrician,medicine-specialist,TAG_NOT_IN_TEXT,approved,Fragments resolved exactly
e23c1421-6ebc-478b-80d4-2cbc06c242c4,S M Kamrul Aktar,A-26084,legacy,legacy_db,0,True,"General Surgery, Laparoscopic Surgery, Colorectal Surgery, Breast Surgery",,General Surgery; Laparoscopic Surgery; Colorectal Surgery; Breast Surgery,"breast-surgeon, colorectal-surgeon, general-surgeon, laparoscopic-surgeon",,,approved,Fragments resolved exactly
e2d34788-80bc-4471-8f43-217daa5947a3,Md. Shahidur Rahman Sikder,,brochure,images/new2_converted/pdf_pages/popular dhanmondi 2/page_08.pdf,0,True,Neurosurgery,,Neurosurgery,neurosurgeon,,,approved,Fragments resolved exactly
e2d34788-80bc-4471-8f43-217daa5947a3,Md. Shahidur Rahman Sikder,,brochure,images/new2_converted/pdf_pages/popular dhanmondi 2/page_08.pdf,1,False,Spine Surgery,,Spine Surgery,spine-surgeon,,,approved,Fragments resolved exactly
e30c2b93-b1da-477e-ab06-fe8ccca2ed46,M. A. Kashem,,legacy,legacy_db,0,True,"Respiratory Medicine, General Medicine",,Respiratory Medicine; General Medicine,"chest-specialist, medicine-specialist",,,approved,Fragments resolved exactly
e314122b-08a7-4e99-9f16-01a1cf241536,Hasina Sadia Khan,,brochure,images/new2_converted/pdf_pages/popular dhanmondi 2/page_16.pdf,0,True,Urology,,Urology,urologist,,,approved,Fragments resolved exactly
e314122b-08a7-4e99-9f16-01a1cf241536,Hasina Sadia Khan,,brochure,images/new2_converted/pdf_pages/popular dhanmondi 2/page_16.pdf,1,False,Female Urology,,Female Urology,urologist,,,approved,Fragments resolved exactly
e3211b4e-ecd4-4870-98e2-cf6726d8a9e0,Capt. Md. Asaduzzaman (Retd.),A-30040,brochure,images/new2_converted/pdf_pages/radical hospitals/page_03.pdf,0,True,ENT,,ENT,ent,,,approved,Fragments resolved exactly
e362457b-f5f6-444f-8d85-7f65a7053dd6,Abdullah Al Mamun Khan,,legacy,legacy_db,0,True,"Medical Oncology, Oncology",,Medical Oncology; Oncology,cancer-specialist,,,approved,Fragments resolved exactly
e364fd94-2791-4eda-ab38-b6ca8f34649f,S.. A.. Nurul Alam,,legacy,legacy_db,0,True,Vascular Surgery,,Vascular Surgery,vascular-surgeon,,CREDENTIAL_MISMATCH,flagged,Qualification lacks required specialist credentials
e3a86ed3-f720-4d5b-9b3b-231c176209d8,Umme Hani Munmun,,brochure,images/new2_converted/Ibn Sina Cards/IMG_5997.jpg,0,True,Dermatology,,Dermatology,dermatologist,,,approved,Fragments resolved exactly
e3a86ed3-f720-4d5b-9b3b-231c176209d8,Umme Hani Munmun,,brochure,images/new2_converted/Ibn Sina Cards/IMG_5997.jpg,1,False,Venereology,,Venereology,sexologist,,,approved,Fragments resolved exactly
e3a86ed3-f720-4d5b-9b3b-231c176209d8,Umme Hani Munmun,,brochure,images/new2_converted/Ibn Sina Cards/IMG_5997.jpg,2,False,Skin,,Skin,dermatologist,,,approved,Fragments resolved exactly
e3a86ed3-f720-4d5b-9b3b-231c176209d8,Umme Hani Munmun,,brochure,images/new2_converted/Ibn Sina Cards/IMG_5997.jpg,3,False,Allergy,,Allergy,allergy-immunologist,,,approved,Fragments resolved exactly
e3b48796-2db5-453e-a339-eb4e6e018c47,Farzana Rahman Chowdhury,,legacy,legacy_db,0,True,Pediatrics,,Pediatrics,child-specialist,,CREDENTIAL_MISMATCH,flagged,Qualification lacks required specialist credentials
e3e1ae30-8bf6-4280-8058-c91b691fb715,Indrajit Kumar Kundu,,legacy,legacy_db,0,True,Orthopedics,,Orthopedics,orthopedic-surgeon,,"CREDENTIAL_MISMATCH, DROPPED_KEYWORD",flagged,Qualification lacks required specialist credentials; Claim text keyword missing from tag umbrellas
e3eb5ddd-5ee9-4c99-b94c-d971e16571bb,Md. Khalequzzaman Linkon,,brochure,images/new2_converted/pdf_pages/Alliance hospital/page_04.pdf,0,True,Neurology,,Neurology,neurologist,,,approved,Fragments resolved exactly
e410e2b0-f384-4869-a40a-29819df37bb7,Md. Zakaria-Al-Aziz,,legacy,legacy_db,0,True,"General Medicine, Hepatology",,General Medicine; Hepatology,"hepatologist, medicine-specialist",,,approved,Fragments resolved exactly
e48e14ea-41c6-40b5-b8dd-586220ca50fe,Bilkis Mahmuda,,brochure,images/new2_converted/pdf_pages/Alliance hospital/page_02.pdf,0,True,Obstetrics & Gynaecology,,Obstetrics; Gynaecology,gynecologist-obstetrician,medicine-specialist,TAG_NOT_IN_TEXT,approved,Fragments resolved exactly
e48f1d8f-2605-4714-a13b-651a8a6cec76,Mir Mosharraf Hossain,,legacy,legacy_db,0,True,Diabetes & Endocrinology,,Diabetes; Endocrinology,"diabetologist, endocrinologist",,,approved,Fragments resolved exactly
e4ce972b-c6bd-4b8f-a6d2-0dd344f7954e,C.M. Kudrat-E-Khoda,,brochure,images/new2_converted/pdf_pages/popular dhanmondi 2/page_03.pdf,0,True,Cardiology,,Cardiology,cardiologist,,,approved,Fragments resolved exactly
e4ce972b-c6bd-4b8f-a6d2-0dd344f7954e,C.M. Kudrat-E-Khoda,,brochure,images/new2_converted/pdf_pages/popular dhanmondi 2/page_03.pdf,1,False,Medicine,,Medicine,medicine-specialist,,,approved,Fragments resolved exactly
e539cb1a-9397-40b1-afa1-74d378364994,Shafia Afrin,,legacy,legacy_db,0,True,Gynecology & Obstetrics,,Gynecology; Obstetrics,gynecologist-obstetrician,medicine-specialist,"CREDENTIAL_MISMATCH, TAG_NOT_IN_TEXT",flagged,Qualification lacks required specialist credentials
e544bc75-ec88-4985-a77b-8b06297cefdd,Md. Abdur Rahim,,brochure,images/new2_converted/pdf_pages/Japan bangladesh Friendship Hospital/page_02.pdf,0,True,Diabetology,,Diabetology,diabetologist,medicine-specialist,TAG_NOT_IN_TEXT,approved,Fragments resolved exactly
e544bc75-ec88-4985-a77b-8b06297cefdd,Md. Abdur Rahim,,brochure,images/new2_converted/pdf_pages/Japan bangladesh Friendship Hospital/page_02.pdf,1,False,Endocrinology & Diabetes,,Endocrinology; Diabetes,"diabetologist, endocrinologist",,,approved,Fragments resolved exactly
e55663a8-c0b7-45e9-9c9c-b337bd39b3f0,Ahmed Hossain,,legacy,legacy_db,0,True,General Medicine,,General Medicine,medicine-specialist,,,approved,Fragments resolved exactly
e5973723-7faa-4307-83dd-f881450d2b00,N. C. Nath,,legacy,legacy_db,0,True,"Hepatology, Gastroenterology, General Medicine",,Hepatology; Gastroenterology; General Medicine,"gastroenterologist, hepatologist, medicine-specialist",,,approved,Fragments resolved exactly
e5fd03f7-370d-40ca-bf19-4648571f5f4a,A. K. M. Aminul Haque,,legacy,legacy_db,0,True,Medicine,,Medicine,medicine-specialist,,,approved,Fragments resolved exactly
e6034dc4-8a28-4260-88f6-785bb384a97d,Asma Hossain Noora,,brochure,images/new2_converted/IMG_5973.jpg,0,True,General Surgery,,General Surgery,general-surgeon,,,approved,Fragments resolved exactly
e6034dc4-8a28-4260-88f6-785bb384a97d,Asma Hossain Noora,,brochure,images/new2_converted/IMG_5973.jpg,1,False,Colorectal Surgery,,Colorectal Surgery,colorectal-surgeon,,,approved,Fragments resolved exactly
e6933c6e-8d90-42ec-8d42-a1ce5a4b0134,Md. Mahmud Hasan,,legacy,legacy_db,0,True,Diabetes & Endocrinology,,Diabetes; Endocrinology,"diabetologist, endocrinologist",,,approved,Fragments resolved exactly
e696e347-d08b-4b73-847f-8c94a859d424,Syed Md. Fazlul Monim Sahal,,brochure,images/new2_converted/pdf_pages/radical hospitals/page_03.pdf,0,True,Pediatric Surgery,,Pediatric Surgery,pediatric-surgeon,,,approved,Fragments resolved exactly
e71f6b03-68c6-4c40-afd5-81bcba695ded,Nighat Sultana Ania,,legacy,legacy_db,0,True,"Gynecology & Obstetrics, Infertility & Reproductive Medicine",,Gynecology; Obstetrics; Infertility; Reproductive Medicine,"gynecologist-obstetrician, infertility-specialist",medicine-specialist,"CREDENTIAL_MISMATCH, TAG_NOT_IN_TEXT",flagged,Qualification lacks required specialist credentials
e747b9a3-db22-4f7c-bf1c-ab4d42751cf3,Sadika Kader,,legacy,legacy_db,0,True,Pediatrics,,Pediatrics,child-specialist,,CREDENTIAL_MISMATCH,flagged,Qualification lacks required specialist credentials
e74f6a3d-0103-4f64-ae74-543361025c2f,Md. Shahriar Siddiqui,,brochure,images/new2_converted/pdf_pages/Ibn Sina Dhanmondi/page_02.pdf,0,True,Medicine,,Medicine,medicine-specialist,,,approved,Fragments resolved exactly
e74f6a3d-0103-4f64-ae74-543361025c2f,Md. Shahriar Siddiqui,,brochure,images/new2_converted/pdf_pages/Ibn Sina Dhanmondi/page_02.pdf,1,False,Neurology,,Neurology,neurologist,,,approved,Fragments resolved exactly
e75cbf8f-e192-46fe-b56b-dd8cdedff7cc,A K M Anwar Ullah,,brochure,images/new2_converted/Medinova medical cards/IMG_6015.jpg,0,True,Medicine,,Medicine,medicine-specialist,,,approved,Fragments resolved exactly
e75cbf8f-e192-46fe-b56b-dd8cdedff7cc,A K M Anwar Ullah,,brochure,images/new2_converted/Medinova medical cards/IMG_6015.jpg,1,False,Neurology,,Neurology,neurologist,,,approved,Fragments resolved exactly
e7a839aa-4a30-4e2c-8d9a-16eb626a748c,Abida Sultana,,legacy,legacy_db,0,True,Gynecology & Obstetrics,,Gynecology; Obstetrics,gynecologist-obstetrician,medicine-specialist,"CREDENTIAL_MISMATCH, TAG_NOT_IN_TEXT",flagged,Qualification lacks required specialist credentials
e7bed274-9f88-45ea-a572-5cc2b8634e2a,Setara Binte Kashem,,legacy,legacy_db,0,True,Gynecology & Obstetrics,,Gynecology; Obstetrics,gynecologist-obstetrician,medicine-specialist,"CREDENTIAL_MISMATCH, TAG_NOT_IN_TEXT",flagged,Qualification lacks required specialist credentials
e81f4627-b319-48f3-8ae7-841a8d8e7ef0,Mahfuza Akhtar,,brochure,images/new2_converted/pdf_pages/Japan bangladesh Friendship Hospital/page_02.pdf,0,True,Dermatology,,Dermatology,dermatologist,,,approved,Fragments resolved exactly
e81f4627-b319-48f3-8ae7-841a8d8e7ef0,Mahfuza Akhtar,,brochure,images/new2_converted/pdf_pages/Japan bangladesh Friendship Hospital/page_02.pdf,1,False,Venereology,,Venereology,sexologist,,,approved,Fragments resolved exactly
e81f4627-b319-48f3-8ae7-841a8d8e7ef0,Mahfuza Akhtar,,brochure,images/new2_converted/pdf_pages/Japan bangladesh Friendship Hospital/page_02.pdf,2,False,Allergy,,Allergy,allergy-immunologist,,,approved,Fragments resolved exactly
e82122b8-d111-4ba7-884a-3d8c0dbc7945,Nazmul Hoque Masum,,brochure,images/new2_converted/pdf_pages/popular dhanmondi 2/page_09.pdf,0,True,Colorectal Surgery,,Colorectal Surgery,colorectal-surgeon,,,approved,Fragments resolved exactly
e82122b8-d111-4ba7-884a-3d8c0dbc7945,Nazmul Hoque Masum,,brochure,images/new2_converted/pdf_pages/popular dhanmondi 2/page_09.pdf,1,False,General Surgery,,General Surgery,general-surgeon,,,approved,Fragments resolved exactly
e88753b0-431d-43cf-a6ad-b861e48eaacf,Mohammad Ali,,legacy,legacy_db,0,True,"General Surgery, Colorectal Surgery, Nephrology, General Medicine",,General Surgery; Colorectal Surgery; Nephrology; General Medicine,"colorectal-surgeon, general-surgeon, medicine-specialist, nephrologist",,,approved,Fragments resolved exactly
e89f0f98-64de-4101-9728-ba92c9b3b320,Hashim Rabbi,,brochure,images/new2_converted/pdf_pages/popular dhanmondi 2/page_09.pdf,0,True,Liver Surgery,,Liver Surgery,hepatobiliary-surgeon,,,approved,Fragments resolved exactly
e89f0f98-64de-4101-9728-ba92c9b3b320,Hashim Rabbi,,brochure,images/new2_converted/pdf_pages/popular dhanmondi 2/page_09.pdf,1,False,Biliary Surgery,,Biliary Surgery,hepatobiliary-surgeon,,,approved,Fragments resolved exactly
e89f0f98-64de-4101-9728-ba92c9b3b320,Hashim Rabbi,,brochure,images/new2_converted/pdf_pages/popular dhanmondi 2/page_09.pdf,2,False,Pancreatic Surgery,,Pancreatic Surgery,hepatobiliary-surgeon,,,approved,Fragments resolved exactly
e8a86bd3-0ccf-403a-9994-66aad7fcf905,Lutfun Nesa,A-22105,brochure,images/new2_converted/Medinova medical cards/IMG_6017.jpg,0,True,Pediatrics,,Pediatrics,child-specialist,,,approved,Fragments resolved exactly
e8a86bd3-0ccf-403a-9994-66aad7fcf905,Lutfun Nesa,A-22105,brochure,images/new2_converted/Medinova medical cards/IMG_6017.jpg,1,False,Neonatology,,Neonatology,neonatologist,,,approved,Fragments resolved exactly
e8e2f0d8-c921-4961-8365-0bc3a9062f71,Md. Ekramul Reza,,legacy,legacy_db,0,True,Cardiology,,Cardiology,cardiologist,,CREDENTIAL_MISMATCH,flagged,Qualification lacks required specialist credentials
e9124baa-91ab-4699-8de8-972ecb98f828,M.A. Samad,,legacy,legacy_db,0,True,"Nephrology, Medicine, Kidney Diseases",,Nephrology; Medicine; Kidney Diseases,"medicine-specialist, nephrologist",,,approved,Fragments resolved exactly
e9188fab-0e47-4960-8d09-b1bf6bbc4265,Sania Rafat,,legacy,legacy_db,0,True,Radiology & Imaging,,Radiology; Imaging,radiologist,,,approved,Fragments resolved exactly
e92aceec-d563-4dc7-8d3b-e1bce6c1d6c5,Arunav Pal,A-51446,legacy,legacy_db,0,True,"Gastroenterology, Neurology, Diabetes, Medicine",,Gastroenterology; Neurology; Diabetes; Medicine,"diabetologist, gastroenterologist, medicine-specialist, neurologist",,,approved,Fragments resolved exactly
e995bef2-412b-4077-bc10-3ad11ec83ad3,S. M. Hafiz,,legacy,legacy_db,0,True,General Medicine,,General Medicine,medicine-specialist,,,approved,Fragments resolved exactly
e9ee3ed5-acb0-4156-b812-527520e1c077,Jesmin Akter,,brochure,images/new2_converted/pdf_pages/popular dhanmondi 2/page_14.pdf,0,True,Radiology & Imaging,,Radiology; Imaging,radiologist,,,approved,Fragments resolved exactly
ea55e5c4-1717-42ba-b91c-6c1fcd483632,M.. S.. Alam,508,legacy,legacy_db,0,True,"General Medicine, Gastroenterology, Diabetes & Endocrinology",,General Medicine; Gastroenterology; Diabetes; Endocrinology,"diabetologist, endocrinologist, gastroenterologist, medicine-specialist",,,approved,Fragments resolved exactly
eaaeef9e-4570-4b55-8f50-0a7348291dac,M Razibul Islam Razon,,brochure,images/new2_converted/Medinova medical cards/IMG_6014.jpg,0,True,Medicine,,Medicine,medicine-specialist,,,approved,Fragments resolved exactly
eaaeef9e-4570-4b55-8f50-0a7348291dac,M Razibul Islam Razon,,brochure,images/new2_converted/Medinova medical cards/IMG_6014.jpg,1,False,Asthma,,Asthma,chest-specialist,,,approved,Fragments resolved exactly
eaaeef9e-4570-4b55-8f50-0a7348291dac,M Razibul Islam Razon,,brochure,images/new2_converted/Medinova medical cards/IMG_6014.jpg,2,False,COPD,,COPD,chest-specialist,,,approved,Fragments resolved exactly
eaaeef9e-4570-4b55-8f50-0a7348291dac,M Razibul Islam Razon,,brochure,images/new2_converted/Medinova medical cards/IMG_6014.jpg,3,False,Dermatology,,Dermatology,dermatologist,,,approved,Fragments resolved exactly
eb2544dd-aa1e-400e-8067-db277bc9082a,Md. Abdullah Alamgir,,brochure,images/new2_converted/pdf_pages/popular dhanmondi 2/page_08.pdf,0,True,Neurosurgery,,Neurosurgery,neurosurgeon,,,approved,Fragments resolved exactly
eb8b7c1d-f856-45b5-be82-248a7cfb3291,Md. Mujibul Haque,,legacy,legacy_db,0,True,Dermatology & Venereology,,Dermatology; Venereology,"dermatologist, sexologist",,,approved,Fragments resolved exactly
ebbd8788-9dca-438b-bccd-33aa12d946ec,Md. Mahbub Anwar,,brochure,images/new2_converted/pdf_pages/Japan bangladesh Friendship Hospital/page_04.pdf,0,True,Chest Diseases,,Chest Diseases,chest-specialist,,,approved,Fragments resolved exactly
ebbd8788-9dca-438b-bccd-33aa12d946ec,Md. Mahbub Anwar,,brochure,images/new2_converted/pdf_pages/Japan bangladesh Friendship Hospital/page_04.pdf,1,False,Medicine,,Medicine,medicine-specialist,,,approved,Fragments resolved exactly
ebbd8788-9dca-438b-bccd-33aa12d946ec,Md. Mahbub Anwar,,brochure,images/new2_converted/pdf_pages/Japan bangladesh Friendship Hospital/page_04.pdf,2,False,Asthma,,Asthma,chest-specialist,,,approved,Fragments resolved exactly
ebce3994-8457-42fd-978d-07fb0d40cd8c,Mahmudul Islam,,legacy,legacy_db,0,True,"Neurology, General Medicine",,Neurology; General Medicine,"medicine-specialist, neurologist",,,approved,Fragments resolved exactly
ec181a38-7e29-4647-9cf2-1b3ed67b1738,Muhammad Abdur Razzak,,legacy,legacy_db,0,True,"General Medicine, Nephrology",,General Medicine; Nephrology,"medicine-specialist, nephrologist",,,approved,Fragments resolved exactly
ec306c49-7017-4a46-b1c1-93284a4904a2,Md. Mohsin Hosein,,brochure,images/new2_converted/pdf_pages/Ibn Sina Dhanmondi/page_02.pdf,0,True,Cardiology,,Cardiology,cardiologist,,,approved,Fragments resolved exactly
ec306c49-7017-4a46-b1c1-93284a4904a2,Md. Mohsin Hosein,,brochure,images/new2_converted/pdf_pages/Ibn Sina Dhanmondi/page_02.pdf,1,False,Interventional Cardiology,,Interventional Cardiology,interventional-cardiologist,,,approved,Fragments resolved exactly
ec437edb-fd3e-4651-91c0-f98b7010cc41,Shamsun Nahar Shanta,,legacy,legacy_db,0,True,Pediatrics,,Pediatrics,child-specialist,,CREDENTIAL_MISMATCH,flagged,Qualification lacks required specialist credentials
ec50a5e6-1941-4bf1-b155-731bcc6a7529,Md. Saiful Hossain (Dipu),,brochure,images/new2_converted/pdf_pages/Japan bangladesh Friendship Hospital/page_05.pdf,0,True,Urology,,Urology,urologist,laparoscopic-surgeon,TAG_NOT_IN_TEXT,approved,Fragments resolved exactly
ec50a5e6-1941-4bf1-b155-731bcc6a7529,Md. Saiful Hossain (Dipu),,brochure,images/new2_converted/pdf_pages/Japan bangladesh Friendship Hospital/page_05.pdf,1,False,Kidney Transplant,,Kidney Transplant,nephrologist,,,approved,Fragments resolved exactly
ec50a5e6-1941-4bf1-b155-731bcc6a7529,Md. Saiful Hossain (Dipu),,brochure,images/new2_converted/pdf_pages/Japan bangladesh Friendship Hospital/page_05.pdf,2,False,Laparoscopic Urology,,Laparoscopic Urology,urologist,,,approved,Fragments resolved exactly
ed07a9ee-da7d-4804-af39-aab3b3cf1ded,Ishrat Binte Reza,,legacy,legacy_db,0,True,General Medicine,,General Medicine,medicine-specialist,,,approved,Fragments resolved exactly
ed07c7f1-1213-4244-beb5-b671e1a461ba,Humaira Tahseen Hossain,,legacy,legacy_db,0,True,"General Medicine, Diabetes & Endocrinology",,General Medicine; Diabetes; Endocrinology,"diabetologist, endocrinologist, medicine-specialist",,,approved,Fragments resolved exactly
ed1b3337-ff86-4e9c-86b3-fb40a864b3c7,Prosanta Barikder,,brochure,images/new2_converted/pdf_pages/popular dhanmondi 2/page_13.pdf,0,True,Radiology,,Radiology,radiologist,,,approved,Fragments resolved exactly
ed1b3337-ff86-4e9c-86b3-fb40a864b3c7,Prosanta Barikder,,brochure,images/new2_converted/pdf_pages/popular dhanmondi 2/page_13.pdf,1,False,Imaging,,Imaging,radiologist,,,approved,Fragments resolved exactly
ed1b9ed7-702f-4a48-99ca-34c97fd0d06c,Md. Nuruzzaman,,legacy,legacy_db,0,True,"Gastroenterology, Liver, Pancreatic Surgery",,Gastroenterology; Liver; Pancreatic Surgery,"gastroenterologist, hepatobiliary-surgeon, hepatologist",,CREDENTIAL_MISMATCH,flagged,Qualification lacks required specialist credentials
ed4d4cb0-dbd9-4c0e-87aa-16ade865bccf,A..H.. Hamid Ahmed,,legacy,legacy_db,0,True,Nephrology,,Nephrology,nephrologist,,,approved,Fragments resolved exactly
ed80ab00-8e65-4a8b-965d-d058b325c0d2,Bikash Chandra Paul,,legacy,legacy_db,0,True,Pediatric Neurology,,Pediatric Neurology,pediatric-neurologist,,CREDENTIAL_MISMATCH,flagged,Qualification lacks required specialist credentials
edd48f0b-af3e-4f2e-8734-dc2c1a9a609e,Rezwanur Rahman,,brochure,images/new2_converted/pdf_pages/popular dhanmondi 2/page_07.pdf,0,True,Nephrology,,Nephrology,nephrologist,,,approved,Fragments resolved exactly
edef24a8-a090-4436-981f-c3ee31b6e1e1,Hurjahan Banu (Urmi),,brochure,images/new2_converted/pdf_pages/Ibn Sina Dhanmondi/page_07.pdf,0,True,Endocrinology,,Endocrinology,endocrinologist,,,approved,Fragments resolved exactly
edef24a8-a090-4436-981f-c3ee31b6e1e1,Hurjahan Banu (Urmi),,brochure,images/new2_converted/pdf_pages/Ibn Sina Dhanmondi/page_07.pdf,1,False,Diabetes & Metabolism,,Diabetes; Metabolism,"diabetologist, endocrinologist",,,approved,Fragments resolved exactly
edef24a8-a090-4436-981f-c3ee31b6e1e1,Hurjahan Banu (Urmi),,brochure,images/new2_converted/pdf_pages/Ibn Sina Dhanmondi/page_07.pdf,2,False,Thyroid,,Thyroid,endocrinologist,,,approved,Fragments resolved exactly
ee097a79-eaf7-41f3-b751-ba0dbb3f99b3,ATM Zulfiqar Rahman,,brochure,images/new2_converted/pdf_pages/radical hospitals/page_05.pdf,0,True,Orthopedics,,Orthopedics,orthopedic-surgeon,,DROPPED_KEYWORD,flagged,Claim text keyword missing from tag umbrellas
ee097a79-eaf7-41f3-b751-ba0dbb3f99b3,ATM Zulfiqar Rahman,,brochure,images/new2_converted/pdf_pages/radical hospitals/page_05.pdf,1,False,Trauma Surgery,,Trauma Surgery,orthopedic-surgeon,,,approved,Fragments resolved exactly
ee2a51c1-447e-4897-a0c7-5a1524ce8c0d,Kazi Golam Kibria (Mishu),,legacy,legacy_db,0,True,"Diabetes & Endocrinology, General Medicine",,Diabetes; Endocrinology; General Medicine,"diabetologist, endocrinologist, medicine-specialist",,,approved,Fragments resolved exactly
ee42d2ea-f7a7-42dc-ab78-f0d1b2d2c634,Mostafa Aziz Suman,,brochure,images/new2_converted/pdf_pages/Japan bangladesh Friendship Hospital/page_05.pdf,0,True,Oncology,,Oncology,cancer-specialist,,,approved,Fragments resolved exactly
ee42d2ea-f7a7-42dc-ab78-f0d1b2d2c634,Mostafa Aziz Suman,,brochure,images/new2_converted/pdf_pages/Japan bangladesh Friendship Hospital/page_05.pdf,1,False,Radiotherapy,,Radiotherapy,cancer-specialist,,,approved,Fragments resolved exactly
ee865ee3-60c3-48e6-a734-fb64a6358799,Ataur Rahman Khan,,brochure,images/new2_converted/pdf_pages/Japan bangladesh Friendship Hospital/page_02.pdf,0,True,Internal Medicine,,Internal Medicine,medicine-specialist,,,approved,Fragments resolved exactly
eecc16ef-d2ee-4de4-a2b6-4a21e5714808,A. M. A. Aiyub Ansari (Pinu),A-43118,legacy,legacy_db,0,True,"General Surgery, Laparoscopic Surgery, Hepatobiliary Surgery, Pancreatic Surgery, Liver Transplant",,General Surgery; Laparoscopic Surgery; Hepatobiliary Surgery; Pancreatic Surgery; Liver Transplant,"general-surgeon, hepatobiliary-surgeon, hepatologist, laparoscopic-surgeon",,CREDENTIAL_MISMATCH,flagged,Qualification lacks required specialist credentials
ef1a6c02-46d7-43b9-8257-cc21964eedbb,Khandaker Hamidul Hoque,,brochure,images/new2_converted/pdf_pages/Japan bangladesh Friendship Hospital/page_02.pdf,0,True,General Physician,,General Physician,family-physician-gp,,,approved,Fragments resolved exactly
ef57035a-31d3-4e17-88cd-7b963f12fa7c,Mortaza Hasan,,legacy,legacy_db,0,True,Psychiatry & Mental Health,,Psychiatry; Mental Health,"mental-health, psychiatrist",medicine-specialist,TAG_NOT_IN_TEXT,approved,Fragments resolved exactly
ef68b79c-abb3-461b-9a77-ae931f4209cc,Md. Atiqul Islam,A-৩৫৫২৫,legacy,legacy_db,0,True,"General Medicine, Hepatology, Gastroenterology",,General Medicine; Hepatology; Gastroenterology,"gastroenterologist, hepatologist, medicine-specialist",,,approved,Fragments resolved exactly
efbca0e4-86b8-4a1d-a9bd-d07f18c08839,Abdullah Al Mamun,,brochure,images/new2_converted/pdf_pages/radical hospitals/page_05.pdf,0,True,General Surgery,,General Surgery,general-surgeon,endocrinologist,TAG_NOT_IN_TEXT,approved,Fragments resolved exactly
efbca0e4-86b8-4a1d-a9bd-d07f18c08839,Abdullah Al Mamun,,brochure,images/new2_converted/pdf_pages/radical hospitals/page_05.pdf,1,False,Laparoscopic Surgery,,Laparoscopic Surgery,laparoscopic-surgeon,,,approved,Fragments resolved exactly
efbca0e4-86b8-4a1d-a9bd-d07f18c08839,Abdullah Al Mamun,,brochure,images/new2_converted/pdf_pages/radical hospitals/page_05.pdf,2,False,Colorectal Surgery,,Colorectal Surgery,colorectal-surgeon,,,approved,Fragments resolved exactly
f01a042d-d8d8-40a3-95f4-f5db1899f7d2,Marina Jahan,,legacy,legacy_db,0,True,"Gynecology & Obstetrics, General Surgery",,Gynecology; Obstetrics; General Surgery,"general-surgeon, gynecologist-obstetrician",medicine-specialist,"CREDENTIAL_MISMATCH, TAG_NOT_IN_TEXT",flagged,Qualification lacks required specialist credentials
f02f1f2f-84b3-4506-8080-3756c3247944,Khaledun Nessa,,legacy,legacy_db,0,True,Gynecology & Obstetrics,,Gynecology; Obstetrics,gynecologist-obstetrician,medicine-specialist,"CREDENTIAL_MISMATCH, TAG_NOT_IN_TEXT",flagged,Qualification lacks required specialist credentials
f06a6236-97de-48dc-8224-0ccb7e7464cf,Moinuddin Ahmed Chowdhury,,brochure,images/new2_converted/pdf_pages/popular dhanmondi 2/page_09.pdf,0,True,Orthopedic Surgery,,Orthopedic Surgery,orthopedic-surgeon,,DROPPED_KEYWORD,flagged,Claim text keyword missing from tag umbrellas
f08a03cd-c82a-48d2-a894-3bc1e5788905,Md. Monowarul Islam,,legacy,legacy_db,0,True,"Urology, Kidney Diseases, General Surgery, Laparoscopic Surgery",,Urology; Kidney Diseases; General Surgery; Laparoscopic Surgery,"general-surgeon, laparoscopic-surgeon, nephrologist, urologist",,,approved,Fragments resolved exactly
f100df99-298f-403e-b9bd-c38966067ab6,Sanjib Chowdhury,,legacy,legacy_db,0,True,Cardiology,,Cardiology,cardiologist,,CREDENTIAL_MISMATCH,flagged,Qualification lacks required specialist credentials
f10541b2-2aff-430b-906b-b7e2e0454497,Md. Nabir Hossain,,brochure,images/new2_converted/pdf_pages/radical hospitals/page_05.pdf,0,True,Surgical Oncology,,Surgical Oncology,cancer-surgeon,,,approved,Fragments resolved exactly
f10541b2-2aff-430b-906b-b7e2e0454497,Md. Nabir Hossain,,brochure,images/new2_converted/pdf_pages/radical hospitals/page_05.pdf,1,False,General Surgery,,General Surgery,general-surgeon,,,approved,Fragments resolved exactly
f10fbc36-aa9d-47b8-a725-734f461f74cb,KM Sarwar Mahmud,,brochure,images/new2_converted/pdf_pages/Ibn Sina Dhanmondi/page_05.pdf,0,True,Pediatrics,,Pediatrics,child-specialist,,,approved,Fragments resolved exactly
f10fbc36-aa9d-47b8-a725-734f461f74cb,KM Sarwar Mahmud,,brochure,images/new2_converted/pdf_pages/Ibn Sina Dhanmondi/page_05.pdf,1,False,Rheumatology,,Rheumatology,rheumatologist,,,approved,Fragments resolved exactly
f161b7d4-6bec-453d-8309-6db9506ceffc,Md. Shaheen Choudhury,,brochure,images/new2_converted/Ibn Sina Cards/IMG_5988.jpg,0,True,Internal Medicine,,Internal Medicine,medicine-specialist,,,approved,Fragments resolved exactly
f179682c-6c1a-4a11-9183-dd48125f38cd,Md. Shahidur Rahman Shikder,,legacy,legacy_db,0,True,Neurosurgery,,Neurosurgery,neurosurgeon,,CREDENTIAL_MISMATCH,flagged,Qualification lacks required specialist credentials
f17e41cb-f3f7-4758-b88c-44519e214ee1,Rajatun Nayeem Magalin,,brochure,images/new2_converted/pdf_pages/Japan bangladesh Friendship Hospital/page_05.pdf,0,True,Neurology,,Neurology,neurologist,,,approved,Fragments resolved exactly
f1ad8411-3752-48b3-af6d-6d5d3150622a,Rebeka Tarannum (Shampy),,brochure,images/new2_converted/pdf_pages/radical hospitals/page_02.pdf,0,True,Obstetrics & Gynaecology,,Obstetrics; Gynaecology,gynecologist-obstetrician,medicine-specialist,TAG_NOT_IN_TEXT,approved,Fragments resolved exactly
f1ad8411-3752-48b3-af6d-6d5d3150622a,Rebeka Tarannum (Shampy),,brochure,images/new2_converted/pdf_pages/radical hospitals/page_02.pdf,1,False,Laparoscopic Surgery,,Laparoscopic Surgery,laparoscopic-surgeon,,,approved,Fragments resolved exactly
f22352b5-deae-472d-81a7-fc27fb24af86,Sayeba Akhter,,brochure,images/new2_converted/pdf_pages/popular dhanmondi 2/page_10.pdf,0,True,Obstetrics & Gynaecology,,Obstetrics; Gynaecology,gynecologist-obstetrician,medicine-specialist,"CREDENTIAL_MISMATCH, TAG_NOT_IN_TEXT",flagged,Qualification lacks required specialist credentials
f26539be-9892-4810-8874-a9d7d3733f69,Samprity Islam,,brochure,images/new2_converted/pdf_pages/popular dhanmondi 2/page_04.pdf,0,True,Medicine,,Medicine,medicine-specialist,,,approved,Fragments resolved exactly
f26539be-9892-4810-8874-a9d7d3733f69,Samprity Islam,,brochure,images/new2_converted/pdf_pages/popular dhanmondi 2/page_04.pdf,1,False,Chest Medicine,,Chest Medicine,chest-specialist,,,approved,Fragments resolved exactly
f2700d2b-02c4-4ba1-a8a8-ba3d5e4c490a,Nargis Sultana,,brochure,images/new2_converted/pdf_pages/Japan bangladesh Friendship Hospital/page_06.pdf,0,True,Gynecological Oncology,,Gynecological Oncology,gynecological-oncologist,,,approved,Fragments resolved exactly
f2700d2b-02c4-4ba1-a8a8-ba3d5e4c490a,Nargis Sultana,,brochure,images/new2_converted/pdf_pages/Japan bangladesh Friendship Hospital/page_06.pdf,1,False,Laparoscopic Surgery,,Laparoscopic Surgery,laparoscopic-surgeon,,,approved,Fragments resolved exactly
f2816ce4-d1c4-43fb-a27f-4376a8c3346c,Sumaiya Ali,,brochure,images/new2_converted/pdf_pages/Japan bangladesh Friendship Hospital/page_06.pdf,0,True,Pediatric Surgery,,Pediatric Surgery,pediatric-surgeon,,,approved,Fragments resolved exactly
f2876fcc-ac0d-4f8d-875e-1ac13216e796,Shabeen Afrin (Kajal),,brochure,images/new2_converted/pdf_pages/Ibn Sina Dhanmondi/page_04.pdf,0,True,Obstetrics & Gynaecology,,Obstetrics; Gynaecology,gynecologist-obstetrician,medicine-specialist,TAG_NOT_IN_TEXT,approved,Fragments resolved exactly
f2da31a6-b7cc-4b93-9df5-a13e9a5a5866,Md. Sakib Intisar,,legacy,legacy_db,0,True,Neurosurgery,,Neurosurgery,neurosurgeon,,CREDENTIAL_MISMATCH,flagged,Qualification lacks required specialist credentials
f2dff901-132d-4434-98b4-fef061c7e328,Muhammad Shahiduzzaman,,brochure,images/new2_converted/pdf_pages/popular dhanmondi 2/page_09.pdf,0,True,Orthopedic Surgery,,Orthopedic Surgery,orthopedic-surgeon,,DROPPED_KEYWORD,flagged,Claim text keyword missing from tag umbrellas
f2dff901-132d-4434-98b4-fef061c7e328,Muhammad Shahiduzzaman,,brochure,images/new2_converted/pdf_pages/popular dhanmondi 2/page_09.pdf,1,False,Spine Surgery,,Spine Surgery,spine-surgeon,,,approved,Fragments resolved exactly
f2e21f54-94b1-4107-b2d5-b2b396942cbc,Sushmita Islam,,legacy,legacy_db,0,True,"General Medicine, Gastroenterology",,General Medicine; Gastroenterology,"gastroenterologist, medicine-specialist",,,approved,Fragments resolved exactly
f2efb4eb-b2e6-4e93-a7bf-d83b8deb703a,S.M. Jihadul Islam Sohag,,brochure,images/new2_converted/Northern hospital Cards/IMG_6020.jpg,0,True,Orthopedic Surgery,,Orthopedic Surgery,orthopedic-surgeon,,"CREDENTIAL_MISMATCH, DROPPED_KEYWORD",flagged,Qualification lacks required specialist credentials; Claim text keyword missing from tag umbrellas
f2efb4eb-b2e6-4e93-a7bf-d83b8deb703a,S.M. Jihadul Islam Sohag,,brochure,images/new2_converted/Northern hospital Cards/IMG_6020.jpg,1,False,Trauma Surgery,,Trauma Surgery,orthopedic-surgeon,,CREDENTIAL_MISMATCH,flagged,Qualification lacks required specialist credentials
f318a116-1af9-4a1e-abb8-3e7ce877e527,Shahidul Islam,,brochure,images/new2_converted/Ibn Sina Cards/IMG_5995.jpg,0,True,Orthopedics,,Orthopedics,orthopedic-surgeon,,DROPPED_KEYWORD,flagged,Claim text keyword missing from tag umbrellas
f318a116-1af9-4a1e-abb8-3e7ce877e527,Shahidul Islam,,brochure,images/new2_converted/Ibn Sina Cards/IMG_5995.jpg,1,False,Spine Surgery,,Spine Surgery,spine-surgeon,,,approved,Fragments resolved exactly
f31b76d3-7f3b-484c-8679-29428f8c1583,Saida Sharmina Rahman,,legacy,legacy_db,0,True,General Physician,,General Physician,family-physician-gp,,,approved,Fragments resolved exactly
f3487454-301e-4d8b-b7db-d47837476577,Md. Alauddin,,legacy,legacy_db,0,True,"Spine Surgery, Orthopedics",,Spine Surgery; Orthopedics,"orthopedic-surgeon, spine-surgeon",,"CREDENTIAL_MISMATCH, DROPPED_KEYWORD",flagged,Qualification lacks required specialist credentials; Claim text keyword missing from tag umbrellas
f34afa75-04ec-4bd2-93ba-772ad278fe79,Md. Safayet Jamil (Sourav),,legacy,legacy_db,0,True,Cardiac Surgery,,Cardiac Surgery,cardiac-surgeon,,CREDENTIAL_MISMATCH,flagged,Qualification lacks required specialist credentials
f354dfaf-a97d-42e6-99db-0814a5fa527f,Ummey Hani Munmun,,brochure,images/new2_converted/Ibn Sina Cards/IMG_6003.jpg,0,True,Dermatology,,Dermatology,dermatologist,,,approved,Fragments resolved exactly
f354dfaf-a97d-42e6-99db-0814a5fa527f,Ummey Hani Munmun,,brochure,images/new2_converted/Ibn Sina Cards/IMG_6003.jpg,1,False,Skin,,Skin,dermatologist,,,approved,Fragments resolved exactly
f354dfaf-a97d-42e6-99db-0814a5fa527f,Ummey Hani Munmun,,brochure,images/new2_converted/Ibn Sina Cards/IMG_6003.jpg,2,False,Allergy,,Allergy,allergy-immunologist,,,approved,Fragments resolved exactly
f354dfaf-a97d-42e6-99db-0814a5fa527f,Ummey Hani Munmun,,brochure,images/new2_converted/Ibn Sina Cards/IMG_6003.jpg,3,False,VD,,VD,sexologist,,,approved,Fragments resolved exactly
f366df11-a440-45f0-a2ac-7892f30e60de,M M ZAMAN,,brochure,images/new2_converted/pdf_pages/popular dhanmondi 2/page_13.pdf,0,True,Physical Medicine & Rehabilitation,,Physical Medicine; Rehabilitation,physical-medicine-specialist,medicine-specialist,TAG_NOT_IN_TEXT,approved,Fragments resolved exactly
f366df11-a440-45f0-a2ac-7892f30e60de,M M ZAMAN,,brochure,images/new2_converted/pdf_pages/popular dhanmondi 2/page_13.pdf,1,False,Rheumatology,,Rheumatology,rheumatologist,,,approved,Fragments resolved exactly
f366df11-a440-45f0-a2ac-7892f30e60de,M M ZAMAN,,brochure,images/new2_converted/pdf_pages/popular dhanmondi 2/page_13.pdf,2,False,Pain Management,,Pain Management,pain-specialist,,,approved,Fragments resolved exactly
f37f19e8-55df-48b1-9aef-f1e42ad1f5c9,Farzana Alam (Toon),,brochure,images/new2_converted/pdf_pages/popular dhanmondi 2/page_13.pdf,0,True,Radiology,,Radiology,radiologist,neurologist,TAG_NOT_IN_TEXT,approved,Fragments resolved exactly
f37f19e8-55df-48b1-9aef-f1e42ad1f5c9,Farzana Alam (Toon),,brochure,images/new2_converted/pdf_pages/popular dhanmondi 2/page_13.pdf,1,False,Imaging,,Imaging,radiologist,,,approved,Fragments resolved exactly
f37f19e8-55df-48b1-9aef-f1e42ad1f5c9,Farzana Alam (Toon),,brochure,images/new2_converted/pdf_pages/popular dhanmondi 2/page_13.pdf,2,False,Neurointervention,,Neurointervention,interventional-neurologist,,,approved,Fragments resolved exactly
f3cd1c54-d31e-4df7-81e1-6d1e4fe70567,Faysal Ahmed,,brochure,images/new2_converted/pdf_pages/Japan bangladesh Friendship Hospital/page_04.pdf,0,True,Orthopaedic Surgery,,Orthopaedic Surgery,orthopedic-surgeon,,DROPPED_KEYWORD,flagged,Claim text keyword missing from tag umbrellas
f426cfaa-e4ea-4c80-b65c-8ed41e8c31f0,M. A. Khaled Raju,,brochure,images/new2_converted/pdf_pages/radical hospitals/page_04.pdf,0,True,Dental Surgery,,Dental Surgery,dentist,,,approved,Fragments resolved exactly
f426cfaa-e4ea-4c80-b65c-8ed41e8c31f0,M. A. Khaled Raju,,brochure,images/new2_converted/pdf_pages/radical hospitals/page_04.pdf,1,False,Maxillofacial Surgery,,Maxillofacial Surgery,maxillofacial-surgeon,,,approved,Fragments resolved exactly
f44fb207-171f-4af1-a573-121897d62a4a,Md. Mokhlesur Rahman (Mukul),,brochure,images/new2_converted/pdf_pages/Alliance hospital/page_05.pdf,0,True,Neurosurgery,,Neurosurgery,neurosurgeon,,,approved,Fragments resolved exactly
f44fb207-171f-4af1-a573-121897d62a4a,Md. Mokhlesur Rahman (Mukul),,brochure,images/new2_converted/pdf_pages/Alliance hospital/page_05.pdf,1,False,Spine Surgery,,Spine Surgery,spine-surgeon,,,approved,Fragments resolved exactly
f48117b7-8f7e-4a92-a64a-6edc7843c33f,Tabassum Parveen,,legacy,legacy_db,0,True,General Physician,,General Physician,family-physician-gp,,,approved,Fragments resolved exactly
f48cf3de-ea09-4f7c-8ccf-dbf1b1b572ba,Mst. Khaleda Akhtar,,brochure,images/new2_converted/Northern hospital Cards/IMG_6020.jpg,0,True,Obstetrics & Gynaecology,,Obstetrics; Gynaecology,gynecologist-obstetrician,medicine-specialist,"CREDENTIAL_MISMATCH, TAG_NOT_IN_TEXT",flagged,Qualification lacks required specialist credentials
f495986e-bef3-4cbd-a2f9-8f96c5dffa4c,Sumaya Akter,,brochure,images/new2_converted/pdf_pages/popular dhanmondi 2/page_16.pdf,0,True,Obstetrics & Gynaecology,,Obstetrics; Gynaecology,gynecologist-obstetrician,medicine-specialist,TAG_NOT_IN_TEXT,approved,Fragments resolved exactly
f4e9f462-20a2-45d0-8fc4-8c89776e19c5,Md. Abul Farah Jewel,,legacy,legacy_db,0,True,"Neurology, General Medicine",,Neurology; General Medicine,"medicine-specialist, neurologist",,,approved,Fragments resolved exactly
f4f5da55-9dd8-4efd-8e79-96cc20730a4c,A.. B.. M.. Mashiur Rahman Chowdhury,,legacy,legacy_db,0,True,ENT (Otolaryngology),,ENT (Otolaryngology,,ent-specialist,"TAG_NOT_IN_TEXT, UNMAPPED_FRAGMENT",flagged,Unmapped fragments: ENT (Otolaryngology
f508c31b-db00-474a-bebd-c30cba6b069c,Syed Golam Mogni Mawla,100,legacy,legacy_db,0,True,"General Medicine, Diabetes & Endocrinology",,General Medicine; Diabetes; Endocrinology,"diabetologist, endocrinologist, medicine-specialist",,,approved,Fragments resolved exactly
f56a67f9-c686-4edb-ba13-d41cfdb2aa99,Mir Rashed Alam Ovi,,legacy,legacy_db,0,True,"Colorectal Surgery, General Surgery",,Colorectal Surgery; General Surgery,"colorectal-surgeon, general-surgeon",,,approved,Fragments resolved exactly
f5986cd5-3430-4dac-924f-34bb18e5a50f,Fahim Chowdhury (Sony),,legacy,legacy_db,0,True,"Colorectal Surgery, General Surgery",,Colorectal Surgery; General Surgery,"colorectal-surgeon, general-surgeon",,CREDENTIAL_MISMATCH,flagged,Qualification lacks required specialist credentials
f5b4b0e3-33b4-4fdc-b4c1-b0e655651cd5,Shah Md. Bulbul Islam,,brochure,images/new2_converted/pdf_pages/Ibn Sina Dhanmondi/page_02.pdf,0,True,Ophthalmology,,Ophthalmology,eye-specialist,,,approved,Fragments resolved exactly
f5b97cd6-b85e-438b-8e62-aa3548af07dc,M. Mohibur Rahman,,legacy,legacy_db,0,True,"General Medicine, Nephrology",,General Medicine; Nephrology,"medicine-specialist, nephrologist",,,approved,Fragments resolved exactly
f6041026-72f5-45ee-bf8d-f10865838d43,Soumitra Sarker,,legacy,legacy_db,0,True,Neurosurgery,,Neurosurgery,neurosurgeon,,CREDENTIAL_MISMATCH,flagged,Qualification lacks required specialist credentials
f6124b62-7745-4f1d-a5d9-18b2d0db2647,Sadia Sifat,,brochure,images/new2_converted/pdf_pages/Japan bangladesh Friendship Hospital/page_02.pdf,0,True,Respiratory Medicine,,Respiratory Medicine,chest-specialist,,,approved,Fragments resolved exactly
f6124b62-7745-4f1d-a5d9-18b2d0db2647,Sadia Sifat,,brochure,images/new2_converted/pdf_pages/Japan bangladesh Friendship Hospital/page_02.pdf,1,False,Asthma,,Asthma,chest-specialist,,,approved,Fragments resolved exactly
f6124b62-7745-4f1d-a5d9-18b2d0db2647,Sadia Sifat,,brochure,images/new2_converted/pdf_pages/Japan bangladesh Friendship Hospital/page_02.pdf,2,False,General Physician,,General Physician,family-physician-gp,,,approved,Fragments resolved exactly
f617c06d-080a-4d81-9190-584e334175fe,Rakibul Hasan (Apu),,brochure,images/new2_converted/pdf_pages/popular dhanmondi 2/page_10.pdf,0,True,Vascular Surgery,,Vascular Surgery,vascular-surgeon,,,approved,Fragments resolved exactly
f617c06d-080a-4d81-9190-584e334175fe,Rakibul Hasan (Apu),,brochure,images/new2_converted/pdf_pages/popular dhanmondi 2/page_10.pdf,1,False,Thoracic Surgery,,Thoracic Surgery,thoracic-surgeon,,,approved,Fragments resolved exactly
f617c06d-080a-4d81-9190-584e334175fe,Rakibul Hasan (Apu),,brochure,images/new2_converted/pdf_pages/popular dhanmondi 2/page_10.pdf,2,False,Laser Surgery,,Laser Surgery,laparoscopic-surgeon,,,approved,Fragments resolved exactly
f626a61a-03b8-4748-9b85-234f2f94a327,Parthasarathi Mazumdar,,brochure,images/new2_converted/pdf_pages/Japan bangladesh Friendship Hospital/page_06.pdf,0,True,Pediatric Surgery,,Pediatric Surgery,pediatric-surgeon,,,approved,Fragments resolved exactly
f6339fdb-e361-4915-8a58-420510d9b2ce,Shamsunnahar Nahid (Mohua),,legacy,legacy_db,0,True,Nutrition & Dietetics,,Nutrition; Dietetics,nutritionist-dietitian,medicine-specialist,"CREDENTIAL_MISMATCH, TAG_NOT_IN_TEXT",flagged,Qualification lacks required specialist credentials
f69dffc8-9593-4905-97f0-7f45deccbe6a,Rubayat Sheik Giasuddin,,legacy,legacy_db,0,True,Medicine,,Medicine,medicine-specialist,,,approved,Fragments resolved exactly
f6ab26dd-058a-4197-90d7-a6a6b19c9e79,Md. Jamal Uddin,২৬৮০৪,brochure,images/new2_converted/Medinova medical cards/IMG_6005.jpg,0,True,Oncology,,Oncology,cancer-specialist,,,approved,Fragments resolved exactly
f6ab26dd-058a-4197-90d7-a6a6b19c9e79,Md. Jamal Uddin,২৬৮০৪,brochure,images/new2_converted/Medinova medical cards/IMG_6005.jpg,1,False,Radiotherapy,,Radiotherapy,cancer-specialist,,,approved,Fragments resolved exactly
f6ec95f9-e241-483d-ab25-e1dd316a1b13,Md. Nazmul Hoque Masum,,legacy,legacy_db,0,True,"Colorectal Surgery, General Surgery",,Colorectal Surgery; General Surgery,"colorectal-surgeon, general-surgeon",,,approved,Fragments resolved exactly
f6fc8b6b-1352-452b-8826-59a4105d05c3,Md. Abu Hanif,,legacy,legacy_db,0,True,ENT (Otolaryngology),,ENT (Otolaryngology,,ent-specialist,"TAG_NOT_IN_TEXT, UNMAPPED_FRAGMENT",flagged,Unmapped fragments: ENT (Otolaryngology
f75714df-7993-4c25-bc8a-824cf45ae80d,Md. Billal Alam,,legacy,legacy_db,0,True,General Medicine,,General Medicine,medicine-specialist,,,approved,Fragments resolved exactly
f7a5a037-7751-4357-9630-768734b98089,S M Idris Ali,,legacy,legacy_db,0,True,"Orthopedics, Spine Surgery",,Orthopedics; Spine Surgery,"orthopedic-surgeon, spine-surgeon",,DROPPED_KEYWORD,flagged,Claim text keyword missing from tag umbrellas
f7ab3fc8-6ad0-4f4b-bd24-3b113925e869,Gobinda Chandra Roy,,brochure,images/new2_converted/pdf_pages/popular dhanmondi 2/page_02.pdf,0,True,Cardiology,,Cardiology,cardiologist,,,approved,Fragments resolved exactly
f7ab3fc8-6ad0-4f4b-bd24-3b113925e869,Gobinda Chandra Roy,,brochure,images/new2_converted/pdf_pages/popular dhanmondi 2/page_02.pdf,1,False,Internal Medicine,,Internal Medicine,medicine-specialist,,,approved,Fragments resolved exactly
f82f7481-4dbd-41cc-bb59-3b08ad04c503,Ahmed Rakib,,legacy,legacy_db,0,True,General Physician,,General Physician,family-physician-gp,,,approved,Fragments resolved exactly
f860d153-9e1e-43fc-8fc8-bf3d5eba3271,Khabir Uddin Ahmed,,brochure,images/new2_converted/pdf_pages/Ibn Sina Dhanmondi/page_05.pdf,0,True,ENT,,ENT,ent,,,approved,Fragments resolved exactly
f86e5899-7ad2-4fc8-8ba1-e1fc7596a8ad,Khairun Nahar (Shaon),,legacy,legacy_db,0,True,Gynecology & Obstetrics,,Gynecology; Obstetrics,gynecologist-obstetrician,medicine-specialist,"CREDENTIAL_MISMATCH, TAG_NOT_IN_TEXT",flagged,Qualification lacks required specialist credentials
f87f2d6f-076d-450e-8bca-3b8ed4dcf8f1,Md. Aminur Rashid,,legacy,legacy_db,0,True,Pediatric Surgery,,Pediatric Surgery,pediatric-surgeon,,,approved,Fragments resolved exactly
f88f2106-2b99-4347-bc48-75bad801c114,Anharur Rahman,,legacy,legacy_db,0,True,Hepatobiliary Surgery,,Hepatobiliary Surgery,hepatobiliary-surgeon,,CREDENTIAL_MISMATCH,flagged,Qualification lacks required specialist credentials
f8b0735e-9fab-4094-8fb5-f8e6499f4f4e,Kajal Kumar Karmakar,,legacy,legacy_db,0,True,Cardiology,,Cardiology,cardiologist,,CREDENTIAL_MISMATCH,flagged,Qualification lacks required specialist credentials
f8e0a45e-a420-49ee-a952-773f30a9c18d,Mahfuzer Rahman,,legacy,legacy_db,0,True,Orthopedics,,Orthopedics,orthopedic-surgeon,,"CREDENTIAL_MISMATCH, DROPPED_KEYWORD",flagged,Qualification lacks required specialist credentials; Claim text keyword missing from tag umbrellas
f92f85cd-8ab7-4af0-be95-f6b07b740553,A H M Rowshon,,brochure,images/new2_converted/pdf_pages/popular dhanmondi 2/page_06.pdf,0,True,Gastroenterology,,Gastroenterology,gastroenterologist,,,approved,Fragments resolved exactly
f92f85cd-8ab7-4af0-be95-f6b07b740553,A H M Rowshon,,brochure,images/new2_converted/pdf_pages/popular dhanmondi 2/page_06.pdf,1,False,Medicine,,Medicine,medicine-specialist,,,approved,Fragments resolved exactly
f9409be6-6a1c-41a1-94f3-91b3bb5b1e06,Juliet Parwin,,legacy,legacy_db,0,True,"Gynecology & Obstetrics, Radiology & Imaging",,Gynecology; Obstetrics; Radiology; Imaging,"gynecologist-obstetrician, radiologist",medicine-specialist,TAG_NOT_IN_TEXT,approved,Fragments resolved exactly
f944e341-d7ec-44b8-9ba8-1f82ece7cf34,Wahid Murad Chowdhury,,brochure,images/new2_converted/pdf_pages/radical hospitals/page_04.pdf,0,True,Endocrinology,,Endocrinology,endocrinologist,,,approved,Fragments resolved exactly
f944e341-d7ec-44b8-9ba8-1f82ece7cf34,Wahid Murad Chowdhury,,brochure,images/new2_converted/pdf_pages/radical hospitals/page_04.pdf,1,False,Diabetes,,Diabetes,diabetologist,,,approved,Fragments resolved exactly
f944e341-d7ec-44b8-9ba8-1f82ece7cf34,Wahid Murad Chowdhury,,brochure,images/new2_converted/pdf_pages/radical hospitals/page_04.pdf,2,False,Thyroid,,Thyroid,endocrinologist,,,approved,Fragments resolved exactly
f9d7ada6-6849-437a-acf3-8f9b001a1d24,Md. Moklasur Rahman Mukul,,brochure,images/new2_converted/pdf_pages/popular dhanmondi 2/page_08.pdf,0,True,Neurosurgery,,Neurosurgery,neurosurgeon,,,approved,Fragments resolved exactly
f9d7ada6-6849-437a-acf3-8f9b001a1d24,Md. Moklasur Rahman Mukul,,brochure,images/new2_converted/pdf_pages/popular dhanmondi 2/page_08.pdf,1,False,Spine Surgery,,Spine Surgery,spine-surgeon,,,approved,Fragments resolved exactly
f9e5a8e3-5683-48dc-b044-f2077abe9e7c,Md. Jahangir Alam,,brochure,images/new2_converted/pdf_pages/radical hospitals/page_03.pdf,0,True,ENT,,ENT,ent,,,approved,Fragments resolved exactly
f9f3acc7-b0f0-45bc-bc98-f1965e3492eb,Shamsi Ara Begum,,legacy,legacy_db,0,True,Radiology & Imaging,,Radiology; Imaging,radiologist,,,approved,Fragments resolved exactly
fa03e0f6-4354-446d-ab20-503a9bc8ba71,S. A. Nurul Alam (Aga),,brochure,images/new2_converted/pdf_pages/popular dhanmondi 2/page_10.pdf,0,True,Vascular Surgery,,Vascular Surgery,vascular-surgeon,,CREDENTIAL_MISMATCH,flagged,Qualification lacks required specialist credentials
fa4bca65-ea30-4fe0-aa83-1016b44ea193,Faruque Ahmed,,brochure,images/new2_converted/pdf_pages/popular dhanmondi 2/page_06.pdf,0,True,Gastroenterology,,Gastroenterology,gastroenterologist,"medicine-specialist, nephrologist",TAG_NOT_IN_TEXT,approved,Fragments resolved exactly
fa74e568-30eb-473f-a853-80b1386eafce,Md. Mahbubul Alam,,brochure,images/new2_converted/pdf_pages/popular dhanmondi 2/page_14.pdf,0,True,Neurology,,Neurology,neurologist,,,approved,Fragments resolved exactly
faa4048e-1e51-4d0c-8267-f8307992d12e,Kazi Hafiz Uddin,A-41112,legacy,legacy_db,0,True,"Neurosurgery, General Surgery, Spine Surgery",,Neurosurgery; General Surgery; Spine Surgery,"general-surgeon, neurosurgeon, spine-surgeon",,,approved,Fragments resolved exactly
fab9511f-6d7f-48e2-ad3f-c20d707c2669,Mohammad Ali Arafat (Hira),,legacy,legacy_db,0,True,Urology,,Urology,urologist,,,approved,Fragments resolved exactly
fad0fca5-3539-4352-8e35-718bcc9bfb6d,Md. Mahbub Hossain,,brochure,images/new2_converted/pdf_pages/Japan bangladesh Friendship Hospital/page_05.pdf,0,True,Neurosurgery,,Neurosurgery,neurosurgeon,,,approved,Fragments resolved exactly
fad0fca5-3539-4352-8e35-718bcc9bfb6d,Md. Mahbub Hossain,,brochure,images/new2_converted/pdf_pages/Japan bangladesh Friendship Hospital/page_05.pdf,1,False,Spine Surgery,,Spine Surgery,spine-surgeon,,,approved,Fragments resolved exactly
fadada90-cda7-490d-9f8f-187e4d080d15,Md. Aminur Rashid,,legacy,legacy_db,0,True,Pediatric Surgery,,Pediatric Surgery,pediatric-surgeon,,CREDENTIAL_MISMATCH,flagged,Qualification lacks required specialist credentials
fae3449e-5c4d-4570-8970-658099038c5c,M A Rahim,,legacy,legacy_db,0,True,Hepatology,,Hepatology,hepatologist,,,approved,Fragments resolved exactly
fb43fbe7-0f30-43a1-81ef-7f7b59ef39ec,Nazib Mohiuddin,,legacy,legacy_db,0,True,General Medicine,,General Medicine,medicine-specialist,,,approved,Fragments resolved exactly
fbba0d87-b01f-4a34-b224-22a9b6629ed6,Md. Rashidul Hassan,,brochure,images/new2_converted/pdf_pages/Alliance hospital/page_03.pdf,0,True,Pulmonology,,Pulmonology,chest-specialist,,,approved,Fragments resolved exactly
fbba0d87-b01f-4a34-b224-22a9b6629ed6,Md. Rashidul Hassan,,brochure,images/new2_converted/pdf_pages/Alliance hospital/page_03.pdf,1,False,Chest Diseases,,Chest Diseases,chest-specialist,,,approved,Fragments resolved exactly
fbe274ef-4cca-4ae9-88c3-a9cc85f44b12,Morshed Ahmed Khan,,legacy,legacy_db,0,True,"Diabetes & Endocrinology, General Medicine",,Diabetes; Endocrinology; General Medicine,"diabetologist, endocrinologist, medicine-specialist",,,approved,Fragments resolved exactly
fbfb1645-42c4-49ca-b4f0-f2ff64bd49cb,Mohammad Rafiqul Islam,,brochure,images/new2_converted/Ibn Sina Cards/IMG_5991.jpg,0,True,Chest Diseases,,Chest Diseases,chest-specialist,,,approved,Fragments resolved exactly
fbfb1645-42c4-49ca-b4f0-f2ff64bd49cb,Mohammad Rafiqul Islam,,brochure,images/new2_converted/Ibn Sina Cards/IMG_5991.jpg,1,False,Pulmonology,,Pulmonology,chest-specialist,,,approved,Fragments resolved exactly
fbfb1645-42c4-49ca-b4f0-f2ff64bd49cb,Mohammad Rafiqul Islam,,brochure,images/new2_converted/Ibn Sina Cards/IMG_5991.jpg,2,False,Medicine,,Medicine,medicine-specialist,,,approved,Fragments resolved exactly
fc0edca9-e56e-4794-ac8c-8f4045598250,Isha Khan Rana,,legacy,legacy_db,0,True,"Hepatology, General Medicine",,Hepatology; General Medicine,"hepatologist, medicine-specialist",,,approved,Fragments resolved exactly
fc10fc24-9f02-4397-9ff0-33ff29452966,Ashiqur Rahman Khan,,legacy,legacy_db,0,True,"Cardiology, General Medicine",,Cardiology; General Medicine,"cardiologist, medicine-specialist",,CREDENTIAL_MISMATCH,flagged,Qualification lacks required specialist credentials
fc161ddb-3127-45e5-ace3-3a0f7a56cb38,Laila Arjumand Banu,,legacy,legacy_db,0,True,"Pediatric Neurology, Pediatrics",,Pediatric Neurology; Pediatrics,"child-specialist, pediatric-neurologist",,,approved,Fragments resolved exactly
fc837e28-ab64-42a9-bfd2-31a3ed324ca7,Debesh Chandra Talukder,,brochure,images/new2_converted/pdf_pages/popular dhanmondi 2/page_12.pdf,0,True,ENT & Head & Neck Surgery,,ENT; Head; Neck Surgery,"ent, head-neck-surgeon",,CREDENTIAL_MISMATCH,flagged,Qualification lacks required specialist credentials
fcaed228-4d05-4a6e-b9dd-21bb0cbbd29e,Fatema Rahman,,brochure,images/new2_converted/pdf_pages/popular dhanmondi 2/page_10.pdf,0,True,Obstetrics & Gynaecology,,Obstetrics; Gynaecology,gynecologist-obstetrician,medicine-specialist,TAG_NOT_IN_TEXT,approved,Fragments resolved exactly
fcb382c0-05b7-4bc6-a265-8eac018bf432,Farhana Hossain,,brochure,images/new2_converted/pdf_pages/popular dhanmondi 2/page_16.pdf,0,True,Ophthalmology,,Ophthalmology,eye-specialist,,,approved,Fragments resolved exactly
fcf427cc-3217-4be4-8ac2-1ce6f9e3cf83,Taiyeb Ibn Jahangir,,legacy,legacy_db,0,True,Psychiatry & Mental Health,,Psychiatry; Mental Health,"mental-health, psychiatrist",medicine-specialist,TAG_NOT_IN_TEXT,approved,Fragments resolved exactly
fd0d88ab-d1c6-4782-ac36-449339b399ff,Dilruba Akhter,,brochure,images/new2_converted/pdf_pages/Ibn Sina Dhanmondi/page_03.pdf,0,True,Infertility,,Infertility,infertility-specialist,medicine-specialist,TAG_NOT_IN_TEXT,approved,Fragments resolved exactly
fd0d88ab-d1c6-4782-ac36-449339b399ff,Dilruba Akhter,,brochure,images/new2_converted/pdf_pages/Ibn Sina Dhanmondi/page_03.pdf,1,False,Gynaecology,,Gynaecology,gynecologist-obstetrician,,,approved,Fragments resolved exactly
fd0d88ab-d1c6-4782-ac36-449339b399ff,Dilruba Akhter,,brochure,images/new2_converted/pdf_pages/Ibn Sina Dhanmondi/page_03.pdf,2,False,Obstetrics,,Obstetrics,gynecologist-obstetrician,,,approved,Fragments resolved exactly
fd0d88ab-d1c6-4782-ac36-449339b399ff,Dilruba Akhter,,brochure,images/new2_converted/pdf_pages/Ibn Sina Dhanmondi/page_03.pdf,3,False,Laparoscopic Surgery,,Laparoscopic Surgery,laparoscopic-surgeon,,CREDENTIAL_MISMATCH,flagged,Qualification lacks required specialist credentials
fd4d51b8-a35e-4abd-8be6-af9e8aeb245c,Merajul Islam (Pial),,brochure,images/new2_converted/pdf_pages/radical hospitals/page_05.pdf,0,True,Orthopedics,,Orthopedics,orthopedic-surgeon,,DROPPED_KEYWORD,flagged,Claim text keyword missing from tag umbrellas
fd537199-d235-5b85-a133-e309fcb28093,Farhana Akter,,legacy,legacy_db,0,True,Dermatology & Venereology,,Dermatology; Venereology,"dermatologist, sexologist",,,approved,Fragments resolved exactly
fd670102-cf64-4821-8551-578ad21103b0,Nahida Naznin,,brochure,images/new2_converted/pdf_pages/popular dhanmondi 2/page_14.pdf,0,True,Obstetrics & Gynaecology,,Obstetrics; Gynaecology,gynecologist-obstetrician,medicine-specialist,TAG_NOT_IN_TEXT,approved,Fragments resolved exactly
fd7c3d6f-eca1-4b5e-b976-3822527102e5,Syed Abul Foez,,brochure,images/new2_converted/pdf_pages/popular dhanmondi 2/page_15.pdf,0,True,Hepatology,,Hepatology,hepatologist,,,approved,Fragments resolved exactly
fd7c3d6f-eca1-4b5e-b976-3822527102e5,Syed Abul Foez,,brochure,images/new2_converted/pdf_pages/popular dhanmondi 2/page_15.pdf,1,False,Gastroenterology,,Gastroenterology,gastroenterologist,,,approved,Fragments resolved exactly
fd7c3d6f-eca1-4b5e-b976-3822527102e5,Syed Abul Foez,,brochure,images/new2_converted/pdf_pages/popular dhanmondi 2/page_15.pdf,2,False,Medicine,,Medicine,medicine-specialist,,,approved,Fragments resolved exactly
fd968075-b0e1-4c4f-9029-e9c510eeb1d2,Md. Tito Miah,,legacy,legacy_db,0,True,"General Medicine, Rheumatology",,General Medicine; Rheumatology,"medicine-specialist, rheumatologist",,,approved,Fragments resolved exactly
fe313d11-f340-4b6c-b0fc-86b279a2b68e,Manira Yasmin,,legacy,legacy_db,0,True,"Dermatology, Venereology, Allergy, Sexual Health",,Dermatology; Venereology; Allergy; Sexual Health,"allergy-immunologist, dermatologist, sexologist",,,approved,Fragments resolved exactly
fef7c920-b933-445f-ba3d-4a6fa39af1a1,Nusrat Shams,,legacy,legacy_db,0,True,Pediatric Neurology,,Pediatric Neurology,pediatric-neurologist,,CREDENTIAL_MISMATCH,flagged,Qualification lacks required specialist credentials
ff2c9e8c-154d-47de-8d58-13df86fdd066,Shamsunnahar Lucky,,legacy,legacy_db,0,True,"Gynecology & Obstetrics, General Surgery",,Gynecology; Obstetrics; General Surgery,"general-surgeon, gynecologist-obstetrician",medicine-specialist,"CREDENTIAL_MISMATCH, TAG_NOT_IN_TEXT",flagged,Qualification lacks required specialist credentials
ff471a32-26fe-4bf5-937b-819588142905,Mohammad Khorshed Alam,,legacy,legacy_db,0,True,"General Surgery, Orthopedics",,General Surgery; Orthopedics,"general-surgeon, orthopedic-surgeon",,DROPPED_KEYWORD,flagged,Claim text keyword missing from tag umbrellas
ff4e5b58-7168-44de-810b-e7554bf619c6,Golam Chhagir (Opu),,legacy,legacy_db,0,True,"General Medicine, Neurology",,General Medicine; Neurology,"medicine-specialist, neurologist",,,approved,Fragments resolved exactly
ff5984e4-8d5d-49a2-b2c9-44b3c383f52c,Rehnuma Sadia Siddiquee,,legacy,legacy_db,0,True,General Physician,,General Physician,family-physician-gp,,,approved,Fragments resolved exactly
ff6c5458-7dbd-40bc-85d8-aca1f77fc2fc,Fahim Chowdhury (Sony),,legacy,legacy_db,0,True,Colorectal Surgery,,Colorectal Surgery,colorectal-surgeon,,CREDENTIAL_MISMATCH,flagged,Qualification lacks required specialist credentials
ffad60e0-6998-4bd9-bd68-bfe524e0cae5,Talibul Islam (Ruso),,brochure,images/new2_converted/Ibn Sina Cards/IMG_5997.jpg,0,True,Chest Diseases,,Chest Diseases,chest-specialist,,,approved,Fragments resolved exactly
ffad60e0-6998-4bd9-bd68-bfe524e0cae5,Talibul Islam (Ruso),,brochure,images/new2_converted/Ibn Sina Cards/IMG_5997.jpg,1,False,Pulmonology,,Pulmonology,chest-specialist,,,approved,Fragments resolved exactly
ffad60e0-6998-4bd9-bd68-bfe524e0cae5,Talibul Islam (Ruso),,brochure,images/new2_converted/Ibn Sina Cards/IMG_5997.jpg,2,False,Allergy,,Allergy,allergy-immunologist,,,approved,Fragments resolved exactly
ffad60e0-6998-4bd9-bd68-bfe524e0cae5,Talibul Islam (Ruso),,brochure,images/new2_converted/Ibn Sina Cards/IMG_5997.jpg,3,False,Asthma,,Asthma,chest-specialist,,,approved,Fragments resolved exactly
ffb9f6ed-9d59-45c5-abe7-9cdc18166779,Md. Ayub Ali Chowdhury,,brochure,images/new2_converted/Ibn Sina Cards/IMG_6001.jpg,0,True,Internal Medicine,,Internal Medicine,medicine-specialist,,,approved,Fragments resolved exactly
ffb9f6ed-9d59-45c5-abe7-9cdc18166779,Md. Ayub Ali Chowdhury,,brochure,images/new2_converted/Ibn Sina Cards/IMG_6001.jpg,1,False,Nephrology,,Nephrology,nephrologist,,,approved,Fragments resolved exactly
ffed3bbf-797d-4578-ba5c-93e202799ad7,Md. Ashfaq Arif,,legacy,legacy_db,0,True,"General Surgery, Vascular Surgery",,General Surgery; Vascular Surgery,"general-surgeon, vascular-surgeon",,CREDENTIAL_MISMATCH,flagged,Qualification lacks required specialist credentials
ffefd984-929b-4103-a129-eabef49a4868,A. K. M. Fazlul Haque,,brochure,images/new2_converted/IMG_5973.jpg,0,True,Colorectal Surgery,,Colorectal Surgery,colorectal-surgeon,,,approved,Fragments resolved exactly
ffefd984-929b-4103-a129-eabef49a4868,A. K. M. Fazlul Haque,,brochure,images/new2_converted/IMG_5973.jpg,1,False,General Surgery,,General Surgery,general-surgeon,,,approved,Fragments resolved exactly
